# shaker.usdz → FP++ mesh (m, ×1) — 원점 = 바닥 위 0.0650 m · x y = 둘레 중심 (scripts/ops/fpp_object.py, 손으로 고치지 않는다)
v 0.02892856 0.00000296 0.06500000
v 0.02862017 0.00421638 0.06500000
v 0.02770160 0.00833999 0.06500000
v 0.02619241 0.01228591 0.06500000
v 0.02412478 0.01597004 0.06500000
v 0.02154276 0.01931387 0.06500000
v 0.01850140 0.02224611 0.06500000
v 0.01506551 0.02470428 0.06500000
v 0.01130832 0.02663598 0.06500000
v 0.00730991 0.02800005 0.06500000
v 0.00315550 0.02876741 0.06500000
v -0.00106637 0.02892170 0.06500000
v -0.00526571 0.02845964 0.06500000
v -0.00935302 0.02739108 0.06500000
v -0.01324119 0.02573879 0.06500000
v -0.01684735 0.02353798 0.06500000
v -0.02009464 0.02083556 0.06500000
v -0.02291385 0.01768914 0.06500000
v -0.02524490 0.01416576 0.06500000
v -0.02703809 0.01034053 0.06500000
v -0.02825522 0.00629497 0.06500000
v -0.02887034 0.00211531 0.06500000
v -0.02887034 -0.00210938 0.06500000
v -0.02825522 -0.00628904 0.06500000
v -0.02703809 -0.01033460 0.06500000
v -0.02524490 -0.01415983 0.06500000
v -0.02291385 -0.01768321 0.06500000
v -0.02009464 -0.02082964 0.06500000
v -0.01684735 -0.02353205 0.06500000
v -0.01324119 -0.02573286 0.06500000
v -0.00935302 -0.02738515 0.06500000
v -0.00526571 -0.02845372 0.06500000
v -0.00106637 -0.02891578 0.06500000
v 0.00315550 -0.02876148 0.06500000
v 0.00730991 -0.02799412 0.06500000
v 0.01130832 -0.02663006 0.06500000
v 0.01506551 -0.02469835 0.06500000
v 0.01850140 -0.02224018 0.06500000
v 0.02154276 -0.01930794 0.06500000
v 0.02412478 -0.01596412 0.06500000
v 0.02619241 -0.01227998 0.06500000
v 0.02770160 -0.00833406 0.06500000
v 0.02862017 -0.00421045 0.06500000
v 0.02793060 0.00000296 0.06406387
v 0.02761853 -0.00416129 0.06406387
v 0.02668930 -0.00823252 0.06406387
v 0.02516366 -0.01211979 0.06406387
v 0.02307569 -0.01573625 0.06406387
v 0.02047204 -0.01900112 0.06406387
v 0.01741087 -0.02184148 0.06406387
v 0.01396055 -0.02419386 0.06406387
v 0.01019817 -0.02600573 0.06406387
v 0.00620776 -0.02723661 0.06406387
v 0.00207848 -0.02785900 0.06406387
v -0.00209746 -0.02785900 0.06406387
v -0.00622674 -0.02723661 0.06406387
v -0.01021715 -0.02600573 0.06406387
v -0.01397953 -0.02419386 0.06406387
v -0.01742985 -0.02184148 0.06406387
v -0.02049102 -0.01900112 0.06406387
v -0.02309467 -0.01573625 0.06406387
v -0.02518264 -0.01211979 0.06406387
v -0.02670828 -0.00823252 0.06406387
v -0.02763751 -0.00416129 0.06406387
v -0.02794958 0.00000296 0.06406387
v -0.02763751 0.00416722 0.06406387
v -0.02670828 0.00823845 0.06406387
v -0.02518264 0.01212571 0.06406387
v -0.02309467 0.01574218 0.06406387
v -0.02049102 0.01900705 0.06406387
v -0.01742985 0.02184740 0.06406387
v -0.01397953 0.02419979 0.06406387
v -0.01021715 0.02601166 0.06406387
v -0.00622674 0.02724253 0.06406387
v -0.00209746 0.02786493 0.06406387
v 0.00207848 0.02786493 0.06406387
v 0.00620776 0.02724253 0.06406387
v 0.01019817 0.02601166 0.06406387
v 0.01396055 0.02419979 0.06406387
v 0.01741087 0.02184740 0.06406387
v 0.02047204 0.01900705 0.06406387
v 0.02307569 0.01574218 0.06406387
v 0.02516366 0.01212571 0.06406387
v 0.02668930 0.00823845 0.06406387
v 0.02761853 0.00416722 0.06406387
v -0.02794958 0.00000296 0.06406387
v -0.02865070 0.00000296 0.06495493
v -0.02838062 0.00000296 0.06482378
v -0.02838062 0.00000296 0.06482378
v -0.02816165 0.00000296 0.06461837
v -0.02816165 0.00000296 0.06461837
v -0.02801352 0.00000296 0.06435722
v -0.02801352 0.00000296 0.06435722
v 0.02855531 0.00209364 0.06495493
v 0.02828596 0.00207392 0.06482378
v 0.02806757 0.00205794 0.06461837
v 0.02791983 0.00204713 0.06435722
v 0.02791983 -0.00204120 0.06435722
v 0.02806757 -0.00205201 0.06461837
v 0.02828596 -0.00206800 0.06482378
v 0.02855531 -0.00208771 0.06495493
v 0.02794650 0.00623043 0.06495493
v 0.02768289 0.00617170 0.06482378
v 0.02746915 0.00612409 0.06461837
v 0.02732456 0.00609188 0.06435722
v 0.02674186 0.01023449 0.06495493
v 0.02648960 0.01013801 0.06482378
v 0.02628508 0.01005978 0.06461837
v 0.02614672 0.01000687 0.06435722
v 0.02496706 0.01402048 0.06495493
v 0.02473154 0.01388830 0.06482378
v 0.02454058 0.01378113 0.06461837
v 0.02441140 0.01370863 0.06435722
v 0.02265993 0.01750772 0.06495493
v 0.02244616 0.01734265 0.06482378
v 0.02227284 0.01720882 0.06461837
v 0.02215560 0.01711829 0.06435722
v 0.01986964 0.02062187 0.06495493
v 0.01968218 0.02042744 0.06482378
v 0.01953020 0.02026980 0.06461837
v 0.01942738 0.02016316 0.06435722
v 0.01665565 0.02329657 0.06495493
v 0.01649851 0.02307692 0.06482378
v 0.01637109 0.02289882 0.06461837
v 0.01628490 0.02277835 0.06435722
v 0.01308648 0.02547480 0.06495493
v 0.01296299 0.02523461 0.06482378
v 0.01286287 0.02503986 0.06461837
v 0.01279514 0.02490812 0.06435722
v 0.00923820 0.02711015 0.06495493
v 0.00915099 0.02685453 0.06482378
v 0.00908029 0.02664729 0.06461837
v 0.00903246 0.02650709 0.06435722
v 0.00519281 0.02816775 0.06495493
v 0.00514375 0.02790216 0.06482378
v 0.00510398 0.02768683 0.06461837
v 0.00507707 0.02754116 0.06435722
v 0.00103654 0.02862507 0.06495493
v 0.00102668 0.02835517 0.06482378
v 0.00101868 0.02813634 0.06461837
v 0.00101327 0.02798831 0.06435722
v -0.00314201 0.02847235 0.06495493
v -0.00311248 0.02820390 0.06482378
v -0.00308853 0.02798624 0.06461837
v -0.00307232 0.02783899 0.06435722
v -0.00725381 0.02771287 0.06495493
v -0.00718550 0.02745157 0.06482378
v -0.00713011 0.02723972 0.06461837
v -0.00709264 0.02709640 0.06435722
v -0.01121120 0.02636279 0.06495493
v -0.01110557 0.02611423 0.06482378
v -0.01101993 0.02591269 0.06461837
v -0.01096200 0.02577636 0.06435722
v -0.01492985 0.02445090 0.06495493
v -0.01478916 0.02422037 0.06482378
v -0.01467509 0.02403345 0.06461837
v -0.01459792 0.02390701 0.06435722
v -0.01833050 0.02201795 0.06495493
v -0.01815774 0.02181035 0.06482378
v -0.01801767 0.02164204 0.06461837
v -0.01792291 0.02152818 0.06435722
v -0.02134067 0.01911578 0.06495493
v -0.02113952 0.01893555 0.06482378
v -0.02097643 0.01878943 0.06461837
v -0.02086611 0.01869058 0.06435722
v -0.02389620 0.01580626 0.06495493
v -0.02367095 0.01565724 0.06482378
v -0.02348833 0.01553642 0.06461837
v -0.02336479 0.01545468 0.06435722
v -0.02594262 0.01215992 0.06495493
v -0.02569808 0.01204528 0.06482378
v -0.02549981 0.01195234 0.06461837
v -0.02536569 0.01188946 0.06435722
v -0.02743633 0.00825447 0.06495493
v -0.02717770 0.00817666 0.06482378
v -0.02696801 0.00811357 0.06461837
v -0.02682616 0.00807090 0.06435722
v -0.02834548 0.00417316 0.06495493
v -0.02807828 0.00413383 0.06482378
v -0.02786164 0.00410195 0.06461837
v -0.02771509 0.00408038 0.06435722
v -0.02834548 -0.00416723 0.06495493
v -0.02807828 -0.00412791 0.06482378
v -0.02786164 -0.00409602 0.06461837
v -0.02771509 -0.00407446 0.06435722
v -0.02865070 0.00000296 0.06495493
v -0.02743633 -0.00824854 0.06495493
v -0.02717770 -0.00817073 0.06482378
v -0.02696801 -0.00810765 0.06461837
v -0.02682616 -0.00806497 0.06435722
v -0.02594262 -0.01215399 0.06495493
v -0.02569808 -0.01203935 0.06482378
v -0.02549981 -0.01194641 0.06461837
v -0.02536569 -0.01188353 0.06435722
v -0.02389620 -0.01580033 0.06495493
v -0.02367095 -0.01565131 0.06482378
v -0.02348833 -0.01553049 0.06461837
v -0.02336479 -0.01544875 0.06435722
v -0.02134067 -0.01910985 0.06495493
v -0.02113952 -0.01892963 0.06482378
v -0.02097643 -0.01878350 0.06461837
v -0.02086611 -0.01868465 0.06435722
v -0.01833050 -0.02201202 0.06495493
v -0.01815774 -0.02180443 0.06482378
v -0.01801767 -0.02163611 0.06461837
v -0.01792291 -0.02152225 0.06435722
v -0.01492985 -0.02444498 0.06495493
v -0.01478916 -0.02421444 0.06482378
v -0.01467509 -0.02402752 0.06461837
v -0.01459792 -0.02390108 0.06435722
v -0.01121120 -0.02635687 0.06495493
v -0.01110557 -0.02610830 0.06482378
v -0.01101993 -0.02590677 0.06461837
v -0.01096200 -0.02577044 0.06435722
v -0.00725381 -0.02770694 0.06495493
v -0.00718550 -0.02744565 0.06482378
v -0.00713011 -0.02723379 0.06461837
v -0.00709264 -0.02709048 0.06435722
v -0.00314201 -0.02846643 0.06495493
v -0.00311248 -0.02819797 0.06482378
v -0.00308853 -0.02798031 0.06461837
v -0.00307232 -0.02783307 0.06435722
v 0.00103654 -0.02861914 0.06495493
v 0.00102668 -0.02834924 0.06482378
v 0.00101868 -0.02813041 0.06461837
v 0.00101327 -0.02798238 0.06435722
v 0.00519281 -0.02816182 0.06495493
v 0.00514375 -0.02789623 0.06482378
v 0.00510398 -0.02768090 0.06461837
v 0.00507707 -0.02753523 0.06435722
v 0.00923820 -0.02710422 0.06495493
v 0.00915099 -0.02684860 0.06482378
v 0.00908029 -0.02664136 0.06461837
v 0.00903246 -0.02650116 0.06435722
v 0.01308648 -0.02546887 0.06495493
v 0.01296299 -0.02522868 0.06482378
v 0.01286287 -0.02503394 0.06461837
v 0.01279514 -0.02490220 0.06435722
v 0.01665565 -0.02329064 0.06495493
v 0.01649851 -0.02307099 0.06482378
v 0.01637109 -0.02289290 0.06461837
v 0.01628490 -0.02277242 0.06435722
v 0.01986964 -0.02061594 0.06495493
v 0.01968218 -0.02042151 0.06482378
v 0.01953020 -0.02026387 0.06461837
v 0.01942738 -0.02015723 0.06435722
v 0.02265993 -0.01750179 0.06495493
v 0.02244616 -0.01733673 0.06482378
v 0.02227284 -0.01720290 0.06461837
v 0.02215560 -0.01711236 0.06435722
v 0.02496706 -0.01401456 0.06495493
v 0.02473154 -0.01388237 0.06482378
v 0.02454058 -0.01377521 0.06461837
v 0.02441140 -0.01370271 0.06435722
v 0.02674186 -0.01022856 0.06495493
v 0.02648960 -0.01013208 0.06482378
v 0.02628508 -0.01005386 0.06461837
v 0.02614672 -0.01000094 0.06435722
v 0.02794650 -0.00622450 0.06495493
v 0.02768289 -0.00616578 0.06482378
v 0.02746915 -0.00611817 0.06461837
v 0.02732456 -0.00608596 0.06435722
v -0.02887034 0.00211531 0.06500000
v 0.03404354 0.00000296 0.06500000
v 0.03387903 0.00334052 0.06500000
v 0.03338870 0.00664602 0.06500000
v 0.03257734 0.00988765 0.06500000
v 0.03145053 0.01303348 0.06500000
v 0.03002073 0.01605382 0.06500000
v 0.02830343 0.01892054 0.06500000
v 0.02631410 0.02160555 0.06500000
v 0.02406945 0.02408116 0.06500000
v 0.02159272 0.02632455 0.06500000
v 0.01890900 0.02831575 0.06500000
v 0.01604339 0.03003482 0.06500000
v 0.01302207 0.03146257 0.06500000
v 0.00987523 0.03258700 0.06500000
v 0.00663378 0.03339954 0.06500000
v 0.00332862 0.03389168 0.06500000
v -0.00000904 0.03405539 0.06500000
v -0.00334661 0.03388988 0.06500000
v -0.00665224 0.03339963 0.06500000
v -0.00989414 0.03258928 0.06500000
v -0.01304045 0.03146360 0.06500000
v -0.01606024 0.03003289 0.06500000
v -0.01892613 0.02831416 0.06500000
v -0.02161115 0.02632482 0.06500000
v -0.02408834 0.02408230 0.06500000
v -0.02633152 0.02160562 0.06500000
v -0.02832080 0.01892056 0.06500000
v -0.03003921 0.01605442 0.06500000
v -0.03146976 0.01303452 0.06500000
v -0.03259579 0.00988839 0.06500000
v -0.03340668 0.00664652 0.06500000
v -0.03389723 0.00334085 0.06500000
v -0.03406241 0.00000324 0.06500000
v -0.03389731 -0.00333410 0.06500000
v -0.03340409 -0.00663890 0.06500000
v -0.03259128 -0.00988023 0.06500000
v -0.03146752 -0.01302725 0.06500000
v -0.03004148 -0.01604910 0.06500000
v -0.02832316 -0.01891511 0.06500000
v -0.02633129 -0.02159822 0.06500000
v -0.02408727 -0.02407444 0.06500000
v -0.02161242 -0.02631984 0.06500000
v -0.01892835 -0.02831048 0.06500000
v -0.01606105 -0.03002644 0.06500000
v -0.01303983 -0.03145446 0.06500000
v -0.00989406 -0.03258179 0.06500000
v -0.00665309 -0.03339566 0.06500000
v -0.00334738 -0.03388482 0.06500000
v -0.00000968 -0.03404702 0.06500000
v 0.00332803 -0.03388340 0.06500000
v 0.00663376 -0.03339509 0.06500000
v 0.00987539 -0.03258342 0.06500000
v 0.01302087 -0.03145553 0.06500000
v 0.01604130 -0.03002582 0.06500000
v 0.01890830 -0.02830912 0.06500000
v 0.02159347 -0.02632028 0.06500000
v 0.02406882 -0.02407550 0.06500000
v 0.02631162 -0.02159828 0.06500000
v 0.02830249 -0.01891426 0.06500000
v 0.03002207 -0.01604907 0.06500000
v 0.03145108 -0.01302850 0.06500000
v 0.03257496 -0.00988158 0.06500000
v 0.03338625 -0.00663977 0.06500000
v 0.03387807 -0.00333445 0.06500000
v 0.02892856 0.00000296 0.06500000
v 0.02862017 -0.00421045 0.06500000
v 0.02770160 -0.00833406 0.06500000
v 0.02619241 -0.01227998 0.06500000
v 0.02412478 -0.01596412 0.06500000
v 0.02154276 -0.01930794 0.06500000
v 0.01850140 -0.02224018 0.06500000
v 0.01506551 -0.02469835 0.06500000
v 0.01130832 -0.02663006 0.06500000
v 0.00730991 -0.02799412 0.06500000
v 0.00315550 -0.02876148 0.06500000
v -0.00106637 -0.02891578 0.06500000
v -0.00526571 -0.02845372 0.06500000
v -0.00935302 -0.02738515 0.06500000
v -0.01324119 -0.02573286 0.06500000
v -0.01684735 -0.02353205 0.06500000
v -0.02009464 -0.02082964 0.06500000
v -0.02291385 -0.01768321 0.06500000
v -0.02524490 -0.01415983 0.06500000
v -0.02703809 -0.01033460 0.06500000
v -0.02825522 -0.00628904 0.06500000
v -0.02887034 -0.00210938 0.06500000
v -0.02887034 0.00211531 0.06500000
v -0.02825522 0.00629497 0.06500000
v -0.02703809 0.01034053 0.06500000
v -0.02524490 0.01416576 0.06500000
v -0.02291385 0.01768914 0.06500000
v -0.02009464 0.02083556 0.06500000
v -0.01684735 0.02353798 0.06500000
v -0.01324119 0.02573879 0.06500000
v -0.00935302 0.02739108 0.06500000
v -0.00526571 0.02845964 0.06500000
v -0.00106637 0.02892170 0.06500000
v 0.00315550 0.02876741 0.06500000
v 0.00730991 0.02800005 0.06500000
v 0.01130832 0.02663598 0.06500000
v 0.01506551 0.02470428 0.06500000
v 0.01850140 0.02224611 0.06500000
v 0.02154276 0.01931387 0.06500000
v 0.02412478 0.01597004 0.06500000
v 0.02619241 0.01228591 0.06500000
v 0.02770160 0.00833999 0.06500000
v 0.02862017 0.00421638 0.06500000
v 0.01999051 0.00000296 -0.06000000
v 0.01968666 -0.00347000 -0.06000000
v 0.01878436 -0.00683744 -0.06000000
v 0.01731102 -0.00999704 -0.06000000
v 0.01531140 -0.01285279 -0.06000000
v 0.01284626 -0.01531793 -0.06000000
v 0.00999051 -0.01731754 -0.06000000
v 0.00683091 -0.01879089 -0.06000000
v 0.00346347 -0.01969319 -0.06000000
v -0.00000949 -0.01999704 -0.06000000
v -0.00348245 -0.01969319 -0.06000000
v -0.00684989 -0.01879089 -0.06000000
v -0.01000949 -0.01731754 -0.06000000
v -0.01286524 -0.01531793 -0.06000000
v -0.01533038 -0.01285279 -0.06000000
v -0.01733000 -0.00999704 -0.06000000
v -0.01880334 -0.00683744 -0.06000000
v -0.01970564 -0.00347000 -0.06000000
v -0.02000949 0.00000296 -0.06000000
v -0.01970564 0.00347593 -0.06000000
v -0.01880334 0.00684337 -0.06000000
v -0.01733000 0.01000296 -0.06000000
v -0.01533038 0.01285872 -0.06000000
v -0.01286524 0.01532385 -0.06000000
v -0.01000949 0.01732347 -0.06000000
v -0.00684989 0.01879682 -0.06000000
v -0.00348245 0.01969912 -0.06000000
v -0.00000949 0.02000296 -0.06000000
v 0.00346347 0.01969912 -0.06000000
v 0.00683091 0.01879682 -0.06000000
v 0.00999051 0.01732347 -0.06000000
v 0.01284626 0.01532385 -0.06000000
v 0.01531140 0.01285872 -0.06000000
v 0.01731102 0.01000296 -0.06000000
v 0.01878436 0.00684337 -0.06000000
v 0.01968666 0.00347593 -0.06000000
v 0.02793060 0.00000296 0.06406387
v 0.02761853 0.00416722 0.06406387
v 0.02668930 0.00823845 0.06406387
v 0.02516366 0.01212571 0.06406387
v 0.02307569 0.01574218 0.06406387
v 0.02047204 0.01900705 0.06406387
v 0.01741087 0.02184740 0.06406387
v 0.01396055 0.02419979 0.06406387
v 0.01019817 0.02601166 0.06406387
v 0.00620776 0.02724253 0.06406387
v 0.00207848 0.02786493 0.06406387
v -0.00209746 0.02786493 0.06406387
v -0.00622674 0.02724253 0.06406387
v -0.01021715 0.02601166 0.06406387
v -0.01397953 0.02419979 0.06406387
v -0.01742985 0.02184740 0.06406387
v -0.02049102 0.01900705 0.06406387
v -0.02309467 0.01574218 0.06406387
v -0.02518264 0.01212571 0.06406387
v -0.02670828 0.00823845 0.06406387
v -0.02763751 0.00416722 0.06406387
v -0.02794958 0.00000296 0.06406387
v -0.02763751 -0.00416129 0.06406387
v -0.02670828 -0.00823252 0.06406387
v -0.02518264 -0.01211979 0.06406387
v -0.02309467 -0.01573625 0.06406387
v -0.02049102 -0.01900112 0.06406387
v -0.01742985 -0.02184148 0.06406387
v -0.01397953 -0.02419386 0.06406387
v -0.01021715 -0.02600573 0.06406387
v -0.00622674 -0.02723661 0.06406387
v -0.00209746 -0.02785900 0.06406387
v 0.00207848 -0.02785900 0.06406387
v 0.00620776 -0.02723661 0.06406387
v 0.01019817 -0.02600573 0.06406387
v 0.01396055 -0.02419386 0.06406387
v 0.01741087 -0.02184148 0.06406387
v 0.02047204 -0.01900112 0.06406387
v 0.02307569 -0.01573625 0.06406387
v 0.02516366 -0.01211979 0.06406387
v 0.02668930 -0.00823252 0.06406387
v 0.02761853 -0.00416129 0.06406387
v -0.02794958 0.00000296 0.06406387
v -0.02000949 0.00000296 -0.06000000
v 0.03404354 0.00000296 0.06500000
v 0.03434254 0.00000296 0.06495425
v 0.03461418 0.00000296 0.06482120
v 0.03483361 0.00000296 0.06461302
v 0.03498076 0.00000296 0.06434875
v 0.03504216 0.00000296 0.06405257
v 0.03487282 0.00343840 0.06405257
v 0.03436811 0.00684082 0.06405257
v 0.03353296 0.01017752 0.06405257
v 0.03237311 0.01341561 0.06405257
v 0.03090138 0.01652451 0.06405257
v 0.02913371 0.01947531 0.06405257
v 0.02708604 0.02223906 0.06405257
v 0.02477558 0.02478726 0.06405257
v 0.02222621 0.02709644 0.06405257
v 0.01946379 0.02914603 0.06405257
v 0.01651415 0.03091551 0.06405257
v 0.01340422 0.03238514 0.06405257
v 0.01016510 0.03354254 0.06405257
v 0.00682860 0.03437891 0.06405257
v 0.00342651 0.03488548 0.06405257
v -0.00000903 0.03505399 0.06405257
v -0.00344448 0.03488362 0.06405257
v -0.00684704 0.03437900 0.06405257
v -0.01018401 0.03354488 0.06405257
v -0.01342259 0.03238620 0.06405257
v -0.01653094 0.03091353 0.06405257
v -0.01948087 0.02914439 0.06405257
v -0.02224463 0.02709672 0.06405257
v -0.02479447 0.02478844 0.06405257
v -0.02710343 0.02223913 0.06405257
v -0.02915105 0.01947532 0.06405257
v -0.03091984 0.01652514 0.06405257
v -0.03239234 0.01341668 0.06405257
v -0.03355139 0.01017829 0.06405257
v -0.03438606 0.00684134 0.06405257
v -0.03489100 0.00343873 0.06405257
v -0.03506102 0.00000325 0.06405257
v -0.03489108 -0.00343197 0.06405257
v -0.03438340 -0.00683367 0.06405257
v -0.03354675 -0.01017006 0.06405257
v -0.03239004 -0.01340937 0.06405257
v -0.03092218 -0.01651984 0.06405257
v -0.02915347 -0.01946989 0.06405257
v -0.02710319 -0.02223169 0.06405257
v -0.02479336 -0.02478052 0.06405257
v -0.02224594 -0.02709177 0.06405257
v -0.01948315 -0.02914078 0.06405257
v -0.01653177 -0.03090706 0.06405257
v -0.01342195 -0.03237696 0.06405257
v -0.01018393 -0.03353735 0.06405257
v -0.00684791 -0.03437509 0.06405257
v -0.00344527 -0.03487859 0.06405257
v -0.00000968 -0.03504555 0.06405257
v 0.00342591 -0.03487713 0.06405257
v 0.00682858 -0.03437450 0.06405257
v 0.01016526 -0.03353902 0.06405257
v 0.01340299 -0.03237806 0.06405257
v 0.01651200 -0.03090642 0.06405257
v 0.01946307 -0.02913938 0.06405257
v 0.02222699 -0.02709222 0.06405257
v 0.02477492 -0.02478161 0.06405257
v 0.02708350 -0.02223174 0.06405257
v 0.02913275 -0.01946902 0.06405257
v 0.03090276 -0.01651980 0.06405257
v 0.03237367 -0.01341065 0.06405257
v 0.03353051 -0.01017145 0.06405257
v 0.03436559 -0.00683457 0.06405257
v 0.03487184 -0.00343232 0.06405257
v 0.03504216 0.00000296 0.06405257
v 0.03498076 0.00000296 0.06434875
v 0.03483361 0.00000296 0.06461302
v 0.03461418 0.00000296 0.06482120
v 0.03434254 0.00000296 0.06495425
v 0.03404354 0.00000296 0.06500000
v 0.03387807 -0.00333445 0.06500000
v 0.03338625 -0.00663977 0.06500000
v 0.03257496 -0.00988158 0.06500000
v 0.03145108 -0.01302850 0.06500000
v 0.03002207 -0.01604907 0.06500000
v 0.02830249 -0.01891426 0.06500000
v 0.02631162 -0.02159828 0.06500000
v 0.02406882 -0.02407550 0.06500000
v 0.02159347 -0.02632028 0.06500000
v 0.01890830 -0.02830912 0.06500000
v 0.01604130 -0.03002582 0.06500000
v 0.01302087 -0.03145553 0.06500000
v 0.00987539 -0.03258342 0.06500000
v 0.00663376 -0.03339509 0.06500000
v 0.00332803 -0.03388340 0.06500000
v -0.00000968 -0.03404702 0.06500000
v -0.00334738 -0.03388482 0.06500000
v -0.00665309 -0.03339566 0.06500000
v -0.00989406 -0.03258179 0.06500000
v -0.01303983 -0.03145446 0.06500000
v -0.01606105 -0.03002644 0.06500000
v -0.01892835 -0.02831048 0.06500000
v -0.02161242 -0.02631984 0.06500000
v -0.02408727 -0.02407444 0.06500000
v -0.02633129 -0.02159822 0.06500000
v -0.02832316 -0.01891511 0.06500000
v -0.03004148 -0.01604910 0.06500000
v -0.03146752 -0.01302725 0.06500000
v -0.03259128 -0.00988023 0.06500000
v -0.03340409 -0.00663890 0.06500000
v -0.03389731 -0.00333410 0.06500000
v -0.03406241 0.00000324 0.06500000
v -0.03389723 0.00334085 0.06500000
v -0.03340668 0.00664652 0.06500000
v -0.03259579 0.00988839 0.06500000
v -0.03146976 0.01303452 0.06500000
v -0.03003921 0.01605442 0.06500000
v -0.02832080 0.01892056 0.06500000
v -0.02633152 0.02160562 0.06500000
v -0.02408834 0.02408230 0.06500000
v -0.02161115 0.02632482 0.06500000
v -0.01892613 0.02831416 0.06500000
v -0.01606024 0.03003289 0.06500000
v -0.01304045 0.03146360 0.06500000
v -0.00989414 0.03258928 0.06500000
v -0.00665224 0.03339963 0.06500000
v -0.00334661 0.03388988 0.06500000
v -0.00000904 0.03405539 0.06500000
v 0.00332862 0.03389168 0.06500000
v 0.00663378 0.03339954 0.06500000
v 0.00987523 0.03258700 0.06500000
v 0.01302207 0.03146257 0.06500000
v 0.01604339 0.03003482 0.06500000
v 0.01890900 0.02831575 0.06500000
v 0.02159272 0.02632455 0.06500000
v 0.02406945 0.02408116 0.06500000
v 0.02631410 0.02160555 0.06500000
v 0.02830343 0.01892054 0.06500000
v 0.03002073 0.01605382 0.06500000
v 0.03145053 0.01303348 0.06500000
v 0.03257734 0.00988765 0.06500000
v 0.03338870 0.00664602 0.06500000
v 0.03387903 0.00334052 0.06500000
v 0.03489174 0.00274960 0.06429098
v 0.03481881 0.00274387 0.06446855
v 0.03471326 0.00273556 0.06462871
v 0.03457905 0.00272500 0.06476573
v 0.03442139 0.00271259 0.06487466
v 0.03431230 0.00270400 0.06492680
v 0.03412615 0.00268935 0.06498190
v 0.03456838 0.00547933 0.06429098
v 0.03449612 0.00546789 0.06446855
v 0.03439155 0.00545132 0.06462871
v 0.03425858 0.00543027 0.06476573
v 0.03410239 0.00540553 0.06487466
v 0.03399430 0.00538841 0.06492680
v 0.03380987 0.00535920 0.06498190
v 0.03403252 0.00817540 0.06429098
v 0.03396139 0.00815833 0.06446855
v 0.03385843 0.00813361 0.06462871
v 0.03372753 0.00810219 0.06476573
v 0.03357375 0.00806527 0.06487466
v 0.03346735 0.00803972 0.06492680
v 0.03328577 0.00799613 0.06498190
v 0.03328669 0.01082108 0.06429098
v 0.03321712 0.01079848 0.06446855
v 0.03311642 0.01076576 0.06462871
v 0.03298839 0.01072416 0.06476573
v 0.03283798 0.01067529 0.06487466
v 0.03273390 0.01064148 0.06492680
v 0.03255631 0.01058378 0.06498190
v 0.03162478 0.01310557 0.06498190
v 0.03179729 0.01317702 0.06492680
v 0.03189839 0.01321890 0.06487466
v 0.03204450 0.01327941 0.06476573
v 0.03216886 0.01333093 0.06462871
v 0.03226669 0.01337144 0.06446855
v 0.03233427 0.01339944 0.06429098
v 0.03118243 0.01589536 0.06429098
v 0.03111725 0.01586215 0.06446855
v 0.03102291 0.01581409 0.06462871
v 0.03090297 0.01575298 0.06476573
v 0.03076207 0.01568118 0.06487466
v 0.03066457 0.01563151 0.06492680
v 0.03049820 0.01554674 0.06498190
v 0.02983940 0.01829384 0.06429098
v 0.02977703 0.01825562 0.06446855
v 0.02968676 0.01820030 0.06462871
v 0.02957198 0.01812997 0.06476573
v 0.02943714 0.01804734 0.06487466
v 0.02934384 0.01799017 0.06492680
v 0.02918464 0.01789261 0.06498190
v 0.02831332 0.02058015 0.06429098
v 0.02825414 0.02053715 0.06446855
v 0.02816848 0.02047492 0.06462871
v 0.02805957 0.02039579 0.06476573
v 0.02793163 0.02030284 0.06487466
v 0.02784310 0.02023852 0.06492680
v 0.02769203 0.02012877 0.06498190
v 0.02661233 0.02273949 0.06429098
v 0.02655670 0.02269198 0.06446855
v 0.02647618 0.02262322 0.06462871
v 0.02637381 0.02253579 0.06476573
v 0.02625356 0.02243308 0.06487466
v 0.02617034 0.02236201 0.06492680
v 0.02602835 0.02224074 0.06498190
v 0.02420282 0.02421448 0.06498190
v 0.02433486 0.02434651 0.06492680
v 0.02441224 0.02442389 0.06487466
v 0.02452407 0.02453571 0.06476573
v 0.02461925 0.02463090 0.06462871
v 0.02469413 0.02470577 0.06446855
v 0.02474585 0.02475749 0.06429098
v 0.02272663 0.02662273 0.06429098
v 0.02267913 0.02656710 0.06446855
v 0.02261036 0.02648659 0.06462871
v 0.02252293 0.02638423 0.06476573
v 0.02242023 0.02626398 0.06487466
v 0.02234916 0.02618078 0.06492680
v 0.02222789 0.02603879 0.06498190
v 0.02056795 0.02832463 0.06429098
v 0.02052495 0.02826545 0.06446855
v 0.02046271 0.02817979 0.06462871
v 0.02038359 0.02807089 0.06476573
v 0.02029063 0.02794295 0.06487466
v 0.02022631 0.02785442 0.06492680
v 0.02011656 0.02770336 0.06498190
v 0.01828297 0.02985272 0.06429098
v 0.01824475 0.02979035 0.06446855
v 0.01818943 0.02970007 0.06462871
v 0.01811909 0.02958529 0.06476573
v 0.01803645 0.02945045 0.06487466
v 0.01797928 0.02935714 0.06492680
v 0.01788171 0.02919793 0.06498190
v 0.01588493 0.03119650 0.06429098
v 0.01585172 0.03113132 0.06446855
v 0.01580365 0.03103698 0.06462871
v 0.01574253 0.03091703 0.06476573
v 0.01567073 0.03077612 0.06487466
v 0.01562105 0.03067862 0.06492680
v 0.01553627 0.03051224 0.06498190
v 0.01309429 0.03163677 0.06498190
v 0.01316575 0.03180928 0.06492680
v 0.01320763 0.03191038 0.06487466
v 0.01326815 0.03205648 0.06476573
v 0.01331966 0.03218085 0.06462871
v 0.01336018 0.03227867 0.06446855
v 0.01338818 0.03234625 0.06429098
v 0.01080874 0.03329645 0.06429098
v 0.01078613 0.03322688 0.06446855
v 0.01075341 0.03312619 0.06462871
v 0.01071181 0.03299817 0.06476573
v 0.01066294 0.03284777 0.06487466
v 0.01062913 0.03274370 0.06492680
v 0.01057143 0.03256613 0.06498190
v 0.00816303 0.03404254 0.06429098
v 0.00814595 0.03397142 0.06446855
v 0.00812124 0.03386847 0.06462871
v 0.00808981 0.03373758 0.06476573
v 0.00805289 0.03358381 0.06487466
v 0.00802735 0.03347741 0.06492680
v 0.00798376 0.03329585 0.06498190
v 0.00546727 0.03458006 0.06429098
v 0.00545583 0.03450781 0.06446855
v 0.00543926 0.03440323 0.06462871
v 0.00541820 0.03427027 0.06476573
v 0.00539346 0.03411408 0.06487466
v 0.00537634 0.03400600 0.06492680
v 0.00534713 0.03382157 0.06498190
v 0.00273772 0.03490451 0.06429098
v 0.00273198 0.03483158 0.06446855
v 0.00272367 0.03472602 0.06462871
v 0.00271311 0.03459182 0.06476573
v 0.00270070 0.03443415 0.06487466
v 0.00269211 0.03432506 0.06492680
v 0.00267746 0.03413890 0.06498190
v -0.00000901 0.03424397 0.06498190
v -0.00000900 0.03443070 0.06492680
v -0.00000900 0.03454013 0.06487466
v -0.00000900 0.03469827 0.06476573
v -0.00000900 0.03483289 0.06462871
v -0.00000900 0.03493877 0.06446855
v -0.00000900 0.03501193 0.06429098
v -0.00275567 0.03490265 0.06429098
v -0.00274993 0.03482973 0.06446855
v -0.00274163 0.03472418 0.06462871
v -0.00273107 0.03458998 0.06476573
v -0.00271866 0.03443233 0.06487466
v -0.00271008 0.03432324 0.06492680
v -0.00269543 0.03413709 0.06498190
v -0.00548547 0.03457911 0.06429098
v -0.00547403 0.03450686 0.06446855
v -0.00545747 0.03440228 0.06462871
v -0.00543641 0.03426933 0.06476573
v -0.00541168 0.03411314 0.06487466
v -0.00539456 0.03400506 0.06492680
v -0.00536535 0.03382064 0.06498190
v -0.00818171 0.03404372 0.06429098
v -0.00816463 0.03397259 0.06446855
v -0.00813992 0.03386964 0.06462871
v -0.00810849 0.03373874 0.06476573
v -0.00807158 0.03358497 0.06487466
v -0.00804603 0.03347857 0.06492680
v -0.00800244 0.03329700 0.06498190
v -0.01082766 0.03329893 0.06429098
v -0.01080506 0.03322936 0.06446855
v -0.01077234 0.03312866 0.06462871
v -0.01073074 0.03300063 0.06476573
v -0.01068187 0.03285022 0.06487466
v -0.01064806 0.03274614 0.06492680
v -0.01059035 0.03256855 0.06498190
v -0.01311258 0.03163784 0.06498190
v -0.01318404 0.03181036 0.06492680
v -0.01322591 0.03191146 0.06487466
v -0.01328643 0.03205757 0.06476573
v -0.01333795 0.03218194 0.06462871
v -0.01337847 0.03227976 0.06446855
v -0.01340646 0.03234735 0.06429098
v -0.01590196 0.03119488 0.06429098
v -0.01586875 0.03112970 0.06446855
v -0.01582068 0.03103536 0.06462871
v -0.01575957 0.03091542 0.06476573
v -0.01568778 0.03077452 0.06487466
v -0.01563810 0.03067702 0.06492680
v -0.01555334 0.03051065 0.06498190
v -0.01829970 0.02985061 0.06429098
v -0.01826149 0.02978824 0.06446855
v -0.01820617 0.02969797 0.06462871
v -0.01813584 0.02958320 0.06476573
v -0.01805321 0.02944837 0.06487466
v -0.01799604 0.02935507 0.06492680
v -0.01789849 0.02919587 0.06498190
v -0.02058554 0.02832371 0.06429098
v -0.02054255 0.02826454 0.06446855
v -0.02048032 0.02817888 0.06462871
v -0.02040120 0.02806998 0.06476573
v -0.02030825 0.02794205 0.06487466
v -0.02024393 0.02785353 0.06492680
v -0.02013418 0.02770247 0.06498190
v -0.02274528 0.02662335 0.06429098
v -0.02269777 0.02656773 0.06446855
v -0.02262901 0.02648721 0.06462871
v -0.02254158 0.02638485 0.06476573
v -0.02243888 0.02626460 0.06487466
v -0.02236781 0.02618139 0.06492680
v -0.02224655 0.02603940 0.06498190
v -0.02422169 0.02421565 0.06498190
v -0.02435373 0.02434769 0.06492680
v -0.02443111 0.02442507 0.06487466
v -0.02454294 0.02453690 0.06476573
v -0.02463813 0.02463209 0.06462871
v -0.02471300 0.02470696 0.06446855
v -0.02476472 0.02475869 0.06429098
v -0.02662999 0.02273973 0.06429098
v -0.02657437 0.02269222 0.06446855
v -0.02649386 0.02262346 0.06462871
v -0.02639150 0.02253603 0.06476573
v -0.02627124 0.02243332 0.06487466
v -0.02618803 0.02236225 0.06492680
v -0.02604605 0.02224097 0.06498190
v -0.02833045 0.02058006 0.06429098
v -0.02827127 0.02053706 0.06446855
v -0.02818561 0.02047483 0.06462871
v -0.02807671 0.02039571 0.06476573
v -0.02794878 0.02030275 0.06487466
v -0.02786025 0.02023843 0.06492680
v -0.02770920 0.02012868 0.06498190
v -0.02985713 0.01829406 0.06429098
v -0.02979477 0.01825584 0.06446855
v -0.02970449 0.01820052 0.06462871
v -0.02958972 0.01813019 0.06476573
v -0.02945489 0.01804756 0.06487466
v -0.02936159 0.01799039 0.06492680
v -0.02920240 0.01789283 0.06498190
v -0.03120112 0.01589611 0.06429098
v -0.03113595 0.01586290 0.06446855
v -0.03104161 0.01581483 0.06462871
v -0.03092167 0.01575372 0.06476573
v -0.03078077 0.01568193 0.06487466
v -0.03068327 0.01563225 0.06492680
v -0.03051690 0.01554748 0.06498190
v -0.03330534 0.01082191 0.06429098
v -0.03323576 0.01079930 0.06446855
v -0.03313506 0.01076658 0.06462871
v -0.03300703 0.01072498 0.06476573
v -0.03285662 0.01067611 0.06487466
v -0.03275255 0.01064229 0.06492680
v -0.03257496 0.01058458 0.06498190
v -0.03164400 0.01310665 0.06498190
v -0.03181651 0.01317811 0.06492680
v -0.03191761 0.01321998 0.06487466
v -0.03206372 0.01328050 0.06476573
v -0.03218809 0.01333202 0.06462871
v -0.03228591 0.01337254 0.06446855
v -0.03235350 0.01340054 0.06429098
v -0.03405057 0.00817602 0.06429098
v -0.03397944 0.00815894 0.06446855
v -0.03387648 0.00813422 0.06462871
v -0.03374559 0.00810279 0.06476573
v -0.03359181 0.00806587 0.06487466
v -0.03348541 0.00804033 0.06492680
v -0.03330384 0.00799673 0.06498190
v -0.03458635 0.00547976 0.06429098
v -0.03451410 0.00546832 0.06446855
v -0.03440952 0.00545176 0.06462871
v -0.03427657 0.00543070 0.06476573
v -0.03412037 0.00540596 0.06487466
v -0.03401229 0.00538884 0.06492680
v -0.03382787 0.00535962 0.06498190
v -0.03491003 0.00274992 0.06429098
v -0.03483710 0.00274418 0.06446855
v -0.03473155 0.00273587 0.06462871
v -0.03459735 0.00272531 0.06476573
v -0.03443969 0.00271290 0.06487466
v -0.03433060 0.00270431 0.06492680
v -0.03414445 0.00268966 0.06498190
v -0.03425099 0.00000323 0.06498190
v -0.03443772 0.00000323 0.06492680
v -0.03454715 0.00000323 0.06487466
v -0.03470530 0.00000324 0.06476573
v -0.03483992 0.00000324 0.06462871
v -0.03494580 0.00000324 0.06446855
v -0.03501896 0.00000324 0.06429098
v -0.03491042 -0.00274328 0.06429098
v -0.03483749 -0.00273754 0.06446855
v -0.03473194 -0.00272924 0.06462871
v -0.03459773 -0.00271868 0.06476573
v -0.03444008 -0.00270627 0.06487466
v -0.03433098 -0.00269769 0.06492680
v -0.03414483 -0.00268304 0.06498190
v -0.03458490 -0.00547247 0.06429098
v -0.03451266 -0.00546103 0.06446855
v -0.03440809 -0.00544447 0.06462871
v -0.03427513 -0.00542342 0.06476573
v -0.03411895 -0.00539868 0.06487466
v -0.03401087 -0.00538157 0.06492680
v -0.03382646 -0.00535236 0.06498190
v -0.03404682 -0.00816803 0.06429098
v -0.03397570 -0.00815095 0.06446855
v -0.03387275 -0.00812624 0.06462871
v -0.03374187 -0.00809482 0.06476573
v -0.03358811 -0.00805791 0.06487466
v -0.03348172 -0.00803237 0.06492680
v -0.03330017 -0.00798879 0.06498190
v -0.03330072 -0.01081371 0.06429098
v -0.03323116 -0.01079111 0.06446855
v -0.03313047 -0.01075839 0.06462871
v -0.03300246 -0.01071680 0.06476573
v -0.03285207 -0.01066794 0.06487466
v -0.03274801 -0.01063413 0.06492680
v -0.03257044 -0.01057643 0.06498190
v -0.03120273 -0.01589048 0.06429098
v -0.03113755 -0.01585727 0.06446855
v -0.03104321 -0.01580920 0.06462871
v -0.03092327 -0.01574808 0.06476573
v -0.03078236 -0.01567629 0.06487466
v -0.03068485 -0.01562661 0.06492680
v -0.03051848 -0.01554184 0.06498190
v -0.03164168 -0.01309953 0.06498190
v -0.03181418 -0.01317098 0.06492680
v -0.03191527 -0.01321286 0.06487466
v -0.03206137 -0.01327337 0.06476573
v -0.03218573 -0.01332489 0.06462871
v -0.03228355 -0.01336540 0.06446855
v -0.03235112 -0.01339339 0.06429098
v -0.02986012 -0.01828908 0.06429098
v -0.02979775 -0.01825086 0.06446855
v -0.02970747 -0.01819553 0.06462871
v -0.02959269 -0.01812519 0.06476573
v -0.02945784 -0.01804256 0.06487466
v -0.02936454 -0.01798539 0.06492680
v -0.02920532 -0.01788782 0.06498190
v -0.02833187 -0.02057386 0.06429098
v -0.02827269 -0.02053087 0.06446855
v -0.02818704 -0.02046863 0.06462871
v -0.02807813 -0.02038951 0.06476573
v -0.02795019 -0.02029656 0.06487466
v -0.02786166 -0.02023224 0.06492680
v -0.02771059 -0.02012249 0.06498190
v -0.02662930 -0.02273196 0.06429098
v -0.02657367 -0.02268445 0.06446855
v -0.02649316 -0.02261569 0.06462871
v -0.02639080 -0.02252827 0.06476573
v -0.02627055 -0.02242557 0.06487466
v -0.02618735 -0.02235451 0.06492680
v -0.02604536 -0.02223325 0.06498190
v -0.02274605 -0.02661772 0.06429098
v -0.02269854 -0.02656210 0.06446855
v -0.02262978 -0.02648158 0.06462871
v -0.02254235 -0.02637922 0.06476573
v -0.02243964 -0.02625897 0.06487466
v -0.02236858 -0.02617576 0.06492680
v -0.02224730 -0.02603377 0.06498190
v -0.02422064 -0.02420774 0.06498190
v -0.02435268 -0.02433978 0.06492680
v -0.02443005 -0.02441715 0.06487466
v -0.02454187 -0.02452897 0.06476573
v -0.02463706 -0.02462415 0.06462871
v -0.02471192 -0.02469902 0.06446855
v -0.02476365 -0.02475074 0.06429098
v -0.02058785 -0.02832019 0.06429098
v -0.02054485 -0.02826100 0.06446855
v -0.02048261 -0.02817534 0.06462871
v -0.02040348 -0.02806643 0.06476573
v -0.02031052 -0.02793849 0.06487466
v -0.02024620 -0.02784996 0.06492680
v -0.02013644 -0.02769889 0.06498190
v -0.01830156 -0.02984615 0.06429098
v -0.01826334 -0.02978378 0.06446855
v -0.01820801 -0.02969350 0.06462871
v -0.01813768 -0.02957873 0.06476573
v -0.01805505 -0.02944389 0.06487466
v -0.01799787 -0.02935059 0.06492680
v -0.01790030 -0.02919138 0.06498190
v -0.01590241 -0.03118769 0.06429098
v -0.01586920 -0.03112252 0.06446855
v -0.01582114 -0.03102818 0.06462871
v -0.01576002 -0.03090825 0.06476573
v -0.01568823 -0.03076735 0.06487466
v -0.01563855 -0.03066986 0.06492680
v -0.01555379 -0.03050349 0.06498190
v -0.01082734 -0.03329066 0.06429098
v -0.01080474 -0.03322109 0.06446855
v -0.01077202 -0.03312039 0.06462871
v -0.01073042 -0.03299237 0.06476573
v -0.01068156 -0.03284197 0.06487466
v -0.01064774 -0.03273791 0.06492680
v -0.01059004 -0.03256033 0.06498190
v -0.01311205 -0.03162864 0.06498190
v -0.01318350 -0.03180114 0.06492680
v -0.01322537 -0.03190223 0.06487466
v -0.01328589 -0.03204833 0.06476573
v -0.01333740 -0.03217269 0.06462871
v -0.01337792 -0.03227050 0.06446855
v -0.01340591 -0.03233808 0.06429098
v -0.00818232 -0.03403865 0.06429098
v -0.00816525 -0.03396752 0.06446855
v -0.00814053 -0.03386456 0.06462871
v -0.00810910 -0.03373366 0.06476573
v -0.00807218 -0.03357988 0.06487466
v -0.00804664 -0.03347348 0.06492680
v -0.00800305 -0.03329191 0.06498190
v -0.00548634 -0.03457540 0.06429098
v -0.00547490 -0.03450315 0.06446855
v -0.00545834 -0.03439857 0.06462871
v -0.00543728 -0.03426561 0.06476573
v -0.00541254 -0.03410941 0.06487466
v -0.00539542 -0.03400132 0.06492680
v -0.00536620 -0.03381689 0.06498190
v -0.00275643 -0.03489694 0.06429098
v -0.00275069 -0.03482401 0.06446855
v -0.00274238 -0.03471846 0.06462871
v -0.00273182 -0.03458426 0.06476573
v -0.00271941 -0.03442661 0.06487466
v -0.00271083 -0.03431752 0.06492680
v -0.00269617 -0.03413137 0.06498190
v 0.00273707 -0.03489565 0.06429098
v 0.00273133 -0.03482273 0.06446855
v 0.00272302 -0.03471718 0.06462871
v 0.00271246 -0.03458299 0.06476573
v 0.00270006 -0.03442534 0.06487466
v 0.00269147 -0.03431625 0.06492680
v 0.00267682 -0.03413011 0.06498190
v -0.00000972 -0.03423558 0.06498190
v -0.00000973 -0.03442230 0.06492680
v -0.00000973 -0.03453172 0.06487466
v -0.00000973 -0.03468986 0.06476573
v -0.00000973 -0.03482446 0.06462871
v -0.00000973 -0.03493034 0.06446855
v -0.00000973 -0.03500349 0.06429098
v 0.00546699 -0.03457403 0.06429098
v 0.00545554 -0.03450178 0.06446855
v 0.00543898 -0.03439721 0.06462871
v 0.00541792 -0.03426425 0.06476573
v 0.00539318 -0.03410805 0.06487466
v 0.00537606 -0.03399997 0.06492680
v 0.00534685 -0.03381555 0.06498190
v 0.00816323 -0.03403923 0.06429098
v 0.00814616 -0.03396810 0.06446855
v 0.00812144 -0.03386514 0.06462871
v 0.00809001 -0.03373424 0.06476573
v 0.00805309 -0.03358046 0.06487466
v 0.00802755 -0.03347405 0.06492680
v 0.00798396 -0.03329248 0.06498190
v 0.01080870 -0.03329241 0.06429098
v 0.01078610 -0.03322284 0.06446855
v 0.01075338 -0.03312214 0.06462871
v 0.01071178 -0.03299411 0.06476573
v 0.01066291 -0.03284370 0.06487466
v 0.01062910 -0.03273963 0.06492680
v 0.01057140 -0.03256204 0.06498190
v 0.01309297 -0.03162976 0.06498190
v 0.01316442 -0.03180227 0.06492680
v 0.01320630 -0.03190336 0.06487466
v 0.01326681 -0.03204946 0.06476573
v 0.01331832 -0.03217382 0.06462871
v 0.01335884 -0.03227164 0.06446855
v 0.01338683 -0.03233922 0.06429098
v 0.01588280 -0.03118739 0.06429098
v 0.01584959 -0.03112222 0.06446855
v 0.01580153 -0.03102788 0.06462871
v 0.01574042 -0.03090795 0.06476573
v 0.01566863 -0.03076705 0.06487466
v 0.01561895 -0.03066956 0.06492680
v 0.01553419 -0.03050320 0.06498190
v 0.01828149 -0.02984480 0.06429098
v 0.01824327 -0.02978244 0.06446855
v 0.01818795 -0.02969216 0.06462871
v 0.01811761 -0.02957739 0.06476573
v 0.01803499 -0.02944256 0.06487466
v 0.01797782 -0.02934926 0.06492680
v 0.01788026 -0.02919006 0.06498190
v 0.02056801 -0.02831925 0.06429098
v 0.02052501 -0.02826006 0.06446855
v 0.02046278 -0.02817441 0.06462871
v 0.02038365 -0.02806550 0.06476573
v 0.02029070 -0.02793756 0.06487466
v 0.02022638 -0.02784903 0.06492680
v 0.02011662 -0.02769797 0.06498190
v 0.02272742 -0.02661853 0.06429098
v 0.02267991 -0.02656290 0.06446855
v 0.02261114 -0.02648239 0.06462871
v 0.02252371 -0.02638002 0.06476573
v 0.02242100 -0.02625976 0.06487466
v 0.02234993 -0.02617655 0.06492680
v 0.02222866 -0.02603456 0.06498190
v 0.02420213 -0.02420886 0.06498190
v 0.02433417 -0.02434090 0.06492680
v 0.02441154 -0.02441828 0.06487466
v 0.02452337 -0.02453010 0.06476573
v 0.02461856 -0.02462529 0.06462871
v 0.02469342 -0.02470016 0.06446855
v 0.02474515 -0.02475189 0.06429098
v 0.02660991 -0.02273227 0.06429098
v 0.02655428 -0.02268476 0.06446855
v 0.02647377 -0.02261600 0.06462871
v 0.02637142 -0.02252858 0.06476573
v 0.02625117 -0.02242588 0.06487466
v 0.02616796 -0.02235481 0.06492680
v 0.02602598 -0.02223355 0.06498190
v 0.02831141 -0.02057324 0.06429098
v 0.02825224 -0.02053024 0.06446855
v 0.02816658 -0.02046801 0.06462871
v 0.02805768 -0.02038889 0.06476573
v 0.02792975 -0.02029594 0.06487466
v 0.02784122 -0.02023163 0.06492680
v 0.02769016 -0.02012188 0.06498190
v 0.02983951 -0.01828825 0.06429098
v 0.02977714 -0.01825003 0.06446855
v 0.02968686 -0.01819471 0.06462871
v 0.02957209 -0.01812438 0.06476573
v 0.02943725 -0.01804175 0.06487466
v 0.02934395 -0.01798458 0.06492680
v 0.02918474 -0.01788702 0.06498190
v 0.03118401 -0.01589081 0.06429098
v 0.03111883 -0.01585760 0.06446855
v 0.03102449 -0.01580953 0.06462871
v 0.03090454 -0.01574841 0.06476573
v 0.03076363 -0.01567661 0.06487466
v 0.03066613 -0.01562693 0.06492680
v 0.03049975 -0.01554216 0.06498190
v 0.03162529 -0.01310068 0.06498190
v 0.03179781 -0.01317214 0.06492680
v 0.03189891 -0.01321402 0.06487466
v 0.03204502 -0.01327454 0.06476573
v 0.03216939 -0.01332606 0.06462871
v 0.03226721 -0.01336658 0.06446855
v 0.03233480 -0.01339457 0.06429098
v 0.03328465 -0.01081514 0.06429098
v 0.03321508 -0.01079254 0.06446855
v 0.03311438 -0.01075982 0.06462871
v 0.03298636 -0.01071822 0.06476573
v 0.03283596 -0.01066935 0.06487466
v 0.03273189 -0.01063554 0.06492680
v 0.03255431 -0.01057783 0.06498190
v 0.03402972 -0.00816916 0.06429098
v 0.03395859 -0.00815208 0.06446855
v 0.03385564 -0.00812736 0.06462871
v 0.03372476 -0.00809594 0.06476573
v 0.03357099 -0.00805902 0.06487466
v 0.03346459 -0.00803348 0.06492680
v 0.03328303 -0.00798989 0.06498190
v 0.03456640 -0.00547312 0.06429098
v 0.03449415 -0.00546168 0.06446855
v 0.03438958 -0.00544512 0.06462871
v 0.03425663 -0.00542406 0.06476573
v 0.03410044 -0.00539933 0.06487466
v 0.03399236 -0.00538221 0.06492680
v 0.03380794 -0.00535300 0.06498190
v 0.03489107 -0.00274357 0.06429098
v 0.03481814 -0.00273784 0.06446855
v 0.03471258 -0.00272953 0.06462871
v 0.03457838 -0.00271897 0.06476573
v 0.03442073 -0.00270656 0.06487466
v 0.03431164 -0.00269798 0.06492680
v 0.03412548 -0.00268333 0.06498190
v 0.03504216 0.00000296 0.06405257
v 0.03487184 -0.00343232 0.06405257
v 0.03436559 -0.00683457 0.06405257
v 0.03353051 -0.01017145 0.06405257
v 0.03237367 -0.01341065 0.06405257
v 0.03090276 -0.01651980 0.06405257
v 0.02913275 -0.01946902 0.06405257
v 0.02708350 -0.02223174 0.06405257
v 0.02477492 -0.02478161 0.06405257
v 0.02222699 -0.02709222 0.06405257
v 0.01946307 -0.02913938 0.06405257
v 0.01651200 -0.03090642 0.06405257
v 0.01340299 -0.03237806 0.06405257
v 0.01016526 -0.03353902 0.06405257
v 0.00682858 -0.03437450 0.06405257
v 0.00342591 -0.03487713 0.06405257
v -0.00000968 -0.03504555 0.06405257
v -0.00344527 -0.03487859 0.06405257
v -0.00684791 -0.03437509 0.06405257
v -0.01018393 -0.03353735 0.06405257
v -0.01342195 -0.03237696 0.06405257
v -0.01653177 -0.03090706 0.06405257
v -0.01948315 -0.02914078 0.06405257
v -0.02224594 -0.02709177 0.06405257
v -0.02479336 -0.02478052 0.06405257
v -0.02710319 -0.02223169 0.06405257
v -0.02915347 -0.01946989 0.06405257
v -0.03092218 -0.01651984 0.06405257
v -0.03239004 -0.01340937 0.06405257
v -0.03354675 -0.01017006 0.06405257
v -0.03438340 -0.00683367 0.06405257
v -0.03489108 -0.00343197 0.06405257
v -0.03506102 0.00000325 0.06405257
v -0.03489100 0.00343873 0.06405257
v -0.03438606 0.00684134 0.06405257
v -0.03355139 0.01017829 0.06405257
v -0.03239234 0.01341668 0.06405257
v -0.03091984 0.01652514 0.06405257
v -0.02915105 0.01947532 0.06405257
v -0.02710343 0.02223913 0.06405257
v -0.02479447 0.02478844 0.06405257
v -0.02224463 0.02709672 0.06405257
v -0.01948087 0.02914439 0.06405257
v -0.01653094 0.03091353 0.06405257
v -0.01342259 0.03238620 0.06405257
v -0.01018401 0.03354488 0.06405257
v -0.00684704 0.03437900 0.06405257
v -0.00344448 0.03488362 0.06405257
v -0.00000903 0.03505399 0.06405257
v 0.00342651 0.03488548 0.06405257
v 0.00682860 0.03437891 0.06405257
v 0.01016510 0.03354254 0.06405257
v 0.01340422 0.03238514 0.06405257
v 0.01651415 0.03091551 0.06405257
v 0.01946379 0.02914603 0.06405257
v 0.02222621 0.02709644 0.06405257
v 0.02477558 0.02478726 0.06405257
v 0.02708604 0.02223906 0.06405257
v 0.02913371 0.01947531 0.06405257
v 0.03090138 0.01652451 0.06405257
v 0.03237311 0.01341561 0.06405257
v 0.03353296 0.01017752 0.06405257
v 0.03436811 0.00684082 0.06405257
v 0.03487282 0.00343840 0.06405257
v 0.03504216 0.00000296 0.06405257
v 0.03531729 0.00000296 0.05701959
v 0.03541096 0.00000296 0.04979623
v 0.03532129 0.00000296 0.04238038
v 0.03504859 0.00000296 0.03477198
v 0.03459849 0.00000296 0.02697621
v 0.03398539 0.00000296 0.01900702
v 0.03237570 0.00000296 0.00265211
v 0.02854754 0.00000296 -0.03080725
v 0.02672976 0.00000296 -0.04751107
v 0.02507623 0.00000296 -0.06409451
v 0.02495535 0.00246174 -0.06409451
v 0.02459421 0.00489697 -0.06409451
v 0.02399560 0.00728486 -0.06409451
v 0.02316621 0.00960267 -0.06409451
v 0.02211413 0.01182825 -0.06409451
v 0.02084809 0.01393950 -0.06409451
v 0.01938118 0.01591649 -0.06409451
v 0.01772838 0.01774090 -0.06409451
v 0.01590471 0.01939446 -0.06409451
v 0.01392708 0.02086059 -0.06409451
v 0.01181554 0.02212632 -0.06409451
v 0.00959032 0.02317916 -0.06409451
v 0.00727224 0.02400756 -0.06409451
v 0.00488407 0.02460521 -0.06409451
v 0.00244905 0.02496721 -0.06409451
v -0.00000959 0.02508866 -0.06409451
v -0.00246824 0.02496688 -0.06409451
v -0.00490333 0.02460516 -0.06409451
v -0.00729153 0.02400779 -0.06409451
v -0.00960948 0.02317906 -0.06409451
v -0.01183437 0.02212565 -0.06409451
v -0.01394570 0.02085963 -0.06409451
v -0.01592352 0.01939383 -0.06409451
v -0.01774784 0.01774110 -0.06409451
v -0.01940023 0.01591643 -0.06409451
v -0.02086640 0.01393883 -0.06409451
v -0.02213274 0.01182775 -0.06409451
v -0.02318562 0.00960266 -0.06409451
v -0.02401302 0.00728444 -0.06409451
v -0.02460960 0.00489619 -0.06409451
v -0.02497134 0.00246118 -0.06409451
v -0.02509422 0.00000267 -0.06409451
v -0.02497429 -0.00245602 -0.06409451
v -0.02461161 -0.00489075 -0.06409451
v -0.02401256 -0.00727846 -0.06409451
v -0.02318403 -0.00959656 -0.06409451
v -0.02213289 -0.01182251 -0.06409451
v -0.02086671 -0.01393359 -0.06409451
v -0.01939875 -0.01590958 -0.06409451
v -0.01774519 -0.01773327 -0.06409451
v -0.01592223 -0.01938752 -0.06409451
v -0.01394605 -0.02085521 -0.06409451
v -0.01183404 -0.02211980 -0.06409451
v -0.00960793 -0.02317055 -0.06409451
v -0.00729001 -0.02399967 -0.06409451
v -0.00490258 -0.02459941 -0.06409451
v -0.00246792 -0.02496200 -0.06409451
v -0.00000925 -0.02508146 -0.06409451
v 0.00244938 -0.02495910 -0.06409451
v 0.00488453 -0.02459810 -0.06409451
v 0.00727277 -0.02400165 -0.06409451
v 0.00959062 -0.02317295 -0.06409451
v 0.01181480 -0.02211862 -0.06409451
v 0.01392530 -0.02085162 -0.06409451
v 0.01590288 -0.01938557 -0.06409451
v 0.01772828 -0.01773412 -0.06409451
v 0.01938222 -0.01591094 -0.06409451
v 0.02084742 -0.01393286 -0.06409451
v 0.02211204 -0.01182082 -0.06409451
v 0.02316517 -0.00959576 -0.06409451
v 0.02399591 -0.00727865 -0.06409451
v 0.02459411 -0.00489080 -0.06409451
v 0.02495519 -0.00245573 -0.06409451
v 0.02507623 0.00000296 -0.06409451
v 0.02672976 0.00000296 -0.04751107
v 0.02854754 0.00000296 -0.03080725
v 0.03237570 0.00000296 0.00265211
v 0.03398539 0.00000296 0.01900702
v 0.03459849 0.00000296 0.02697621
v 0.03504859 0.00000296 0.03477198
v 0.03532129 0.00000296 0.04238038
v 0.03541096 0.00000296 0.04979623
v 0.03531729 0.00000296 0.05701959
v 0.03522426 0.00260196 0.05691496
v 0.03520181 -0.00288420 0.05691496
v 0.03529248 -0.00289163 0.04958102
v 0.03518160 -0.00288254 0.04153409
v 0.03485719 -0.00285594 0.03326168
v 0.03432790 -0.00281254 0.02477191
v 0.03361508 -0.00275409 0.01608561
v 0.03275324 -0.00268343 0.00723685
v 0.03178482 -0.00260402 -0.00173227
v 0.02845778 -0.00233122 -0.03075602
v 0.02542067 -0.00208219 -0.05962790
v 0.03484810 -0.00575205 0.05691496
v 0.03493785 -0.00576687 0.04958102
v 0.03482809 -0.00574874 0.04153409
v 0.03450693 -0.00569572 0.03326168
v 0.03398296 -0.00560921 0.02477191
v 0.03327731 -0.00549271 0.01608561
v 0.03242412 -0.00535185 0.00723685
v 0.03146543 -0.00519357 -0.00173227
v 0.02817181 -0.00464979 -0.03075602
v 0.02516521 -0.00415340 -0.05962790
v 0.03426120 -0.00858140 0.05691496
v 0.03434944 -0.00860350 0.04958102
v 0.03424153 -0.00857647 0.04153409
v 0.03392578 -0.00849738 0.03326168
v 0.03341064 -0.00836834 0.02477191
v 0.03271686 -0.00819456 0.01608561
v 0.03187804 -0.00798445 0.00723685
v 0.03093549 -0.00774835 -0.00173227
v 0.02769733 -0.00693723 -0.03075602
v 0.02474135 -0.00619680 -0.05962790
v 0.03344505 -0.01135332 0.05691496
v 0.03353119 -0.01138256 0.04958102
v 0.03342585 -0.01134680 0.04153409
v 0.03311762 -0.01124218 0.03326168
v 0.03261474 -0.01107147 0.02477191
v 0.03193749 -0.01084157 0.01608561
v 0.03111864 -0.01056361 0.00723685
v 0.03019854 -0.01025128 -0.00173227
v 0.02703750 -0.00917825 -0.03075602
v 0.02415191 -0.00819873 -0.05962790
v 0.03240511 -0.01404928 0.05691496
v 0.03248857 -0.01408546 0.04958102
v 0.03238650 -0.01404121 0.04153409
v 0.03208785 -0.01391175 0.03326168
v 0.03160061 -0.01370052 0.02477191
v 0.03094440 -0.01341604 0.01608561
v 0.03015101 -0.01307209 0.00723685
v 0.02925951 -0.01268561 -0.00173227
v 0.02619673 -0.01135785 -0.03075602
v 0.02340085 -0.01014579 -0.05962790
v 0.02968311 -0.01914178 0.05691496
v 0.02975956 -0.01919107 0.04958102
v 0.02966606 -0.01913079 0.04153409
v 0.02939250 -0.01895440 0.03326168
v 0.02894616 -0.01866663 0.02477191
v 0.02834507 -0.01827906 0.01608561
v 0.02761830 -0.01781046 0.00723685
v 0.02680166 -0.01728392 -0.00173227
v 0.02399608 -0.01547498 -0.03075602
v 0.02143498 -0.01382367 -0.05962790
v 0.02249335 -0.01202464 -0.05962790
v 0.02518082 -0.01346114 -0.03075602
v 0.02812484 -0.01503479 -0.00173227
v 0.02898177 -0.01549284 0.00723685
v 0.02974439 -0.01590049 0.01608561
v 0.03037514 -0.01623765 0.02477191
v 0.03084349 -0.01648801 0.03326168
v 0.03113054 -0.01664147 0.04153409
v 0.03122864 -0.01669394 0.04958102
v 0.03114841 -0.01665108 0.05691496
v 0.02801926 -0.02150426 0.05691496
v 0.02809143 -0.02155963 0.04958102
v 0.02800317 -0.02149191 0.04153409
v 0.02774494 -0.02129376 0.03326168
v 0.02732362 -0.02097047 0.02477191
v 0.02675620 -0.02053508 0.01608561
v 0.02607016 -0.02000865 0.00723685
v 0.02529928 -0.01941714 -0.00173227
v 0.02265091 -0.01738497 -0.03075602
v 0.02023332 -0.01552989 -0.05962790
v 0.02616792 -0.02372286 0.05691496
v 0.02623532 -0.02378395 0.04958102
v 0.02615290 -0.02370924 0.04153409
v 0.02591171 -0.02349065 0.03326168
v 0.02551822 -0.02313401 0.02477191
v 0.02498829 -0.02265370 0.01608561
v 0.02434756 -0.02207298 0.00723685
v 0.02362760 -0.02142045 -0.00173227
v 0.02115415 -0.01917865 -0.03075602
v 0.01889625 -0.01713220 -0.05962790
v 0.02414147 -0.02578275 0.05691496
v 0.02420365 -0.02584914 0.04958102
v 0.02412760 -0.02576795 0.04153409
v 0.02390509 -0.02553037 0.03326168
v 0.02354206 -0.02514277 0.02477191
v 0.02305315 -0.02462076 0.01608561
v 0.02246202 -0.02398962 0.00723685
v 0.02179779 -0.02328044 -0.00173227
v 0.01951583 -0.02084400 -0.03075602
v 0.01743271 -0.01861989 -0.05962790
v 0.02195345 -0.02767014 0.05691496
v 0.02201000 -0.02774140 0.04958102
v 0.02194084 -0.02765426 0.04153409
v 0.02173849 -0.02739930 0.03326168
v 0.02140835 -0.02698332 0.02477191
v 0.02096373 -0.02642311 0.01608561
v 0.02042616 -0.02574577 0.00723685
v 0.01982211 -0.02498467 -0.00173227
v 0.01774688 -0.02236991 -0.03075602
v 0.01585249 -0.01998299 -0.05962790
v 0.01715227 -0.03087819 0.05691496
v 0.01719646 -0.03095770 0.04958102
v 0.01714242 -0.03086046 0.04153409
v 0.01698431 -0.03057594 0.03326168
v 0.01672634 -0.03011175 0.02477191
v 0.01637891 -0.02948659 0.01608561
v 0.01595885 -0.02873073 0.00723685
v 0.01548685 -0.02788140 -0.00173227
v 0.01386528 -0.02496351 -0.03075602
v 0.01238501 -0.02229990 -0.05962790
v 0.01416631 -0.02121231 -0.05962790
v 0.01585932 -0.02374604 -0.03075602
v 0.01771394 -0.02652164 -0.00173227
v 0.01825377 -0.02732955 0.00723685
v 0.01873420 -0.02804855 0.01608561
v 0.01913155 -0.02864322 0.02477191
v 0.01942660 -0.02908478 0.03326168
v 0.01960744 -0.02935543 0.04153409
v 0.01966924 -0.02944793 0.04958102
v 0.01961870 -0.02937229 0.05691496
v 0.01457123 -0.03217737 0.05691496
v 0.01460877 -0.03226023 0.04958102
v 0.01456286 -0.03215890 0.04153409
v 0.01442852 -0.03186241 0.03326168
v 0.01420935 -0.03137869 0.02477191
v 0.01391418 -0.03072723 0.01608561
v 0.01355730 -0.02993957 0.00723685
v 0.01315628 -0.02905451 -0.00173227
v 0.01177858 -0.02601387 -0.03075602
v 0.01052094 -0.02323819 -0.05962790
v 0.01189265 -0.03326129 0.05691496
v 0.01192330 -0.03334694 0.04958102
v 0.01188582 -0.03324220 0.04153409
v 0.01177616 -0.03293572 0.03326168
v 0.01159725 -0.03243570 0.02477191
v 0.01135630 -0.03176230 0.01608561
v 0.01106498 -0.03094811 0.00723685
v 0.01073764 -0.03003324 -0.00173227
v 0.00961303 -0.02689018 -0.03075602
v 0.00858643 -0.02402101 -0.05962790
v 0.00913445 -0.03412269 0.05691496
v 0.00915799 -0.03421055 0.04958102
v 0.00912920 -0.03410310 0.04153409
v 0.00904495 -0.03378869 0.03326168
v 0.00890751 -0.03327572 0.02477191
v 0.00872240 -0.03258488 0.01608561
v 0.00849859 -0.03174961 0.00723685
v 0.00824710 -0.03081105 -0.00173227
v 0.00738311 -0.02758659 -0.03075602
v 0.00659441 -0.02464312 -0.05962790
v 0.00631508 -0.03475580 0.05691496
v 0.00633137 -0.03484529 0.04958102
v 0.00631145 -0.03473584 0.04153409
v 0.00625318 -0.03441560 0.03326168
v 0.00615811 -0.03389312 0.02477191
v 0.00603008 -0.03318946 0.01608561
v 0.00587527 -0.03233869 0.00723685
v 0.00570133 -0.03138272 -0.00173227
v 0.00510373 -0.02809844 -0.03075602
v 0.00455822 -0.02510036 -0.05962790
v 0.00056856 -0.03532178 0.05691496
v 0.00057005 -0.03541273 0.04958102
v 0.00056823 -0.03530150 0.04153409
v 0.00056290 -0.03497604 0.03326168
v 0.00055421 -0.03444505 0.02477191
v 0.00054251 -0.03372994 0.01608561
v 0.00052836 -0.03286531 0.00723685
v 0.00051247 -0.03189378 -0.00173227
v 0.00045785 -0.02855602 -0.03075602
v 0.00040799 -0.02550913 -0.05962790
v 0.00249178 -0.02538965 -0.05962790
v 0.00279043 -0.02842228 -0.03075602
v 0.00311757 -0.03174441 -0.00173227
v 0.00321279 -0.03271141 0.00723685
v 0.00329753 -0.03357198 0.01608561
v 0.00336761 -0.03428375 0.02477191
v 0.00341963 -0.03481226 0.03326168
v 0.00345151 -0.03513619 0.04153409
v 0.00346238 -0.03524691 0.04958102
v 0.00345344 -0.03515638 0.05691496
v -0.00232015 -0.03525087 0.05691496
v -0.00232610 -0.03534164 0.04958102
v -0.00231882 -0.03523063 0.04153409
v -0.00229753 -0.03490582 0.03326168
v -0.00226280 -0.03437590 0.02477191
v -0.00221602 -0.03366222 0.01608561
v -0.00215947 -0.03279933 0.00723685
v -0.00209592 -0.03182974 -0.00173227
v -0.00187759 -0.02849869 -0.03075602
v -0.00167828 -0.02545791 -0.05962790
v -0.00519340 -0.03494412 0.05691496
v -0.00520675 -0.03503410 0.04958102
v -0.00519042 -0.03492406 0.04153409
v -0.00514266 -0.03460208 0.03326168
v -0.00506474 -0.03407677 0.02477191
v -0.00495980 -0.03336930 0.01608561
v -0.00483291 -0.03251392 0.00723685
v -0.00469034 -0.03155277 -0.00173227
v -0.00420052 -0.02825070 -0.03075602
v -0.00375339 -0.02523638 -0.05962790
v -0.00803197 -0.03440360 0.05691496
v -0.00805263 -0.03449219 0.04958102
v -0.00802737 -0.03438385 0.04153409
v -0.00795346 -0.03406685 0.03326168
v -0.00783286 -0.03354966 0.02477191
v -0.00767046 -0.03285313 0.01608561
v -0.00747410 -0.03201098 0.00723685
v -0.00725345 -0.03106470 -0.00173227
v -0.00649543 -0.02781370 -0.03075602
v -0.00580346 -0.02484600 -0.05962790
v -0.01081688 -0.03363291 0.05691496
v -0.01084471 -0.03371951 0.04958102
v -0.01081068 -0.03361360 0.04153409
v -0.01071111 -0.03330370 0.03326168
v -0.01054865 -0.03279810 0.02477191
v -0.01032987 -0.03211717 0.01608561
v -0.01006534 -0.03129389 0.00723685
v -0.00976811 -0.03036880 -0.00173227
v -0.00874694 -0.02719062 -0.03075602
v -0.00781476 -0.02428940 -0.05962790
v -0.01615166 -0.03142317 0.05691496
v -0.01619323 -0.03150409 0.04958102
v -0.01614240 -0.03140513 0.04153409
v -0.01599367 -0.03111559 0.03326168
v -0.01575103 -0.03064320 0.02477191
v -0.01542425 -0.03000701 0.01608561
v -0.01502914 -0.02923781 0.00723685
v -0.01458519 -0.02837350 -0.00173227
v -0.01305995 -0.02540411 -0.03075602
v -0.01166762 -0.02269349 -0.05962790
v -0.00977357 -0.02357041 -0.05962790
v -0.01093980 -0.02638572 -0.03075602
v -0.01221737 -0.02946977 -0.00173227
v -0.01258925 -0.03036746 0.00723685
v -0.01292021 -0.03116636 0.01608561
v -0.01319395 -0.03182711 0.02477191
v -0.01339722 -0.03231773 0.03326168
v -0.01352183 -0.03261843 0.04153409
v -0.01356445 -0.03272120 0.04958102
v -0.01352968 -0.03263714 0.05691496
v -0.01866585 -0.02999890 0.05691496
v -0.01871389 -0.03007615 0.04958102
v -0.01865514 -0.02998168 0.04153409
v -0.01848325 -0.02970526 0.03326168
v -0.01820282 -0.02925428 0.02477191
v -0.01782514 -0.02864692 0.01608561
v -0.01736850 -0.02791259 0.00723685
v -0.01685539 -0.02708744 -0.00173227
v -0.01509259 -0.02425264 -0.03075602
v -0.01348341 -0.02166486 -0.05962790
v -0.02105523 -0.02837394 0.05691496
v -0.02110942 -0.02844700 0.04958102
v -0.02104315 -0.02835764 0.04153409
v -0.02084925 -0.02809620 0.03326168
v -0.02053290 -0.02766965 0.02477191
v -0.02010685 -0.02709518 0.01608561
v -0.01959172 -0.02640062 0.00723685
v -0.01901290 -0.02562017 -0.00173227
v -0.01702434 -0.02293890 -0.03075602
v -0.01520906 -0.02049128 -0.05962790
v -0.02330383 -0.02655914 0.05691496
v -0.02336381 -0.02662753 0.04958102
v -0.02329046 -0.02654389 0.04153409
v -0.02307584 -0.02629917 0.03326168
v -0.02272569 -0.02589989 0.02477191
v -0.02225412 -0.02536217 0.01608561
v -0.02168395 -0.02471202 0.00723685
v -0.02104329 -0.02398149 -0.00173227
v -0.01884226 -0.02147169 -0.03075602
v -0.01683303 -0.01918061 -0.05962790
v -0.02539660 -0.02456666 0.05691496
v -0.02546197 -0.02462992 0.04958102
v -0.02538203 -0.02455255 0.04153409
v -0.02514813 -0.02432619 0.03326168
v -0.02476652 -0.02395686 0.02477191
v -0.02425258 -0.02345948 0.01608561
v -0.02363119 -0.02285810 0.00723685
v -0.02293297 -0.02218236 -0.00173227
v -0.02053420 -0.01986083 -0.03075602
v -0.01834446 -0.01774161 -0.05962790
v -0.02905979 -0.02010304 0.05691496
v -0.02913459 -0.02015481 0.04958102
v -0.02904312 -0.02009150 0.04153409
v -0.02877547 -0.01990626 0.03326168
v -0.02833879 -0.01960403 0.02477191
v -0.02775070 -0.01919701 0.01608561
v -0.02703965 -0.01870488 0.00723685
v -0.02624068 -0.01815191 -0.00173227
v -0.02349578 -0.01625214 -0.03075602
v -0.02099008 -0.01451792 -0.05962790
v -0.01973316 -0.01618401 -0.05962790
v -0.02208882 -0.01811712 -0.03075602
v -0.02466936 -0.02023475 -0.00173227
v -0.02542050 -0.02085114 0.00723685
v -0.02608898 -0.02139969 0.01608561
v -0.02664187 -0.02185338 0.02477191
v -0.02705242 -0.02219024 0.03326168
v -0.02730407 -0.02239671 0.04153409
v -0.02739009 -0.02246724 0.04958102
v -0.02731980 -0.02240950 0.05691496
v -0.03060571 -0.01766177 0.05691496
v -0.03068449 -0.01770726 0.04958102
v -0.03058815 -0.01765163 0.04153409
v -0.03030625 -0.01748888 0.03326168
v -0.02984634 -0.01722335 0.02477191
v -0.02922695 -0.01686574 0.01608561
v -0.02847807 -0.01643338 0.00723685
v -0.02763657 -0.01594754 -0.00173227
v -0.02474561 -0.01427844 -0.03075602
v -0.02210657 -0.01275479 -0.05962790
v -0.03194695 -0.01510233 0.05691496
v -0.03202919 -0.01514122 0.04958102
v -0.03192862 -0.01509366 0.04153409
v -0.03163437 -0.01495449 0.03326168
v -0.03115430 -0.01472743 0.02477191
v -0.03050775 -0.01442164 0.01608561
v -0.02972604 -0.01405192 0.00723685
v -0.02884766 -0.01363648 -0.00173227
v -0.02582996 -0.01220921 -0.03075602
v -0.02307524 -0.01090632 -0.05962790
v -0.03307455 -0.01244184 0.05691496
v -0.03315969 -0.01247389 0.04958102
v -0.03305557 -0.01243470 0.04153409
v -0.03275093 -0.01232004 0.03326168
v -0.03225391 -0.01213298 0.02477191
v -0.03158454 -0.01188104 0.01608561
v -0.03077522 -0.01157644 0.00723685
v -0.02986583 -0.01123417 -0.00173227
v -0.02674159 -0.01005829 -0.03075602
v -0.02388960 -0.00898488 -0.05962790
v -0.03398096 -0.00969811 0.05691496
v -0.03406843 -0.00972309 0.04958102
v -0.03396146 -0.00969254 0.04153409
v -0.03364847 -0.00960316 0.03326168
v -0.03313782 -0.00945734 0.02477191
v -0.03245010 -0.00926095 0.01608561
v -0.03161860 -0.00902350 0.00723685
v -0.03068428 -0.00875669 -0.00173227
v -0.02747440 -0.00784006 -0.03075602
v -0.02454423 -0.00700330 -0.05962790
v -0.02503472 -0.00497489 -0.05962790
v -0.02802349 -0.00556925 -0.03075602
v -0.03129759 -0.00622034 -0.00173227
v -0.03225060 -0.00640984 0.00723685
v -0.03309873 -0.00657848 0.01608561
v -0.03380021 -0.00671795 0.02477191
v -0.03432108 -0.00682150 0.03326168
v -0.03464034 -0.00688494 0.04153409
v -0.03474946 -0.00690659 0.04958102
v -0.03466025 -0.00688879 0.05691496
v -0.03510748 -0.00403473 0.05691496
v -0.03519785 -0.00404513 0.04958102
v -0.03508733 -0.00403242 0.04153409
v -0.03476396 -0.00399522 0.03326168
v -0.03423638 -0.00393452 0.02477191
v -0.03352585 -0.00385278 0.01608561
v -0.03266678 -0.00375396 0.00723685
v -0.03170148 -0.00364291 -0.00173227
v -0.02838515 -0.00326139 -0.03075602
v -0.02535781 -0.00291313 -0.05962790
v -0.03532005 -0.00115298 0.05691496
v -0.03541096 -0.00115596 0.04958102
v -0.03529978 -0.00115232 0.04153409
v -0.03497445 -0.00114167 0.03326168
v -0.03444367 -0.00112429 0.02477191
v -0.03372884 -0.00110089 0.01608561
v -0.03286457 -0.00107260 0.00723685
v -0.03189342 -0.00104081 -0.00173227
v -0.02855701 -0.00093159 -0.03075602
v -0.02551134 -0.00083188 -0.05962790
v -0.03529641 0.00173650 0.05691496
v -0.03538726 0.00174096 0.04958102
v -0.03527615 0.00173550 0.04153409
v -0.03495104 0.00171953 0.03326168
v -0.03442062 0.00169347 0.02477191
v -0.03370627 0.00165838 0.01608561
v -0.03284257 0.00161595 0.00723685
v -0.03187207 0.00156827 -0.00173227
v -0.02853789 0.00140447 -0.03075602
v -0.02549426 0.00125495 -0.05962790
v -0.03503671 0.00461439 0.05691496
v -0.03512690 0.00462626 0.04958102
v -0.03501661 0.00461174 0.04153409
v -0.03469389 0.00456925 0.03326168
v -0.03416737 0.00449993 0.02477191
v -0.03345828 0.00440658 0.01608561
v -0.03260094 0.00429371 0.00723685
v -0.03163758 0.00416688 -0.00173227
v -0.02832794 0.00373116 -0.03075602
v -0.02530671 0.00333341 -0.05962790
v -0.03454270 0.00746142 0.05691496
v -0.03463162 0.00748063 0.04958102
v -0.03452288 0.00745714 0.04153409
v -0.03420472 0.00738842 0.03326168
v -0.03368562 0.00727631 0.02477191
v -0.03298653 0.00712532 0.01608561
v -0.03214128 0.00694277 0.00723685
v -0.03119151 0.00673764 -0.00173227
v -0.02792855 0.00603290 -0.03075602
v -0.02494993 0.00538958 -0.05962790
v -0.03286651 0.01298711 0.05691496
v -0.03295111 0.01302054 0.04958102
v -0.03284765 0.01297965 0.04153409
v -0.03254492 0.01286003 0.03326168
v -0.03205103 0.01266485 0.02477191
v -0.03138587 0.01240200 0.01608561
v -0.03058165 0.01208420 0.00723685
v -0.02967798 0.01172709 -0.00173227
v -0.02657339 0.01050025 -0.03075602
v -0.02373935 0.00938032 -0.05962790
v -0.02442628 0.00740982 -0.05962790
v -0.02734234 0.00829447 -0.03075602
v -0.03053678 0.00926359 -0.00173227
v -0.03146660 0.00954568 0.00723685
v -0.03229409 0.00979673 0.01608561
v -0.03297850 0.01000437 0.02477191
v -0.03348668 0.01015856 0.03326168
v -0.03379816 0.01025307 0.04153409
v -0.03390461 0.01028539 0.04958102
v -0.03381755 0.01025901 0.05691496
v -0.03169553 0.01562879 0.05691496
v -0.03177712 0.01566902 0.04958102
v -0.03167734 0.01561982 0.04153409
v -0.03138541 0.01547585 0.03326168
v -0.03090911 0.01524097 0.02477191
v -0.03026766 0.01492464 0.01608561
v -0.02949210 0.01454218 0.00723685
v -0.02862064 0.01411242 -0.00173227
v -0.02562669 0.01263597 -0.03075602
v -0.02289365 0.01128818 -0.05962790
v -0.03031259 0.01816594 0.05691496
v -0.03039061 0.01821271 0.04958102
v -0.03029519 0.01815552 0.04153409
v -0.03001600 0.01798817 0.03326168
v -0.02956050 0.01771515 0.02477191
v -0.02894704 0.01734746 0.01608561
v -0.02820533 0.01690290 0.00723685
v -0.02737190 0.01640336 -0.00173227
v -0.02450863 0.01468718 -0.03075602
v -0.02189487 0.01312056 -0.05962790
v -0.02872693 0.02058159 0.05691496
v -0.02880088 0.02063458 0.04958102
v -0.02871045 0.02056978 0.04153409
v -0.02844586 0.02038018 0.03326168
v -0.02801419 0.02007085 0.02477191
v -0.02743284 0.01965426 0.01608561
v -0.02672994 0.01915057 0.00723685
v -0.02594012 0.01858459 -0.00173227
v -0.02322667 0.01664016 -0.03075602
v -0.02074968 0.01486518 -0.05962790
v -0.02694917 0.02285958 0.05691496
v -0.02701854 0.02291843 0.04958102
v -0.02693371 0.02284646 0.04153409
v -0.02668550 0.02263588 0.03326168
v -0.02628056 0.02229230 0.02477191
v -0.02573519 0.02182959 0.01608561
v -0.02507580 0.02127015 0.00723685
v -0.02433488 0.02064152 -0.00173227
v -0.02178941 0.01848185 -0.03075602
v -0.01946576 0.01651038 -0.05962790
v -0.02308574 0.02675475 0.05691496
v -0.02314516 0.02682363 0.04958102
v -0.02307249 0.02673939 0.04153409
v -0.02285989 0.02649292 0.03326168
v -0.02251301 0.02609080 0.02477191
v -0.02204585 0.02554924 0.01608561
v -0.02148103 0.02489445 0.00723685
v -0.02084636 0.02415869 -0.00173227
v -0.01866594 0.02163098 -0.03075602
v -0.01667553 0.01932353 -0.05962790
v -0.01805178 0.01804505 -0.05962790
v -0.02020649 0.02019988 -0.03075602
v -0.02256688 0.02256042 -0.00173227
v -0.02325392 0.02324752 0.00723685
v -0.02386536 0.02385901 0.01608561
v -0.02437106 0.02436477 0.02477191
v -0.02474655 0.02474031 0.03326168
v -0.02497668 0.02497051 0.04153409
v -0.02505532 0.02504920 0.04958102
v -0.02499097 0.02498490 0.05691496
v -0.02105523 0.02837986 0.05691496
v -0.02110942 0.02845293 0.04958102
v -0.02104315 0.02836357 0.04153409
v -0.02084925 0.02810213 0.03326168
v -0.02053290 0.02767557 0.02477191
v -0.02010685 0.02710111 0.01608561
v -0.01959172 0.02640655 0.00723685
v -0.01901290 0.02562609 -0.00173227
v -0.01702434 0.02294483 -0.03075602
v -0.01520906 0.02049721 -0.05962790
v -0.01891067 0.02985119 0.05691496
v -0.01895934 0.02992805 0.04958102
v -0.01889982 0.02983406 0.04153409
v -0.01872568 0.02955906 0.03326168
v -0.01844156 0.02911039 0.02477191
v -0.01805893 0.02850614 0.01608561
v -0.01759629 0.02777556 0.00723685
v -0.01707645 0.02695465 -0.00173227
v -0.01529052 0.02413435 -0.03075602
v -0.01366023 0.02155983 -0.05962790
v -0.01432645 0.03230151 0.05691496
v -0.01436332 0.03238467 0.04958102
v -0.01431823 0.03228297 0.04153409
v -0.01418633 0.03198539 0.03326168
v -0.01397112 0.03149989 0.02477191
v -0.01368129 0.03084604 0.01608561
v -0.01333086 0.03005549 0.00723685
v -0.01293710 0.02916718 -0.00173227
v -0.01158432 0.02611536 -0.03075602
v -0.01034943 0.02332949 -0.05962790
v -0.01203745 0.02250561 -0.05962790
v -0.01347385 0.02519314 -0.03075602
v -0.01504735 0.02813723 -0.00173227
v -0.01550536 0.02899419 0.00723685
v -0.01591295 0.02975684 0.01608561
v -0.01625006 0.03038762 0.02477191
v -0.01650036 0.03085600 0.03326168
v -0.01665376 0.03114309 0.04153409
v -0.01670617 0.03124122 0.04958102
v -0.01666325 0.03116101 0.05691496
v -0.01191163 0.03326722 0.05691496
v -0.01194228 0.03335287 0.04958102
v -0.01190480 0.03324812 0.04153409
v -0.01179514 0.03294165 0.03326168
v -0.01161623 0.03244163 0.02477191
v -0.01137528 0.03176823 0.01608561
v -0.01108396 0.03095404 0.00723685
v -0.01075662 0.03003917 -0.00173227
v -0.00963201 0.02689611 -0.03075602
v -0.00860541 0.02402694 -0.05962790
v -0.00943231 0.03405266 0.05691496
v -0.00945657 0.03414033 0.04958102
v -0.00942690 0.03403312 0.04153409
v -0.00934009 0.03371941 0.03326168
v -0.00919845 0.03320758 0.02477191
v -0.00900769 0.03251828 0.01608561
v -0.00877705 0.03168486 0.00723685
v -0.00851790 0.03074839 -0.00173227
v -0.00762756 0.02753112 -0.03075602
v -0.00681480 0.02459420 -0.05962790
v -0.00433419 0.03506674 0.05691496
v -0.00434533 0.03515702 0.04958102
v -0.00433171 0.03504661 0.04153409
v -0.00429187 0.03472356 0.03326168
v -0.00422686 0.03419649 0.02477191
v -0.00413931 0.03348666 0.01608561
v -0.00403346 0.03262842 0.00723685
v -0.00391451 0.03166406 -0.00173227
v -0.00350588 0.02835097 -0.03075602
v -0.00313286 0.02532658 -0.05962790
v -0.00498747 0.02502817 -0.05962790
v -0.00558190 0.02801693 -0.03075602
v -0.00623306 0.03129101 -0.00173227
v -0.00642260 0.03224401 0.00723685
v -0.00659127 0.03309214 0.01608561
v -0.00673076 0.03379361 0.02477191
v -0.00683433 0.03431448 0.03326168
v -0.00689780 0.03463373 0.04153409
v -0.00691947 0.03474285 0.04958102
v -0.00690170 0.03465364 0.05691496
v -0.00174303 0.03528988 0.05691496
v -0.00174749 0.03538074 0.04958102
v -0.00174203 0.03526962 0.04153409
v -0.00172606 0.03494451 0.03326168
v -0.00170000 0.03441409 0.02477191
v -0.00166491 0.03369974 0.01608561
v -0.00162248 0.03283605 0.00723685
v -0.00157480 0.03186555 -0.00173227
v -0.00141100 0.02853137 -0.03075602
v -0.00126148 0.02548774 -0.05962790
v 0.00085754 0.03532180 0.05691496
v 0.00085977 0.03541273 0.04958102
v 0.00085704 0.03530152 0.04153409
v 0.00084905 0.03497612 0.03326168
v 0.00083602 0.03444521 0.02477191
v 0.00081847 0.03373022 0.01608561
v 0.00079725 0.03286574 0.00723685
v 0.00077340 0.03189436 -0.00173227
v 0.00069148 0.02855717 -0.03075602
v 0.00061669 0.02551079 -0.05962790
v 0.00603050 0.03481230 0.05691496
v 0.00604605 0.03490193 0.04958102
v 0.00602704 0.03479232 0.04153409
v 0.00597139 0.03447161 0.03326168
v 0.00588060 0.03394837 0.02477191
v 0.00575832 0.03324369 0.01608561
v 0.00561049 0.03239168 0.00723685
v 0.00544437 0.03143431 -0.00173227
v 0.00487366 0.02814526 -0.03075602
v 0.00435269 0.02514282 -0.05962790
v 0.00249126 0.02539563 -0.05962790
v 0.00279004 0.02842824 -0.03075602
v 0.00311736 0.03175036 -0.00173227
v 0.00321265 0.03271735 0.00723685
v 0.00329745 0.03357792 0.01608561
v 0.00336760 0.03428968 0.02477191
v 0.00341970 0.03481818 0.03326168
v 0.00345165 0.03514211 0.04153409
v 0.00346261 0.03525281 0.04958102
v 0.00345373 0.03516228 0.05691496
v 0.00857487 0.03427366 0.05691496
v 0.00859697 0.03436190 0.04958102
v 0.00856994 0.03425398 0.04153409
v 0.00849085 0.03393824 0.03326168
v 0.00836182 0.03342309 0.02477191
v 0.00818803 0.03272931 0.01608561
v 0.00797792 0.03189049 0.00723685
v 0.00774182 0.03094794 -0.00173227
v 0.00693071 0.02770978 -0.03075602
v 0.00619027 0.02475380 -0.05962790
v 0.01107272 0.03354929 0.05691496
v 0.01110125 0.03363567 0.04958102
v 0.01106636 0.03353004 0.04153409
v 0.01096425 0.03322096 0.03326168
v 0.01079767 0.03271670 0.02477191
v 0.01057332 0.03203759 0.01608561
v 0.01030207 0.03121650 0.00723685
v 0.00999727 0.03029387 -0.00173227
v 0.00895014 0.02712415 -0.03075602
v 0.00799426 0.02423066 -0.05962790
v 0.01587504 0.03156011 0.05691496
v 0.01591594 0.03164136 0.04958102
v 0.01586592 0.03154199 0.04153409
v 0.01571957 0.03125124 0.03326168
v 0.01548080 0.03077689 0.02477191
v 0.01515924 0.03013804 0.01608561
v 0.01477044 0.02936564 0.00723685
v 0.01433357 0.02849772 -0.00173227
v 0.01283267 0.02551596 -0.03075602
v 0.01146257 0.02279403 -0.05962790
v 0.00975481 0.02357624 -0.05962790
v 0.01092106 0.02639154 -0.03075602
v 0.01219866 0.02947559 -0.00173227
v 0.01257054 0.03037327 0.00723685
v 0.01290151 0.03117217 0.01608561
v 0.01317525 0.03183292 0.02477191
v 0.01337852 0.03232354 0.03326168
v 0.01350313 0.03262424 0.04153409
v 0.01354575 0.03272701 0.04958102
v 0.01351097 0.03264295 0.05691496
v 0.01815349 0.03030606 0.05691496
v 0.01820025 0.03038409 0.04958102
v 0.01814306 0.03028867 0.04153409
v 0.01797572 0.03000947 0.03326168
v 0.01770270 0.02955397 0.02477191
v 0.01733501 0.02894051 0.01608561
v 0.01689044 0.02819880 0.00723685
v 0.01639091 0.02736537 -0.00173227
v 0.01467473 0.02450210 -0.03075602
v 0.01310810 0.02188834 -0.05962790
v 0.02033351 0.02888780 0.05691496
v 0.02038589 0.02896218 0.04958102
v 0.02032183 0.02887122 0.04153409
v 0.02013440 0.02860510 0.03326168
v 0.01982862 0.02817091 0.02477191
v 0.01941679 0.02758616 0.01608561
v 0.01891887 0.02687917 0.00723685
v 0.01835937 0.02608474 -0.00173227
v 0.01643721 0.02335548 -0.03075602
v 0.01468255 0.02086406 -0.05962790
v 0.02435161 0.02559023 0.05691496
v 0.02441434 0.02565611 0.04958102
v 0.02433763 0.02557554 0.04153409
v 0.02411318 0.02533980 0.03326168
v 0.02374699 0.02495518 0.02477191
v 0.02325383 0.02443719 0.01608561
v 0.02265756 0.02381091 0.00723685
v 0.02198755 0.02310718 -0.00173227
v 0.01968572 0.02068949 -0.03075602
v 0.01758449 0.01848249 -0.05962790
v 0.01617739 0.01972671 -0.05962790
v 0.01811065 0.02208225 -0.03075602
v 0.02022847 0.02466264 -0.00173227
v 0.02084492 0.02541372 0.00723685
v 0.02139353 0.02608215 0.01608561
v 0.02184729 0.02663499 0.02477191
v 0.02218422 0.02704548 0.03326168
v 0.02239075 0.02729707 0.04153409
v 0.02246135 0.02738305 0.04958102
v 0.02240366 0.02731271 0.05691496
v 0.02616792 0.02372879 0.05691496
v 0.02623532 0.02378988 0.04958102
v 0.02615290 0.02371517 0.04153409
v 0.02591171 0.02349657 0.03326168
v 0.02551822 0.02313993 0.02477191
v 0.02498829 0.02265963 0.01608561
v 0.02434756 0.02207891 0.00723685
v 0.02362760 0.02142637 -0.00173227
v 0.02115415 0.01918457 -0.03075602
v 0.01889625 0.01713813 -0.05962790
v 0.02784237 0.02173877 0.05691496
v 0.02791409 0.02179474 0.04958102
v 0.02782638 0.02172629 0.04153409
v 0.02756978 0.02152603 0.03326168
v 0.02715112 0.02119931 0.02477191
v 0.02658728 0.02075929 0.01608561
v 0.02590557 0.02022727 0.00723685
v 0.02513956 0.01962947 -0.00173227
v 0.02250790 0.01757571 -0.03075602
v 0.02010557 0.01570091 -0.05962790
v 0.03073022 0.01741680 0.05691496
v 0.03080937 0.01746163 0.04958102
v 0.03071258 0.01740680 0.04153409
v 0.03042936 0.01724636 0.03326168
v 0.02996729 0.01698460 0.02477191
v 0.02934500 0.01663208 0.01608561
v 0.02859260 0.01620585 0.00723685
v 0.02774716 0.01572691 -0.00173227
v 0.02484264 0.01408152 -0.03075602
v 0.02219122 0.01257951 -0.05962790
v 0.02120591 0.01417858 -0.05962790
v 0.02373969 0.01587151 -0.03075602
v 0.02651535 0.01772604 -0.00173227
v 0.02732328 0.01826584 0.00723685
v 0.02804230 0.01874624 0.01608561
v 0.02863699 0.01914357 0.02477191
v 0.02907857 0.01943858 0.03326168
v 0.02934923 0.01961940 0.04153409
v 0.02944174 0.01968118 0.04958102
v 0.02936612 0.01963062 0.05691496
v 0.03192797 0.01510826 0.05691496
v 0.03201021 0.01514715 0.04958102
v 0.03190964 0.01509959 0.04153409
v 0.03161539 0.01496042 0.03326168
v 0.03113532 0.01473336 0.02477191
v 0.03048877 0.01442757 0.01608561
v 0.02970706 0.01405784 0.00723685
v 0.02882868 0.01364240 -0.00173227
v 0.02581098 0.01221514 -0.03075602
v 0.02305626 0.01091225 -0.05962790
v 0.03295265 0.01271787 0.05691496
v 0.03303752 0.01275060 0.04958102
v 0.03293373 0.01271057 0.04153409
v 0.03263004 0.01259342 0.03326168
v 0.03213456 0.01240229 0.02477191
v 0.03146728 0.01214489 0.01608561
v 0.03066048 0.01183368 0.00723685
v 0.02975392 0.01148398 -0.00173227
v 0.02663941 0.01028258 -0.03075602
v 0.02379629 0.00918587 -0.05962790
v 0.03446155 0.00774369 0.05691496
v 0.03455031 0.00776363 0.04958102
v 0.03444176 0.00773925 0.04153409
v 0.03412417 0.00766793 0.03326168
v 0.03360601 0.00755158 0.02477191
v 0.03290818 0.00739487 0.01608561
v 0.03206445 0.00720541 0.00723685
v 0.03111639 0.00699251 -0.00173227
v 0.02785930 0.00626111 -0.03075602
v 0.02488604 0.00559344 -0.05962790
v 0.02440732 0.00740974 -0.05962790
v 0.02732343 0.00829426 -0.03075602
v 0.03051792 0.00926319 -0.00173227
v 0.03144776 0.00954522 0.00723685
v 0.03227527 0.00979621 0.01608561
v 0.03295969 0.01000379 0.02477191
v 0.03346790 0.01015791 0.03326168
v 0.03377939 0.01025237 0.04153409
v 0.03388586 0.01028463 0.04958102
v 0.03379882 0.01025820 0.05691496
v 0.03493759 0.00518687 0.05691496
v 0.03502758 0.00520022 0.04958102
v 0.03491753 0.00518390 0.04153409
v 0.03459555 0.00513614 0.03326168
v 0.03407024 0.00505821 0.02477191
v 0.03336277 0.00495327 0.01608561
v 0.03250739 0.00482639 0.00723685
v 0.03154624 0.00468381 -0.00173227
v 0.02824417 0.00419400 -0.03075602
v 0.02522985 0.00374687 -0.05962790
v 0.03531498 0.00260865 0.04958102
v 0.03520403 0.00260047 0.04153409
v 0.03487941 0.00257652 0.03326168
v 0.03434979 0.00253746 0.02477191
v 0.03363651 0.00248484 0.01608561
v 0.03277412 0.00242123 0.00723685
v 0.03180508 0.00234975 -0.00173227
v 0.02847593 0.00210417 -0.03075602
v 0.02543688 0.00188000 -0.05962790
v 0.02507623 0.00000296 -0.06409451
v 0.02500566 0.00000296 -0.06438007
v 0.02485506 0.00000296 -0.06463275
v 0.02463745 0.00000296 -0.06483068
v 0.02437167 0.00000296 -0.06495674
v 0.02408070 0.00000296 -0.06500000
v 0.02396462 0.00236417 -0.06500000
v 0.02361781 0.00470275 -0.06500000
v 0.02304296 0.00699588 -0.06500000
v 0.02224648 0.00922170 -0.06500000
v 0.02123616 0.01135897 -0.06500000
v 0.02002036 0.01338643 -0.06500000
v 0.01861166 0.01528496 -0.06500000
v 0.01702446 0.01703697 -0.06500000
v 0.01527316 0.01862491 -0.06500000
v 0.01337401 0.02003286 -0.06500000
v 0.01134626 0.02124836 -0.06500000
v 0.00920936 0.02225942 -0.06500000
v 0.00698326 0.02305494 -0.06500000
v 0.00468987 0.02362887 -0.06500000
v 0.00235149 0.02397650 -0.06500000
v -0.00000959 0.02409313 -0.06500000
v -0.00237066 0.02397619 -0.06500000
v -0.00470912 0.02362883 -0.06500000
v -0.00700254 0.02305516 -0.06500000
v -0.00922851 0.02225932 -0.06500000
v -0.01136510 0.02124771 -0.06500000
v -0.01339264 0.02003193 -0.06500000
v -0.01529197 0.01862430 -0.06500000
v -0.01704389 0.01703716 -0.06500000
v -0.01863071 0.01528490 -0.06500000
v -0.02003869 0.01338578 -0.06500000
v -0.02125478 0.01135848 -0.06500000
v -0.02226588 0.00922170 -0.06500000
v -0.02306044 0.00699548 -0.06500000
v -0.02363334 0.00470201 -0.06500000
v -0.02398073 0.00236363 -0.06500000
v -0.02409874 0.00000268 -0.06500000
v -0.02398357 -0.00235843 -0.06500000
v -0.02363528 -0.00469654 -0.06500000
v -0.02306000 -0.00698949 -0.06500000
v -0.02226435 -0.00921561 -0.06500000
v -0.02125492 -0.01135321 -0.06500000
v -0.02003899 -0.01338052 -0.06500000
v -0.01862929 -0.01527809 -0.06500000
v -0.01704135 -0.01702941 -0.06500000
v -0.01529073 -0.01861801 -0.06500000
v -0.01339298 -0.02002746 -0.06500000
v -0.01136478 -0.02124186 -0.06500000
v -0.00922702 -0.02225091 -0.06500000
v -0.00700109 -0.02304713 -0.06500000
v -0.00470840 -0.02362307 -0.06500000
v -0.00237035 -0.02397127 -0.06500000
v -0.00000926 -0.02408598 -0.06500000
v 0.00235180 -0.02396848 -0.06500000
v 0.00469031 -0.02362181 -0.06500000
v 0.00698378 -0.02304903 -0.06500000
v 0.00920964 -0.02225321 -0.06500000
v 0.01134555 -0.02124073 -0.06500000
v 0.01337230 -0.02002401 -0.06500000
v 0.01527140 -0.01861614 -0.06500000
v 0.01702435 -0.01703023 -0.06500000
v 0.01861266 -0.01527940 -0.06500000
v 0.02001971 -0.01337982 -0.06500000
v 0.02123415 -0.01135159 -0.06500000
v 0.02224549 -0.00921484 -0.06500000
v 0.02304326 -0.00698968 -0.06500000
v 0.02361771 -0.00469659 -0.06500000
v 0.02396447 -0.00235816 -0.06500000
v 0.02408070 0.00000296 -0.06500000
v 0.02437167 0.00000296 -0.06495674
v 0.02463745 0.00000296 -0.06483068
v 0.02485506 0.00000296 -0.06463275
v 0.02500566 0.00000296 -0.06438007
v 0.02507623 0.00000296 -0.06409451
v 0.02495519 -0.00245573 -0.06409451
v 0.02459411 -0.00489080 -0.06409451
v 0.02399591 -0.00727865 -0.06409451
v 0.02316517 -0.00959576 -0.06409451
v 0.02211204 -0.01182082 -0.06409451
v 0.02084742 -0.01393286 -0.06409451
v 0.01938222 -0.01591094 -0.06409451
v 0.01772828 -0.01773412 -0.06409451
v 0.01590288 -0.01938557 -0.06409451
v 0.01392530 -0.02085162 -0.06409451
v 0.01181480 -0.02211862 -0.06409451
v 0.00959062 -0.02317295 -0.06409451
v 0.00727277 -0.02400165 -0.06409451
v 0.00488453 -0.02459810 -0.06409451
v 0.00244938 -0.02495910 -0.06409451
v -0.00000925 -0.02508146 -0.06409451
v -0.00246792 -0.02496200 -0.06409451
v -0.00490258 -0.02459941 -0.06409451
v -0.00729001 -0.02399967 -0.06409451
v -0.00960793 -0.02317055 -0.06409451
v -0.01183404 -0.02211980 -0.06409451
v -0.01394605 -0.02085521 -0.06409451
v -0.01592223 -0.01938752 -0.06409451
v -0.01774519 -0.01773327 -0.06409451
v -0.01939875 -0.01590958 -0.06409451
v -0.02086671 -0.01393359 -0.06409451
v -0.02213289 -0.01182251 -0.06409451
v -0.02318403 -0.00959656 -0.06409451
v -0.02401256 -0.00727846 -0.06409451
v -0.02461161 -0.00489075 -0.06409451
v -0.02497429 -0.00245602 -0.06409451
v -0.02509422 0.00000267 -0.06409451
v -0.02497134 0.00246118 -0.06409451
v -0.02460960 0.00489619 -0.06409451
v -0.02401302 0.00728444 -0.06409451
v -0.02318562 0.00960266 -0.06409451
v -0.02213274 0.01182775 -0.06409451
v -0.02086640 0.01393883 -0.06409451
v -0.01940023 0.01591643 -0.06409451
v -0.01774784 0.01774110 -0.06409451
v -0.01592352 0.01939383 -0.06409451
v -0.01394570 0.02085963 -0.06409451
v -0.01183437 0.02212565 -0.06409451
v -0.00960948 0.02317906 -0.06409451
v -0.00729153 0.02400779 -0.06409451
v -0.00490333 0.02460516 -0.06409451
v -0.00246824 0.02496688 -0.06409451
v -0.00000959 0.02508866 -0.06409451
v 0.00244905 0.02496721 -0.06409451
v 0.00488407 0.02460521 -0.06409451
v 0.00727224 0.02400756 -0.06409451
v 0.00959032 0.02317916 -0.06409451
v 0.01181554 0.02212632 -0.06409451
v 0.01392708 0.02086059 -0.06409451
v 0.01590471 0.01939446 -0.06409451
v 0.01772838 0.01774090 -0.06409451
v 0.01938118 0.01591649 -0.06409451
v 0.02084809 0.01393950 -0.06409451
v 0.02211413 0.01182825 -0.06409451
v 0.02316621 0.00960267 -0.06409451
v 0.02399560 0.00728486 -0.06409451
v 0.02459421 0.00489697 -0.06409451
v 0.02495535 0.00246174 -0.06409451
v 0.02401769 0.00380849 -0.06497147
v 0.02419145 0.00383601 -0.06491095
v 0.02435099 0.00386128 -0.06481875
v 0.02449098 0.00388345 -0.06469818
v 0.02460660 0.00390176 -0.06455361
v 0.02466579 0.00391114 -0.06445047
v 0.02473290 0.00392177 -0.06427726
v 0.02312609 0.00752020 -0.06497147
v 0.02329340 0.00757456 -0.06491095
v 0.02344702 0.00762448 -0.06481875
v 0.02358181 0.00766827 -0.06469818
v 0.02369314 0.00770445 -0.06455361
v 0.02375014 0.00772296 -0.06445047
v 0.02381476 0.00774396 -0.06427726
v 0.02166570 0.01104700 -0.06497147
v 0.02182245 0.01112687 -0.06491095
v 0.02196638 0.01120020 -0.06481875
v 0.02209266 0.01126454 -0.06469818
v 0.02219696 0.01131769 -0.06455361
v 0.02225036 0.01134490 -0.06445047
v 0.02231090 0.01137575 -0.06427726
v 0.01967057 0.01430132 -0.06497147
v 0.01981289 0.01440472 -0.06491095
v 0.01994357 0.01449967 -0.06481875
v 0.02005822 0.01458297 -0.06469818
v 0.02015293 0.01465178 -0.06455361
v 0.02020141 0.01468700 -0.06445047
v 0.02025638 0.01472694 -0.06427726
v 0.01719171 0.01720421 -0.06497147
v 0.01731610 0.01732860 -0.06491095
v 0.01743032 0.01744282 -0.06481875
v 0.01753053 0.01754304 -0.06469818
v 0.01761331 0.01762582 -0.06455361
v 0.01765568 0.01766819 -0.06445047
v 0.01770373 0.01771624 -0.06427726
v 0.01428921 0.01968345 -0.06497147
v 0.01439262 0.01982577 -0.06491095
v 0.01448756 0.01995646 -0.06481875
v 0.01457087 0.02007112 -0.06469818
v 0.01463968 0.02016582 -0.06455361
v 0.01467490 0.02021430 -0.06445047
v 0.01471484 0.02026928 -0.06427726
v 0.01103437 0.02167805 -0.06497147
v 0.01111423 0.02183480 -0.06491095
v 0.01118757 0.02197873 -0.06481875
v 0.01125191 0.02210501 -0.06469818
v 0.01130506 0.02220932 -0.06455361
v 0.01133226 0.02226271 -0.06445047
v 0.01136311 0.02232325 -0.06427726
v 0.00750767 0.02313835 -0.06497147
v 0.00756203 0.02330566 -0.06491095
v 0.00761194 0.02345929 -0.06481875
v 0.00765574 0.02359407 -0.06469818
v 0.00769191 0.02370541 -0.06455361
v 0.00771043 0.02376240 -0.06445047
v 0.00773143 0.02382702 -0.06427726
v 0.00379567 0.02402894 -0.06497147
v 0.00382318 0.02420269 -0.06491095
v 0.00384845 0.02436223 -0.06481875
v 0.00387062 0.02450220 -0.06469818
v 0.00388893 0.02461782 -0.06455361
v 0.00389830 0.02467701 -0.06445047
v 0.00390893 0.02474412 -0.06427726
v -0.00000959 0.02432966 -0.06497147
v -0.00000959 0.02450558 -0.06491095
v -0.00000959 0.02466711 -0.06481875
v -0.00000959 0.02480884 -0.06469818
v -0.00000959 0.02492591 -0.06455361
v -0.00000959 0.02498584 -0.06445047
v -0.00000959 0.02505378 -0.06427726
v -0.00381489 0.02402875 -0.06497147
v -0.00384241 0.02420250 -0.06491095
v -0.00386768 0.02436204 -0.06481875
v -0.00388985 0.02450201 -0.06469818
v -0.00390816 0.02461763 -0.06455361
v -0.00391753 0.02467682 -0.06445047
v -0.00392816 0.02474393 -0.06427726
v -0.00752694 0.02313858 -0.06497147
v -0.00758131 0.02330589 -0.06491095
v -0.00763122 0.02345951 -0.06481875
v -0.00767502 0.02359430 -0.06469818
v -0.00771120 0.02370564 -0.06455361
v -0.00772971 0.02376263 -0.06445047
v -0.00775071 0.02382725 -0.06427726
v -0.01105326 0.02167750 -0.06497147
v -0.01113313 0.02183424 -0.06491095
v -0.01120646 0.02197816 -0.06481875
v -0.01127080 0.02210444 -0.06469818
v -0.01132395 0.02220874 -0.06455361
v -0.01135115 0.02226213 -0.06445047
v -0.01138200 0.02232268 -0.06427726
v -0.01430785 0.01968255 -0.06497147
v -0.01441125 0.01982487 -0.06491095
v -0.01450620 0.01995554 -0.06481875
v -0.01458950 0.02007020 -0.06469818
v -0.01465831 0.02016490 -0.06455361
v -0.01469353 0.02021338 -0.06445047
v -0.01473347 0.02026835 -0.06427726
v -0.01721114 0.01720441 -0.06497147
v -0.01733553 0.01732881 -0.06491095
v -0.01744976 0.01744303 -0.06481875
v -0.01754997 0.01754325 -0.06469818
v -0.01763275 0.01762602 -0.06455361
v -0.01767513 0.01766840 -0.06445047
v -0.01772318 0.01771645 -0.06427726
v -0.01968914 0.01430087 -0.06497147
v -0.01983145 0.01440427 -0.06491095
v -0.01996213 0.01449921 -0.06481875
v -0.02007678 0.01458251 -0.06469818
v -0.02017149 0.01465132 -0.06455361
v -0.02021997 0.01468654 -0.06445047
v -0.02027494 0.01472648 -0.06427726
v -0.02168457 0.01104666 -0.06497147
v -0.02184131 0.01112652 -0.06491095
v -0.02198524 0.01119986 -0.06481875
v -0.02211152 0.01126420 -0.06469818
v -0.02221583 0.01131734 -0.06455361
v -0.02226922 0.01134455 -0.06445047
v -0.02232976 0.01137540 -0.06427726
v -0.02314407 0.00751990 -0.06497147
v -0.02331137 0.00757426 -0.06491095
v -0.02346499 0.00762418 -0.06481875
v -0.02359977 0.00766797 -0.06469818
v -0.02371110 0.00770414 -0.06455361
v -0.02376809 0.00772266 -0.06445047
v -0.02383271 0.00774366 -0.06427726
v -0.02403315 0.00380779 -0.06497147
v -0.02420688 0.00383530 -0.06491095
v -0.02436640 0.00386057 -0.06481875
v -0.02450637 0.00388273 -0.06469818
v -0.02462197 0.00390104 -0.06455361
v -0.02468115 0.00391042 -0.06445047
v -0.02474826 0.00392104 -0.06427726
v -0.02433525 0.00000260 -0.06497147
v -0.02451117 0.00000260 -0.06491095
v -0.02467270 0.00000259 -0.06481875
v -0.02481442 0.00000259 -0.06469818
v -0.02493148 0.00000259 -0.06455361
v -0.02499141 0.00000259 -0.06445047
v -0.02505935 0.00000259 -0.06427726
v -0.02403581 -0.00380251 -0.06497147
v -0.02420956 -0.00383002 -0.06491095
v -0.02436910 -0.00385529 -0.06481875
v -0.02450908 -0.00387747 -0.06469818
v -0.02462470 -0.00389578 -0.06455361
v -0.02468388 -0.00390515 -0.06445047
v -0.02475100 -0.00391578 -0.06427726
v -0.02314321 -0.00751384 -0.06497147
v -0.02331051 -0.00756820 -0.06491095
v -0.02346412 -0.00761811 -0.06481875
v -0.02359890 -0.00766191 -0.06469818
v -0.02371023 -0.00769808 -0.06455361
v -0.02376721 -0.00771660 -0.06445047
v -0.02383183 -0.00773759 -0.06427726
v -0.02168433 -0.01104119 -0.06497147
v -0.02184108 -0.01112106 -0.06491095
v -0.02198500 -0.01119440 -0.06481875
v -0.02211128 -0.01125874 -0.06469818
v -0.02221558 -0.01131189 -0.06455361
v -0.02226898 -0.01133909 -0.06445047
v -0.02232952 -0.01136994 -0.06427726
v -0.01968883 -0.01429506 -0.06497147
v -0.01983114 -0.01439846 -0.06491095
v -0.01996182 -0.01449340 -0.06481875
v -0.02007647 -0.01457670 -0.06469818
v -0.02017117 -0.01464551 -0.06455361
v -0.02021965 -0.01468073 -0.06445047
v -0.02027462 -0.01472067 -0.06427726
v -0.01720850 -0.01719672 -0.06497147
v -0.01733287 -0.01732110 -0.06491095
v -0.01744708 -0.01743531 -0.06481875
v -0.01754728 -0.01753551 -0.06469818
v -0.01763005 -0.01761828 -0.06455361
v -0.01767242 -0.01766065 -0.06445047
v -0.01772046 -0.01770870 -0.06427726
v -0.01430776 -0.01967758 -0.06497147
v -0.01441116 -0.01981990 -0.06491095
v -0.01450610 -0.01995059 -0.06481875
v -0.01458941 -0.02006525 -0.06469818
v -0.01465821 -0.02015995 -0.06455361
v -0.01469344 -0.02020844 -0.06445047
v -0.01473337 -0.02026341 -0.06427726
v -0.01105268 -0.02167107 -0.06497147
v -0.01113254 -0.02182781 -0.06491095
v -0.01120587 -0.02197173 -0.06481875
v -0.01127021 -0.02209800 -0.06469818
v -0.01132335 -0.02220230 -0.06455361
v -0.01135055 -0.02225569 -0.06445047
v -0.01138140 -0.02231623 -0.06427726
v -0.00752537 -0.02313019 -0.06497147
v -0.00757973 -0.02329748 -0.06491095
v -0.00762963 -0.02345109 -0.06481875
v -0.00767342 -0.02358586 -0.06469818
v -0.00770959 -0.02369719 -0.06455361
v -0.00772810 -0.02375417 -0.06445047
v -0.00774910 -0.02381879 -0.06427726
v -0.00381442 -0.02402370 -0.06497147
v -0.00384194 -0.02419745 -0.06491095
v -0.00386720 -0.02435699 -0.06481875
v -0.00388937 -0.02449697 -0.06469818
v -0.00390768 -0.02461260 -0.06455361
v -0.00391705 -0.02467179 -0.06445047
v -0.00392768 -0.02473890 -0.06427726
v -0.00000932 -0.02432250 -0.06497147
v -0.00000932 -0.02449841 -0.06491095
v -0.00000932 -0.02465993 -0.06481875
v -0.00000932 -0.02480165 -0.06469818
v -0.00000932 -0.02491872 -0.06455361
v -0.00000932 -0.02497864 -0.06445047
v -0.00000932 -0.02504658 -0.06427726
v 0.00379605 -0.02402137 -0.06497147
v 0.00382357 -0.02419510 -0.06491095
v 0.00384884 -0.02435463 -0.06481875
v 0.00387101 -0.02449460 -0.06469818
v 0.00388933 -0.02461020 -0.06455361
v 0.00389870 -0.02466939 -0.06445047
v 0.00390933 -0.02473649 -0.06427726
v 0.00750818 -0.02313255 -0.06497147
v 0.00756254 -0.02329985 -0.06491095
v 0.00761246 -0.02345348 -0.06481875
v 0.00765626 -0.02358827 -0.06469818
v 0.00769243 -0.02369960 -0.06455361
v 0.00771095 -0.02375659 -0.06445047
v 0.00773195 -0.02382122 -0.06427726
v 0.01103388 -0.02167071 -0.06497147
v 0.01111374 -0.02182745 -0.06491095
v 0.01118707 -0.02197137 -0.06481875
v 0.01125141 -0.02209764 -0.06469818
v 0.01130456 -0.02220194 -0.06455361
v 0.01133176 -0.02225533 -0.06445047
v 0.01136261 -0.02231587 -0.06427726
v 0.01428730 -0.01967438 -0.06497147
v 0.01439069 -0.01981668 -0.06491095
v 0.01448562 -0.01994734 -0.06481875
v 0.01456892 -0.02006198 -0.06469818
v 0.01463772 -0.02015668 -0.06455361
v 0.01467294 -0.02020515 -0.06445047
v 0.01471287 -0.02026011 -0.06427726
v 0.01719167 -0.01719739 -0.06497147
v 0.01731607 -0.01732177 -0.06491095
v 0.01743029 -0.01743599 -0.06481875
v 0.01753050 -0.01753620 -0.06469818
v 0.01761328 -0.01761897 -0.06455361
v 0.01765565 -0.01766134 -0.06445047
v 0.01770370 -0.01770939 -0.06427726
v 0.01967077 -0.01429523 -0.06497147
v 0.01981309 -0.01439863 -0.06491095
v 0.01994377 -0.01449358 -0.06481875
v 0.02005843 -0.01457688 -0.06469818
v 0.02015313 -0.01464568 -0.06455361
v 0.02020161 -0.01468091 -0.06445047
v 0.02025658 -0.01472084 -0.06427726
v 0.02166372 -0.01103964 -0.06497147
v 0.02182046 -0.01111950 -0.06491095
v 0.02196437 -0.01119283 -0.06481875
v 0.02209064 -0.01125716 -0.06469818
v 0.02219494 -0.01131030 -0.06455361
v 0.02224833 -0.01133750 -0.06445047
v 0.02230887 -0.01136835 -0.06427726
v 0.02312624 -0.00751390 -0.06497147
v 0.02329355 -0.00756826 -0.06491095
v 0.02344717 -0.00761818 -0.06481875
v 0.02358196 -0.00766197 -0.06469818
v 0.02369330 -0.00769814 -0.06455361
v 0.02375029 -0.00771666 -0.06445047
v 0.02381492 -0.00773766 -0.06427726
v 0.02401750 -0.00380239 -0.06497147
v 0.02419125 -0.00382991 -0.06491095
v 0.02435080 -0.00385517 -0.06481875
v 0.02449078 -0.00387734 -0.06469818
v 0.02460641 -0.00389566 -0.06455361
v 0.02466560 -0.00390503 -0.06445047
v 0.02473271 -0.00391566 -0.06427726
v 0.02408070 0.00000296 -0.06500000
v 0.02396447 -0.00235816 -0.06500000
v 0.02361771 -0.00469659 -0.06500000
v 0.02304326 -0.00698968 -0.06500000
v 0.02224549 -0.00921484 -0.06500000
v 0.02123415 -0.01135159 -0.06500000
v 0.02001971 -0.01337982 -0.06500000
v 0.01861266 -0.01527940 -0.06500000
v 0.01702435 -0.01703023 -0.06500000
v 0.01527140 -0.01861614 -0.06500000
v 0.01337230 -0.02002401 -0.06500000
v 0.01134555 -0.02124073 -0.06500000
v 0.00920964 -0.02225321 -0.06500000
v 0.00698378 -0.02304903 -0.06500000
v 0.00469031 -0.02362181 -0.06500000
v 0.00235180 -0.02396848 -0.06500000
v -0.00000926 -0.02408598 -0.06500000
v -0.00237035 -0.02397127 -0.06500000
v -0.00470840 -0.02362307 -0.06500000
v -0.00700109 -0.02304713 -0.06500000
v -0.00922702 -0.02225091 -0.06500000
v -0.01136478 -0.02124186 -0.06500000
v -0.01339298 -0.02002746 -0.06500000
v -0.01529073 -0.01861801 -0.06500000
v -0.01704135 -0.01702941 -0.06500000
v -0.01862929 -0.01527809 -0.06500000
v -0.02003899 -0.01338052 -0.06500000
v -0.02125492 -0.01135321 -0.06500000
v -0.02226435 -0.00921561 -0.06500000
v -0.02306000 -0.00698949 -0.06500000
v -0.02363528 -0.00469654 -0.06500000
v -0.02398357 -0.00235843 -0.06500000
v -0.02409874 0.00000268 -0.06500000
v -0.02398073 0.00236363 -0.06500000
v -0.02363334 0.00470201 -0.06500000
v -0.02306044 0.00699548 -0.06500000
v -0.02226588 0.00922170 -0.06500000
v -0.02125478 0.01135848 -0.06500000
v -0.02003869 0.01338578 -0.06500000
v -0.01863071 0.01528490 -0.06500000
v -0.01704389 0.01703716 -0.06500000
v -0.01529197 0.01862430 -0.06500000
v -0.01339264 0.02003193 -0.06500000
v -0.01136510 0.02124771 -0.06500000
v -0.00922851 0.02225932 -0.06500000
v -0.00700254 0.02305516 -0.06500000
v -0.00470912 0.02362883 -0.06500000
v -0.00237066 0.02397619 -0.06500000
v -0.00000959 0.02409313 -0.06500000
v 0.00235149 0.02397650 -0.06500000
v 0.00468987 0.02362887 -0.06500000
v 0.00698326 0.02305494 -0.06500000
v 0.00920936 0.02225942 -0.06500000
v 0.01134626 0.02124836 -0.06500000
v 0.01337401 0.02003286 -0.06500000
v 0.01527316 0.01862491 -0.06500000
v 0.01702446 0.01703697 -0.06500000
v 0.01861166 0.01528496 -0.06500000
v 0.02002036 0.01338643 -0.06500000
v 0.02123616 0.01135897 -0.06500000
v 0.02224648 0.00922170 -0.06500000
v 0.02304296 0.00699588 -0.06500000
v 0.02361781 0.00470275 -0.06500000
v 0.02396462 0.00236417 -0.06500000
v 0.01999051 0.00000296 -0.06000000
v 0.01968666 0.00347593 -0.06000000
v 0.01878436 0.00684337 -0.06000000
v 0.01731102 0.01000296 -0.06000000
v 0.01531140 0.01285872 -0.06000000
v 0.01284626 0.01532385 -0.06000000
v 0.00999051 0.01732347 -0.06000000
v 0.00683091 0.01879682 -0.06000000
v 0.00346347 0.01969912 -0.06000000
v -0.00000949 0.02000296 -0.06000000
v -0.00348245 0.01969912 -0.06000000
v -0.00684989 0.01879682 -0.06000000
v -0.01000949 0.01732347 -0.06000000
v -0.01286524 0.01532385 -0.06000000
v -0.01533038 0.01285872 -0.06000000
v -0.01733000 0.01000296 -0.06000000
v -0.01880334 0.00684337 -0.06000000
v -0.01970564 0.00347593 -0.06000000
v -0.02000949 0.00000296 -0.06000000
v -0.01970564 -0.00347000 -0.06000000
v -0.01880334 -0.00683744 -0.06000000
v -0.01733000 -0.00999704 -0.06000000
v -0.01533038 -0.01285279 -0.06000000
v -0.01286524 -0.01531793 -0.06000000
v -0.01000949 -0.01731754 -0.06000000
v -0.00684989 -0.01879089 -0.06000000
v -0.00348245 -0.01969319 -0.06000000
v -0.00000949 -0.01999704 -0.06000000
v 0.00346347 -0.01969319 -0.06000000
v 0.00683091 -0.01879089 -0.06000000
v 0.00999051 -0.01731754 -0.06000000
v 0.01284626 -0.01531793 -0.06000000
v 0.01531140 -0.01285279 -0.06000000
v 0.01731102 -0.00999704 -0.06000000
v 0.01878436 -0.00683744 -0.06000000
v 0.01968666 -0.00347000 -0.06000000
f 2 94 1
f 1 94 101
f 1 101 43
f 43 101 259
f 43 259 42
f 42 259 255
f 42 255 41
f 41 255 251
f 41 251 40
f 40 251 247
f 40 247 39
f 39 247 243
f 39 243 38
f 38 243 239
f 38 239 37
f 37 239 235
f 37 235 36
f 36 235 231
f 36 231 35
f 35 231 227
f 35 227 34
f 34 227 223
f 34 223 33
f 33 223 219
f 33 219 32
f 32 219 215
f 32 215 31
f 31 215 211
f 31 211 30
f 30 211 207
f 30 207 29
f 29 207 203
f 29 203 28
f 28 203 199
f 28 199 27
f 27 199 195
f 27 195 26
f 26 195 191
f 26 191 25
f 25 191 187
f 25 187 24
f 24 187 182
f 24 182 23
f 23 182 186
f 23 186 22
f 263 87 178
f 263 178 21
f 21 178 174
f 21 174 20
f 20 174 170
f 20 170 19
f 19 170 166
f 19 166 18
f 18 166 162
f 18 162 17
f 17 162 158
f 17 158 16
f 16 158 154
f 16 154 15
f 15 154 150
f 15 150 14
f 14 150 146
f 14 146 13
f 13 146 142
f 13 142 12
f 12 142 138
f 12 138 11
f 11 138 134
f 11 134 10
f 10 134 130
f 10 130 9
f 9 130 126
f 9 126 8
f 8 126 122
f 8 122 7
f 7 122 118
f 7 118 6
f 6 118 114
f 6 114 5
f 5 114 110
f 5 110 4
f 4 110 106
f 4 106 3
f 3 106 102
f 3 102 2
f 2 102 94
f 45 98 44
f 44 98 97
f 44 97 85
f 85 97 105
f 85 105 84
f 84 105 109
f 84 109 83
f 83 109 113
f 83 113 82
f 82 113 117
f 82 117 81
f 81 117 121
f 81 121 80
f 80 121 125
f 80 125 79
f 79 125 129
f 79 129 78
f 78 129 133
f 78 133 77
f 77 133 137
f 77 137 76
f 76 137 141
f 76 141 75
f 75 141 145
f 75 145 74
f 74 145 149
f 74 149 73
f 73 149 153
f 73 153 72
f 72 153 157
f 72 157 71
f 71 157 161
f 71 161 70
f 70 161 165
f 70 165 69
f 69 165 169
f 69 169 68
f 68 169 173
f 68 173 67
f 67 173 177
f 67 177 66
f 66 177 181
f 66 181 65
f 65 181 92
f 86 93 185
f 185 93 91
f 185 91 184
f 184 91 89
f 184 89 183
f 183 89 186
f 183 186 182
f 98 45 262
f 262 45 46
f 262 46 258
f 258 46 47
f 258 47 254
f 254 47 48
f 254 48 250
f 250 48 49
f 250 49 246
f 246 49 50
f 246 50 242
f 242 50 51
f 242 51 238
f 238 51 52
f 238 52 234
f 234 52 53
f 234 53 230
f 230 53 54
f 230 54 226
f 226 54 55
f 226 55 222
f 222 55 56
f 222 56 218
f 218 56 57
f 218 57 214
f 214 57 58
f 214 58 210
f 210 58 59
f 210 59 206
f 206 59 60
f 206 60 202
f 202 60 61
f 202 61 198
f 198 61 62
f 198 62 194
f 194 62 63
f 194 63 190
f 190 63 64
f 190 64 185
f 185 64 86
f 87 88 178
f 178 88 179
f 178 179 174
f 174 179 175
f 174 175 170
f 170 175 171
f 170 171 166
f 166 171 167
f 166 167 162
f 162 167 163
f 162 163 158
f 158 163 159
f 158 159 154
f 154 159 155
f 154 155 150
f 150 155 151
f 150 151 146
f 146 151 147
f 146 147 142
f 142 147 143
f 142 143 138
f 138 143 139
f 138 139 134
f 134 139 135
f 134 135 130
f 130 135 131
f 130 131 126
f 126 131 127
f 126 127 122
f 122 127 123
f 122 123 118
f 118 123 119
f 118 119 114
f 114 119 115
f 114 115 110
f 110 115 111
f 110 111 106
f 106 111 107
f 106 107 102
f 102 107 103
f 102 103 94
f 94 103 95
f 94 95 101
f 101 95 100
f 101 100 259
f 259 100 260
f 259 260 255
f 255 260 256
f 255 256 251
f 251 256 252
f 251 252 247
f 247 252 248
f 247 248 243
f 243 248 244
f 243 244 239
f 239 244 240
f 239 240 235
f 235 240 236
f 235 236 231
f 231 236 232
f 231 232 227
f 227 232 228
f 227 228 223
f 223 228 224
f 223 224 219
f 219 224 220
f 219 220 215
f 215 220 216
f 215 216 211
f 211 216 212
f 211 212 207
f 207 212 208
f 207 208 203
f 203 208 204
f 203 204 199
f 199 204 200
f 199 200 195
f 195 200 196
f 195 196 191
f 191 196 192
f 191 192 187
f 187 192 188
f 187 188 182
f 182 188 183
f 88 90 179
f 179 90 180
f 179 180 175
f 175 180 176
f 175 176 172
f 175 172 171
f 171 172 168
f 171 168 167
f 167 168 164
f 167 164 163
f 163 164 160
f 163 160 159
f 159 160 156
f 159 156 155
f 155 156 152
f 155 152 151
f 151 152 148
f 151 148 147
f 147 148 144
f 147 144 143
f 143 144 140
f 143 140 139
f 139 140 136
f 139 136 135
f 135 136 132
f 135 132 131
f 131 132 128
f 131 128 127
f 127 128 124
f 127 124 123
f 123 124 120
f 123 120 119
f 119 120 116
f 119 116 115
f 115 116 112
f 115 112 111
f 111 112 108
f 111 108 107
f 107 108 104
f 107 104 103
f 103 104 96
f 103 96 95
f 95 96 99
f 95 99 100
f 100 99 261
f 100 261 260
f 260 261 257
f 260 257 256
f 256 257 253
f 256 253 252
f 252 253 249
f 252 249 248
f 248 249 245
f 248 245 244
f 244 245 241
f 244 241 240
f 240 241 237
f 240 237 236
f 236 237 233
f 236 233 232
f 232 233 229
f 232 229 228
f 228 229 225
f 228 225 224
f 224 225 221
f 224 221 220
f 220 221 217
f 220 217 216
f 216 217 213
f 216 213 212
f 212 213 209
f 212 209 208
f 208 209 205
f 208 205 204
f 204 205 201
f 204 201 200
f 200 201 197
f 200 197 196
f 196 197 193
f 196 193 192
f 192 193 189
f 192 189 188
f 188 189 183
f 183 189 184
f 90 92 180
f 180 92 181
f 180 181 176
f 176 181 177
f 176 177 172
f 172 177 173
f 172 173 168
f 168 173 169
f 168 169 164
f 164 169 165
f 164 165 160
f 160 165 161
f 160 161 156
f 156 161 157
f 156 157 152
f 152 157 153
f 152 153 148
f 148 153 149
f 148 149 144
f 144 149 145
f 144 145 140
f 140 145 141
f 140 141 136
f 136 141 137
f 136 137 132
f 132 137 133
f 132 133 128
f 128 133 129
f 128 129 124
f 124 129 125
f 124 125 120
f 120 125 121
f 120 121 116
f 116 121 117
f 116 117 112
f 112 117 113
f 112 113 108
f 108 113 109
f 108 109 104
f 104 109 105
f 104 105 96
f 96 105 97
f 96 97 99
f 99 97 98
f 99 98 261
f 261 98 262
f 261 262 257
f 257 262 258
f 257 258 253
f 253 258 254
f 253 254 249
f 249 254 250
f 249 250 245
f 245 250 246
f 245 246 241
f 241 246 242
f 241 242 237
f 237 242 238
f 237 238 233
f 233 238 234
f 233 234 229
f 229 234 230
f 229 230 225
f 225 230 226
f 225 226 221
f 221 226 222
f 221 222 217
f 217 222 218
f 217 218 213
f 213 218 214
f 213 214 209
f 209 214 210
f 209 210 205
f 205 210 206
f 205 206 201
f 201 206 202
f 201 202 197
f 197 202 198
f 197 198 193
f 193 198 194
f 193 194 189
f 189 194 190
f 189 190 184
f 184 190 185
f 327 264 328
f 328 264 265
f 328 265 370
f 370 265 266
f 370 266 369
f 369 266 267
f 369 267 268
f 369 268 368
f 368 268 269
f 368 269 367
f 367 269 270
f 367 270 271
f 367 271 366
f 366 271 272
f 366 272 365
f 365 272 273
f 365 273 274
f 365 274 364
f 364 274 275
f 364 275 363
f 363 275 276
f 363 276 277
f 363 277 362
f 362 277 278
f 362 278 361
f 361 278 279
f 361 279 280
f 361 280 360
f 360 280 281
f 360 281 359
f 359 281 282
f 359 282 283
f 359 283 358
f 358 283 284
f 358 284 357
f 357 284 285
f 357 285 286
f 357 286 356
f 356 286 287
f 356 287 355
f 355 287 288
f 355 288 289
f 355 289 354
f 354 289 290
f 354 290 353
f 353 290 291
f 353 291 292
f 353 292 352
f 352 292 293
f 352 293 351
f 351 293 294
f 351 294 295
f 351 295 350
f 350 295 296
f 350 296 349
f 349 296 297
f 349 297 348
f 348 297 298
f 348 298 299
f 348 299 347
f 347 299 300
f 347 300 346
f 346 300 301
f 346 301 302
f 346 302 345
f 345 302 303
f 345 303 344
f 344 303 304
f 344 304 305
f 344 305 343
f 343 305 306
f 343 306 342
f 342 306 307
f 342 307 308
f 342 308 341
f 341 308 309
f 341 309 340
f 340 309 310
f 340 310 311
f 340 311 339
f 339 311 312
f 339 312 338
f 338 312 313
f 338 313 314
f 338 314 337
f 337 314 315
f 337 315 336
f 336 315 316
f 336 316 317
f 336 317 335
f 335 317 318
f 335 318 334
f 334 318 319
f 334 319 320
f 334 320 333
f 333 320 321
f 333 321 332
f 332 321 322
f 332 322 323
f 332 323 331
f 331 323 324
f 331 324 330
f 330 324 325
f 330 325 326
f 330 326 329
f 329 326 327
f 329 327 328
f 372 448 371
f 371 448 407
f 371 407 408
f 448 372 447
f 447 372 373
f 447 373 446
f 446 373 374
f 446 374 445
f 445 374 375
f 445 375 444
f 444 375 376
f 444 376 443
f 443 376 377
f 443 377 442
f 442 377 441
f 441 377 378
f 441 378 440
f 440 378 379
f 440 379 439
f 439 379 380
f 439 380 438
f 438 380 381
f 438 381 437
f 437 381 382
f 437 382 436
f 436 382 383
f 436 383 435
f 435 383 434
f 434 383 384
f 434 384 433
f 433 384 385
f 433 385 432
f 432 385 386
f 432 386 431
f 431 386 387
f 431 387 430
f 430 387 388
f 430 388 429
f 429 388 450
f 429 450 428
f 449 389 427
f 427 389 390
f 427 390 426
f 426 390 391
f 426 391 425
f 425 391 392
f 425 392 424
f 424 392 393
f 424 393 423
f 423 393 394
f 423 394 422
f 422 394 395
f 422 395 421
f 421 395 420
f 420 395 396
f 420 396 419
f 419 396 397
f 419 397 418
f 418 397 398
f 418 398 417
f 417 398 399
f 417 399 416
f 416 399 400
f 416 400 415
f 415 400 401
f 415 401 414
f 414 401 413
f 413 401 402
f 413 402 412
f 412 402 403
f 412 403 411
f 411 403 404
f 411 404 410
f 410 404 405
f 410 405 409
f 409 405 406
f 409 406 408
f 408 406 371
f 588 451 595
f 595 451 452
f 595 452 594
f 594 452 593
f 594 593 601
f 601 593 600
f 601 600 607
f 601 607 608
f 608 607 614
f 608 614 615
f 615 614 619
f 615 619 618
f 618 619 628
f 618 628 629
f 629 628 635
f 629 635 636
f 636 635 642
f 636 642 643
f 643 642 649
f 643 649 650
f 650 649 654
f 650 654 653
f 653 654 663
f 653 663 664
f 664 663 670
f 664 670 671
f 671 670 677
f 671 677 678
f 678 677 684
f 678 684 685
f 685 684 689
f 685 689 688
f 688 689 698
f 688 698 699
f 699 698 705
f 699 705 706
f 706 705 712
f 706 712 713
f 713 712 719
f 713 719 720
f 720 719 724
f 720 724 723
f 723 724 733
f 723 733 734
f 734 733 740
f 734 740 741
f 741 740 747
f 741 747 748
f 748 747 754
f 748 754 755
f 755 754 759
f 755 759 758
f 758 759 768
f 758 768 769
f 769 768 775
f 769 775 776
f 776 775 782
f 776 782 783
f 783 782 789
f 783 789 790
f 790 789 794
f 790 794 793
f 793 794 803
f 793 803 804
f 804 803 810
f 804 810 811
f 811 810 817
f 811 817 818
f 818 817 824
f 818 824 825
f 825 824 836
f 825 836 835
f 835 836 831
f 835 831 832
f 832 831 845
f 832 845 846
f 846 845 852
f 846 852 853
f 853 852 859
f 853 859 860
f 860 859 864
f 860 864 863
f 863 864 873
f 863 873 874
f 874 873 880
f 874 880 881
f 881 880 887
f 881 887 888
f 888 887 894
f 888 894 895
f 895 894 906
f 895 906 905
f 905 906 901
f 905 901 902
f 902 901 915
f 902 915 916
f 916 915 922
f 916 922 923
f 923 922 929
f 923 929 930
f 930 929 941
f 930 941 940
f 940 941 936
f 940 936 937
f 937 936 950
f 937 950 951
f 951 950 957
f 951 957 958
f 958 957 964
f 958 964 965
f 965 964 976
f 965 976 975
f 975 976 971
f 975 971 972
f 972 971 985
f 972 985 986
f 986 985 992
f 986 992 993
f 993 992 999
f 993 999 1000
f 1000 999 1011
f 1000 1011 1010
f 1010 1011 1006
f 1010 1006 1007
f 1007 1006 1020
f 1007 1020 1021
f 1021 1020 1027
f 1021 1027 1028
f 1028 1027 1034
f 1028 1034 1035
f 1035 1034 1039
f 1035 1039 1038
f 1038 1039 1048
f 1038 1048 1049
f 1049 1048 1055
f 1049 1055 1056
f 1056 1055 1062
f 1056 1062 1063
f 1063 1062 1069
f 1063 1069 1070
f 1070 1069 1074
f 1070 1074 1073
f 1073 1074 1083
f 1073 1083 1084
f 1084 1083 1090
f 1084 1090 1091
f 1091 1090 1097
f 1091 1097 1098
f 1098 1097 1104
f 1098 1104 1105
f 1105 1104 1109
f 1105 1109 1108
f 1108 1109 1118
f 1108 1118 1119
f 1119 1118 1125
f 1119 1125 1126
f 1126 1125 1132
f 1126 1132 1133
f 1133 1132 1140
f 1140 1132 1139
f 1140 1139 524
f 524 1139 523
f 523 1139 1138
f 523 1138 522
f 522 1138 1137
f 522 1137 1136
f 1136 1137 1129
f 1136 1129 1128
f 1128 1129 1121
f 1128 1121 518
f 518 1121 517
f 517 1121 1114
f 517 1114 516
f 516 1114 1113
f 516 1113 1100
f 1100 1113 1112
f 1100 1112 1101
f 1101 1112 1111
f 1101 1111 1102
f 1102 1111 1110
f 1102 1110 1103
f 1103 1110 1109
f 1103 1109 1104
f 452 453 593
f 593 453 592
f 593 592 600
f 600 592 599
f 600 599 606
f 600 606 607
f 607 606 613
f 607 613 614
f 614 613 620
f 614 620 619
f 619 620 627
f 619 627 628
f 628 627 634
f 628 634 635
f 635 634 641
f 635 641 642
f 642 641 648
f 642 648 649
f 649 648 655
f 649 655 654
f 654 655 662
f 654 662 663
f 663 662 669
f 663 669 670
f 670 669 676
f 670 676 677
f 677 676 683
f 677 683 684
f 684 683 690
f 684 690 689
f 689 690 697
f 689 697 698
f 698 697 704
f 698 704 705
f 705 704 711
f 705 711 712
f 712 711 718
f 712 718 719
f 719 718 725
f 719 725 724
f 724 725 732
f 724 732 733
f 733 732 739
f 733 739 740
f 740 739 746
f 740 746 747
f 747 746 753
f 747 753 754
f 754 753 760
f 754 760 759
f 759 760 767
f 759 767 768
f 768 767 774
f 768 774 775
f 775 774 781
f 775 781 782
f 782 781 788
f 782 788 789
f 789 788 795
f 789 795 794
f 794 795 802
f 794 802 803
f 803 802 809
f 803 809 810
f 810 809 816
f 810 816 817
f 817 816 823
f 817 823 824
f 824 823 837
f 824 837 836
f 836 837 830
f 836 830 831
f 831 830 844
f 831 844 845
f 845 844 851
f 845 851 852
f 852 851 858
f 852 858 859
f 859 858 865
f 859 865 864
f 864 865 872
f 864 872 873
f 873 872 879
f 873 879 880
f 880 879 886
f 880 886 887
f 887 886 893
f 887 893 894
f 894 893 907
f 894 907 906
f 906 907 900
f 906 900 901
f 901 900 914
f 901 914 915
f 915 914 921
f 915 921 922
f 922 921 928
f 922 928 929
f 929 928 942
f 929 942 941
f 941 942 935
f 941 935 936
f 936 935 949
f 936 949 950
f 950 949 956
f 950 956 957
f 957 956 963
f 957 963 964
f 964 963 977
f 964 977 976
f 976 977 970
f 976 970 971
f 971 970 984
f 971 984 985
f 985 984 991
f 985 991 992
f 992 991 998
f 992 998 999
f 999 998 1012
f 999 1012 1011
f 1011 1012 1005
f 1011 1005 1006
f 1006 1005 1019
f 1006 1019 1020
f 1020 1019 1026
f 1020 1026 1027
f 1027 1026 1033
f 1027 1033 1034
f 1034 1033 1040
f 1034 1040 1039
f 1039 1040 1047
f 1039 1047 1048
f 1048 1047 1054
f 1048 1054 1055
f 1055 1054 1061
f 1055 1061 1062
f 1062 1061 1068
f 1062 1068 1069
f 1069 1068 1075
f 1069 1075 1074
f 1074 1075 1082
f 1074 1082 1083
f 1083 1082 1089
f 1083 1089 1090
f 1090 1089 1096
f 1090 1096 1097
f 1097 1096 1103
f 1097 1103 1104
f 453 454 592
f 592 454 591
f 592 591 599
f 599 591 598
f 599 598 605
f 599 605 606
f 606 605 612
f 606 612 613
f 613 612 621
f 613 621 620
f 620 621 626
f 620 626 627
f 627 626 633
f 627 633 634
f 634 633 640
f 634 640 641
f 641 640 647
f 641 647 648
f 648 647 656
f 648 656 655
f 655 656 661
f 655 661 662
f 662 661 668
f 662 668 669
f 669 668 675
f 669 675 676
f 676 675 682
f 676 682 683
f 683 682 691
f 683 691 690
f 690 691 696
f 690 696 697
f 697 696 703
f 697 703 704
f 704 703 710
f 704 710 711
f 711 710 717
f 711 717 718
f 718 717 726
f 718 726 725
f 725 726 731
f 725 731 732
f 732 731 738
f 732 738 739
f 739 738 745
f 739 745 746
f 746 745 752
f 746 752 753
f 753 752 761
f 753 761 760
f 760 761 766
f 760 766 767
f 767 766 773
f 767 773 774
f 774 773 780
f 774 780 781
f 781 780 787
f 781 787 788
f 788 787 796
f 788 796 795
f 795 796 801
f 795 801 802
f 802 801 808
f 802 808 809
f 809 808 815
f 809 815 816
f 816 815 822
f 816 822 823
f 823 822 838
f 823 838 837
f 837 838 829
f 837 829 830
f 830 829 843
f 830 843 844
f 844 843 850
f 844 850 851
f 851 850 857
f 851 857 858
f 858 857 866
f 858 866 865
f 865 866 871
f 865 871 872
f 872 871 878
f 872 878 879
f 879 878 885
f 879 885 886
f 886 885 892
f 886 892 893
f 893 892 908
f 893 908 907
f 907 908 899
f 907 899 900
f 900 899 913
f 900 913 914
f 914 913 920
f 914 920 921
f 921 920 927
f 921 927 928
f 928 927 943
f 928 943 942
f 942 943 934
f 942 934 935
f 935 934 948
f 935 948 949
f 949 948 955
f 949 955 956
f 956 955 962
f 956 962 963
f 963 962 978
f 963 978 977
f 977 978 969
f 977 969 970
f 970 969 983
f 970 983 984
f 984 983 990
f 984 990 991
f 991 990 997
f 991 997 998
f 998 997 1013
f 998 1013 1012
f 1012 1013 1004
f 1012 1004 1005
f 1005 1004 1018
f 1005 1018 1019
f 1019 1018 1025
f 1019 1025 1026
f 1026 1025 1032
f 1026 1032 1033
f 1033 1032 1041
f 1033 1041 1040
f 1040 1041 1046
f 1040 1046 1047
f 1047 1046 1053
f 1047 1053 1054
f 1054 1053 1060
f 1054 1060 1061
f 1061 1060 1067
f 1061 1067 1068
f 1068 1067 1076
f 1068 1076 1075
f 1075 1076 1081
f 1075 1081 1082
f 1082 1081 1088
f 1082 1088 1089
f 1089 1088 1095
f 1089 1095 1096
f 1096 1095 1102
f 1096 1102 1103
f 591 454 590
f 590 454 455
f 590 455 589
f 589 455 456
f 589 456 457
f 589 457 596
f 596 457 458
f 596 458 603
f 603 458 459
f 603 459 610
f 610 459 460
f 610 460 623
f 623 460 624
f 623 624 625
f 625 624 632
f 625 632 633
f 625 633 626
f 460 461 624
f 624 461 631
f 624 631 632
f 632 631 639
f 632 639 640
f 632 640 633
f 461 462 631
f 631 462 638
f 631 638 639
f 639 638 646
f 639 646 647
f 639 647 640
f 462 463 638
f 638 463 645
f 638 645 646
f 646 645 657
f 646 657 656
f 646 656 647
f 463 464 645
f 645 464 658
f 645 658 657
f 657 658 660
f 657 660 661
f 657 661 656
f 658 464 659
f 659 464 465
f 659 465 666
f 666 465 466
f 666 466 673
f 673 466 467
f 673 467 680
f 680 467 468
f 680 468 693
f 693 468 694
f 693 694 695
f 695 694 702
f 695 702 703
f 695 703 696
f 468 469 694
f 694 469 701
f 694 701 702
f 702 701 709
f 702 709 710
f 702 710 703
f 469 470 701
f 701 470 708
f 701 708 709
f 709 708 716
f 709 716 717
f 709 717 710
f 470 471 708
f 708 471 715
f 708 715 716
f 716 715 727
f 716 727 726
f 716 726 717
f 471 472 715
f 715 472 728
f 715 728 727
f 727 728 730
f 727 730 731
f 727 731 726
f 728 472 729
f 729 472 473
f 729 473 736
f 736 473 474
f 736 474 743
f 743 474 475
f 743 475 750
f 750 475 476
f 750 476 763
f 763 476 764
f 763 764 765
f 765 764 772
f 765 772 773
f 765 773 766
f 476 477 764
f 764 477 771
f 764 771 772
f 772 771 779
f 772 779 780
f 772 780 773
f 477 478 771
f 771 478 778
f 771 778 779
f 779 778 786
f 779 786 787
f 779 787 780
f 478 479 778
f 778 479 785
f 778 785 786
f 786 785 797
f 786 797 796
f 786 796 787
f 479 480 785
f 785 480 798
f 785 798 797
f 797 798 800
f 797 800 801
f 797 801 796
f 798 480 799
f 799 480 481
f 799 481 806
f 806 481 482
f 806 482 813
f 813 482 483
f 813 483 820
f 820 483 484
f 820 484 840
f 840 484 827
f 840 827 828
f 828 827 842
f 828 842 843
f 828 843 829
f 484 485 827
f 827 485 841
f 827 841 842
f 842 841 849
f 842 849 850
f 842 850 843
f 485 486 841
f 841 486 848
f 841 848 849
f 849 848 856
f 849 856 857
f 849 857 850
f 486 487 848
f 848 487 855
f 848 855 856
f 856 855 867
f 856 867 866
f 856 866 857
f 487 488 855
f 855 488 868
f 855 868 867
f 867 868 870
f 867 870 871
f 867 871 866
f 868 488 869
f 869 488 489
f 869 489 876
f 876 489 490
f 876 490 883
f 883 490 491
f 883 491 890
f 890 491 492
f 890 492 910
f 910 492 897
f 910 897 898
f 898 897 912
f 898 912 913
f 898 913 899
f 492 493 897
f 897 493 911
f 897 911 912
f 912 911 919
f 912 919 920
f 912 920 913
f 493 494 911
f 911 494 918
f 911 918 919
f 919 918 926
f 919 926 927
f 919 927 920
f 494 495 918
f 918 495 925
f 918 925 926
f 926 925 944
f 926 944 943
f 926 943 927
f 495 496 925
f 925 496 945
f 925 945 944
f 944 945 933
f 944 933 934
f 944 934 943
f 945 496 932
f 932 496 497
f 932 497 946
f 946 497 498
f 946 498 953
f 953 498 499
f 953 499 960
f 960 499 500
f 960 500 980
f 980 500 967
f 980 967 968
f 968 967 982
f 968 982 983
f 968 983 969
f 500 501 967
f 967 501 981
f 967 981 982
f 982 981 989
f 982 989 990
f 982 990 983
f 501 502 981
f 981 502 988
f 981 988 989
f 989 988 996
f 989 996 997
f 989 997 990
f 502 503 988
f 988 503 995
f 988 995 996
f 996 995 1014
f 996 1014 1013
f 996 1013 997
f 503 504 995
f 995 504 1015
f 995 1015 1014
f 1014 1015 1003
f 1014 1003 1004
f 1014 1004 1013
f 1015 504 1002
f 1002 504 505
f 1002 505 1016
f 1016 505 506
f 1016 506 1023
f 1023 506 507
f 1023 507 1030
f 1030 507 508
f 1030 508 1043
f 1043 508 1044
f 1043 1044 1045
f 1045 1044 1052
f 1045 1052 1053
f 1045 1053 1046
f 508 509 1044
f 1044 509 1051
f 1044 1051 1052
f 1052 1051 1059
f 1052 1059 1060
f 1052 1060 1053
f 509 510 1051
f 1051 510 1058
f 1051 1058 1059
f 1059 1058 1066
f 1059 1066 1067
f 1059 1067 1060
f 510 511 1058
f 1058 511 1065
f 1058 1065 1066
f 1066 1065 1077
f 1066 1077 1076
f 1066 1076 1067
f 511 512 1065
f 1065 512 1078
f 1065 1078 1077
f 1077 1078 1080
f 1077 1080 1081
f 1077 1081 1076
f 1078 512 1079
f 1079 512 513
f 1079 513 1086
f 1086 513 514
f 1086 514 1093
f 1093 514 515
f 1093 515 1100
f 1100 515 516
f 518 519 1128
f 1128 519 1135
f 1128 1135 1136
f 1136 1135 521
f 1136 521 522
f 519 520 1135
f 1135 520 521
f 1140 524 1141
f 1141 524 525
f 1141 525 526
f 1141 526 1134
f 1134 526 527
f 1134 527 1127
f 1127 527 528
f 1127 528 1120
f 1120 528 529
f 1120 529 1107
f 1107 529 1106
f 1107 1106 1105
f 1105 1106 1098
f 529 530 1106
f 1106 530 1099
f 1106 1099 1098
f 1098 1099 1091
f 530 531 1099
f 1099 531 1092
f 1099 1092 1091
f 1091 1092 1084
f 531 532 1092
f 1092 532 1085
f 1092 1085 1084
f 1084 1085 1073
f 532 533 1085
f 1085 533 1072
f 1085 1072 1073
f 1073 1072 1070
f 1072 533 1071
f 1071 533 534
f 1071 534 1064
f 1064 534 535
f 1064 535 1057
f 1057 535 536
f 1057 536 1050
f 1050 536 537
f 1050 537 1037
f 1037 537 1036
f 1037 1036 1035
f 1035 1036 1028
f 537 538 1036
f 1036 538 1029
f 1036 1029 1028
f 1028 1029 1021
f 538 539 1029
f 1029 539 1022
f 1029 1022 1021
f 1021 1022 1007
f 539 540 1022
f 1022 540 1008
f 1022 1008 1007
f 1007 1008 1010
f 540 541 1008
f 1008 541 1009
f 1008 1009 1010
f 1010 1009 1000
f 1009 541 1001
f 1001 541 542
f 1001 542 994
f 994 542 543
f 994 543 987
f 987 543 544
f 987 544 973
f 973 544 545
f 973 545 974
f 974 545 966
f 974 966 965
f 965 966 958
f 545 546 966
f 966 546 959
f 966 959 958
f 958 959 951
f 546 547 959
f 959 547 952
f 959 952 951
f 951 952 937
f 547 548 952
f 952 548 938
f 952 938 937
f 937 938 940
f 548 549 938
f 938 549 939
f 938 939 940
f 940 939 930
f 939 549 931
f 931 549 550
f 931 550 924
f 924 550 551
f 924 551 917
f 917 551 552
f 917 552 903
f 903 552 553
f 903 553 904
f 904 553 896
f 904 896 895
f 895 896 888
f 553 554 896
f 896 554 889
f 896 889 888
f 888 889 881
f 554 555 889
f 889 555 882
f 889 882 881
f 881 882 874
f 555 556 882
f 882 556 875
f 882 875 874
f 874 875 863
f 556 557 875
f 875 557 862
f 875 862 863
f 863 862 860
f 862 557 861
f 861 557 558
f 861 558 854
f 854 558 559
f 854 559 847
f 847 559 560
f 847 560 833
f 833 560 561
f 833 561 834
f 834 561 826
f 834 826 825
f 825 826 818
f 561 562 826
f 826 562 819
f 826 819 818
f 818 819 811
f 562 563 819
f 819 563 812
f 819 812 811
f 811 812 804
f 563 564 812
f 812 564 805
f 812 805 804
f 804 805 793
f 564 565 805
f 805 565 792
f 805 792 793
f 793 792 790
f 792 565 791
f 791 565 566
f 791 566 784
f 784 566 567
f 784 567 777
f 777 567 568
f 777 568 770
f 770 568 569
f 770 569 757
f 757 569 756
f 757 756 755
f 755 756 748
f 569 570 756
f 756 570 749
f 756 749 748
f 748 749 741
f 570 571 749
f 749 571 742
f 749 742 741
f 741 742 734
f 571 572 742
f 742 572 735
f 742 735 734
f 734 735 723
f 572 573 735
f 735 573 722
f 735 722 723
f 723 722 720
f 722 573 721
f 721 573 574
f 721 574 714
f 714 574 575
f 714 575 707
f 707 575 576
f 707 576 700
f 700 576 577
f 700 577 687
f 687 577 686
f 687 686 685
f 685 686 678
f 577 578 686
f 686 578 679
f 686 679 678
f 678 679 671
f 578 579 679
f 679 579 672
f 679 672 671
f 671 672 664
f 579 580 672
f 672 580 665
f 672 665 664
f 664 665 653
f 580 581 665
f 665 581 652
f 665 652 653
f 653 652 650
f 652 581 651
f 651 581 582
f 651 582 644
f 644 582 583
f 644 583 637
f 637 583 584
f 637 584 630
f 630 584 585
f 630 585 617
f 617 585 616
f 617 616 615
f 615 616 608
f 585 586 616
f 616 586 609
f 616 609 608
f 608 609 601
f 586 587 609
f 609 587 602
f 609 602 601
f 601 602 594
f 587 588 602
f 602 588 595
f 602 595 594
f 598 591 590
f 590 589 597
f 597 589 596
f 597 596 604
f 604 596 603
f 604 603 611
f 611 603 610
f 611 610 622
f 622 610 623
f 622 623 625
f 605 598 597
f 605 597 604
f 597 598 590
f 605 604 611
f 605 611 612
f 612 611 622
f 612 622 621
f 621 622 625
f 621 625 626
f 617 618 630
f 630 618 629
f 630 629 637
f 637 629 636
f 637 636 644
f 644 636 643
f 644 643 651
f 651 643 650
f 651 650 652
f 618 617 615
f 660 658 659
f 660 659 667
f 667 659 666
f 667 666 674
f 674 666 673
f 674 673 681
f 681 673 680
f 681 680 692
f 692 680 693
f 692 693 695
f 661 660 667
f 661 667 668
f 668 667 674
f 668 674 675
f 675 674 681
f 675 681 682
f 682 681 692
f 682 692 691
f 691 692 695
f 691 695 696
f 687 688 700
f 700 688 699
f 700 699 707
f 707 699 706
f 707 706 714
f 714 706 713
f 714 713 721
f 721 713 720
f 721 720 722
f 688 687 685
f 730 728 729
f 730 729 737
f 737 729 736
f 737 736 744
f 744 736 743
f 744 743 751
f 751 743 750
f 751 750 762
f 762 750 763
f 762 763 765
f 731 730 737
f 731 737 738
f 738 737 744
f 738 744 745
f 745 744 751
f 745 751 752
f 752 751 762
f 752 762 761
f 761 762 765
f 761 765 766
f 757 758 770
f 770 758 769
f 770 769 777
f 777 769 776
f 777 776 784
f 784 776 783
f 784 783 791
f 791 783 790
f 791 790 792
f 758 757 755
f 800 798 799
f 800 799 807
f 807 799 806
f 807 806 814
f 814 806 813
f 814 813 821
f 821 813 820
f 821 820 839
f 839 820 840
f 839 840 828
f 801 800 807
f 801 807 808
f 808 807 814
f 808 814 815
f 815 814 821
f 815 821 822
f 822 821 839
f 822 839 838
f 838 839 828
f 838 828 829
f 832 833 835
f 835 833 834
f 835 834 825
f 833 832 847
f 847 832 846
f 847 846 854
f 854 846 853
f 854 853 861
f 861 853 860
f 861 860 862
f 870 868 869
f 870 869 877
f 877 869 876
f 877 876 884
f 884 876 883
f 884 883 891
f 891 883 890
f 891 890 909
f 909 890 910
f 909 910 898
f 871 870 877
f 871 877 878
f 878 877 884
f 878 884 885
f 885 884 891
f 885 891 892
f 892 891 909
f 892 909 908
f 908 909 898
f 908 898 899
f 902 903 905
f 905 903 904
f 905 904 895
f 903 902 917
f 917 902 916
f 917 916 924
f 924 916 923
f 924 923 931
f 931 923 930
f 931 930 939
f 945 932 933
f 933 932 947
f 933 947 948
f 933 948 934
f 932 946 947
f 947 946 954
f 947 954 955
f 947 955 948
f 946 953 954
f 954 953 961
f 954 961 962
f 954 962 955
f 953 960 961
f 961 960 979
f 961 979 978
f 961 978 962
f 968 969 978
f 968 978 979
f 972 973 975
f 975 973 974
f 975 974 965
f 973 972 987
f 987 972 986
f 987 986 994
f 994 986 993
f 994 993 1001
f 1001 993 1000
f 1001 1000 1009
f 960 980 979
f 979 980 968
f 1015 1002 1003
f 1003 1002 1017
f 1003 1017 1018
f 1003 1018 1004
f 1002 1016 1017
f 1017 1016 1024
f 1017 1024 1025
f 1017 1025 1018
f 1016 1023 1024
f 1024 1023 1031
f 1024 1031 1032
f 1024 1032 1025
f 1023 1030 1031
f 1031 1030 1042
f 1031 1042 1041
f 1031 1041 1032
f 1037 1038 1050
f 1050 1038 1049
f 1050 1049 1057
f 1057 1049 1056
f 1057 1056 1064
f 1064 1056 1063
f 1064 1063 1071
f 1071 1063 1070
f 1071 1070 1072
f 1038 1037 1035
f 1041 1042 1045
f 1041 1045 1046
f 1030 1043 1042
f 1042 1043 1045
f 1080 1078 1079
f 1080 1079 1087
f 1087 1079 1086
f 1087 1086 1094
f 1094 1086 1093
f 1094 1093 1101
f 1101 1093 1100
f 1081 1080 1087
f 1081 1087 1088
f 1088 1087 1094
f 1088 1094 1095
f 1095 1094 1101
f 1095 1101 1102
f 1107 1108 1120
f 1120 1108 1119
f 1120 1119 1127
f 1127 1119 1126
f 1127 1126 1134
f 1134 1126 1133
f 1134 1133 1141
f 1141 1133 1140
f 1108 1107 1105
f 1109 1110 1117
f 1109 1117 1118
f 1118 1117 1124
f 1118 1124 1125
f 1125 1124 1131
f 1125 1131 1132
f 1132 1131 1139
f 1139 1131 1138
f 1110 1111 1116
f 1110 1116 1117
f 1117 1116 1123
f 1117 1123 1124
f 1124 1123 1130
f 1124 1130 1131
f 1131 1130 1138
f 1138 1130 1137
f 1111 1112 1115
f 1111 1115 1116
f 1116 1115 1122
f 1116 1122 1123
f 1123 1122 1129
f 1123 1129 1130
f 1130 1129 1137
f 1112 1113 1115
f 1115 1113 1114
f 1115 1114 1122
f 1122 1114 1121
f 1122 1121 1129
f 1289 1142 1291
f 1291 1142 1143
f 1291 1143 1301
f 1301 1143 1144
f 1301 1144 1311
f 1311 1144 1145
f 1311 1145 1321
f 1321 1145 1146
f 1321 1146 1331
f 1331 1146 1147
f 1331 1147 1360
f 1360 1147 1341
f 1360 1341 1342
f 1342 1341 1362
f 1342 1362 1363
f 1342 1363 1343
f 1343 1363 1364
f 1343 1364 1344
f 1344 1364 1365
f 1344 1365 1345
f 1345 1365 1366
f 1345 1366 1346
f 1346 1366 1367
f 1346 1367 1347
f 1347 1367 1368
f 1347 1368 1348
f 1348 1368 1369
f 1348 1369 1349
f 1349 1369 1370
f 1370 1369 1380
f 1370 1380 1273
f 1273 1380 1272
f 1272 1380 1390
f 1272 1390 1271
f 1271 1390 1400
f 1271 1400 1270
f 1270 1400 1411
f 1270 1411 1410
f 1410 1411 1412
f 1410 1412 1409
f 1409 1412 1413
f 1409 1413 1408
f 1408 1413 1414
f 1408 1414 1407
f 1407 1414 1415
f 1407 1415 1406
f 1406 1415 1416
f 1406 1416 1405
f 1405 1416 1417
f 1405 1417 1404
f 1404 1417 1418
f 1404 1418 1403
f 1403 1418 1419
f 1403 1419 1402
f 1402 1419 1420
f 1420 1419 1391
f 1420 1391 1152
f 1152 1391 1151
f 1151 1391 1381
f 1151 1381 1150
f 1150 1381 1371
f 1150 1371 1149
f 1149 1371 1361
f 1149 1361 1148
f 1148 1361 1341
f 1148 1341 1147
f 1420 1152 1401
f 1401 1152 1153
f 1401 1153 1421
f 1421 1153 1154
f 1421 1154 1431
f 1431 1154 1155
f 1431 1155 1441
f 1441 1155 1156
f 1441 1156 1451
f 1451 1156 1157
f 1451 1157 1480
f 1480 1157 1461
f 1480 1461 1462
f 1462 1461 1482
f 1462 1482 1483
f 1462 1483 1463
f 1463 1483 1484
f 1463 1484 1464
f 1464 1484 1485
f 1464 1485 1465
f 1465 1485 1486
f 1465 1486 1466
f 1466 1486 1487
f 1466 1487 1467
f 1467 1487 1488
f 1467 1488 1468
f 1468 1488 1489
f 1468 1489 1469
f 1469 1489 1490
f 1490 1489 1500
f 1490 1500 1263
f 1263 1500 1262
f 1262 1500 1510
f 1262 1510 1261
f 1261 1510 1520
f 1261 1520 1260
f 1260 1520 1531
f 1260 1531 1530
f 1530 1531 1532
f 1530 1532 1529
f 1529 1532 1533
f 1529 1533 1528
f 1528 1533 1534
f 1528 1534 1527
f 1527 1534 1535
f 1527 1535 1526
f 1526 1535 1536
f 1526 1536 1525
f 1525 1536 1537
f 1525 1537 1524
f 1524 1537 1538
f 1524 1538 1523
f 1523 1538 1539
f 1523 1539 1522
f 1522 1539 1540
f 1540 1539 1511
f 1540 1511 1162
f 1162 1511 1161
f 1161 1511 1501
f 1161 1501 1160
f 1160 1501 1491
f 1160 1491 1159
f 1159 1491 1481
f 1159 1481 1158
f 1158 1481 1461
f 1158 1461 1157
f 1540 1162 1521
f 1521 1162 1163
f 1521 1163 1541
f 1541 1163 1164
f 1541 1164 1551
f 1551 1164 1165
f 1551 1165 1561
f 1561 1165 1166
f 1561 1166 1571
f 1571 1166 1167
f 1571 1167 1600
f 1600 1167 1581
f 1600 1581 1582
f 1582 1581 1602
f 1582 1602 1603
f 1582 1603 1583
f 1583 1603 1604
f 1583 1604 1584
f 1584 1604 1605
f 1584 1605 1585
f 1585 1605 1606
f 1585 1606 1586
f 1586 1606 1607
f 1586 1607 1587
f 1587 1607 1608
f 1587 1608 1588
f 1588 1608 1609
f 1588 1609 1589
f 1589 1609 1610
f 1610 1609 1620
f 1610 1620 1253
f 1253 1620 1252
f 1252 1620 1630
f 1252 1630 1251
f 1251 1630 1640
f 1251 1640 1250
f 1250 1640 1641
f 1250 1641 1660
f 1660 1641 1642
f 1660 1642 1659
f 1659 1642 1643
f 1659 1643 1658
f 1658 1643 1644
f 1658 1644 1657
f 1657 1644 1645
f 1657 1645 1656
f 1656 1645 1646
f 1656 1646 1655
f 1655 1646 1647
f 1655 1647 1654
f 1654 1647 1648
f 1654 1648 1653
f 1653 1648 1649
f 1653 1649 1652
f 1652 1649 1650
f 1650 1649 1631
f 1650 1631 1172
f 1172 1631 1171
f 1171 1631 1621
f 1171 1621 1170
f 1170 1621 1611
f 1170 1611 1169
f 1169 1611 1601
f 1169 1601 1168
f 1168 1601 1581
f 1168 1581 1167
f 1650 1172 1651
f 1651 1172 1173
f 1651 1173 1661
f 1661 1173 1174
f 1661 1174 1671
f 1671 1174 1175
f 1671 1175 1681
f 1681 1175 1176
f 1681 1176 1691
f 1691 1176 1177
f 1691 1177 1720
f 1720 1177 1701
f 1720 1701 1702
f 1702 1701 1722
f 1702 1722 1723
f 1702 1723 1703
f 1703 1723 1724
f 1703 1724 1704
f 1704 1724 1725
f 1704 1725 1705
f 1705 1725 1726
f 1705 1726 1706
f 1706 1726 1727
f 1706 1727 1707
f 1707 1727 1728
f 1707 1728 1708
f 1708 1728 1729
f 1708 1729 1709
f 1709 1729 1730
f 1730 1729 1740
f 1730 1740 1243
f 1243 1740 1242
f 1242 1740 1750
f 1242 1750 1241
f 1241 1750 1760
f 1241 1760 1240
f 1240 1760 1771
f 1240 1771 1770
f 1770 1771 1772
f 1770 1772 1769
f 1769 1772 1773
f 1769 1773 1768
f 1768 1773 1774
f 1768 1774 1767
f 1767 1774 1775
f 1767 1775 1766
f 1766 1775 1776
f 1766 1776 1765
f 1765 1776 1777
f 1765 1777 1764
f 1764 1777 1778
f 1764 1778 1763
f 1763 1778 1779
f 1763 1779 1762
f 1762 1779 1780
f 1780 1779 1751
f 1780 1751 1182
f 1182 1751 1181
f 1181 1751 1741
f 1181 1741 1180
f 1180 1741 1731
f 1180 1731 1179
f 1179 1731 1721
f 1179 1721 1178
f 1178 1721 1701
f 1178 1701 1177
f 1780 1182 1761
f 1761 1182 1183
f 1761 1183 1781
f 1781 1183 1184
f 1781 1184 1791
f 1791 1184 1185
f 1791 1185 1820
f 1820 1185 1801
f 1820 1801 1802
f 1802 1801 1822
f 1802 1822 1823
f 1802 1823 1803
f 1803 1823 1824
f 1803 1824 1804
f 1804 1824 1825
f 1804 1825 1805
f 1805 1825 1826
f 1805 1826 1806
f 1806 1826 1827
f 1806 1827 1807
f 1807 1827 1828
f 1807 1828 1808
f 1808 1828 1829
f 1808 1829 1809
f 1809 1829 1830
f 1830 1829 1840
f 1830 1840 1235
f 1235 1840 1234
f 1234 1840 1851
f 1234 1851 1850
f 1850 1851 1852
f 1850 1852 1849
f 1849 1852 1853
f 1849 1853 1848
f 1848 1853 1854
f 1848 1854 1847
f 1847 1854 1855
f 1847 1855 1846
f 1846 1855 1856
f 1846 1856 1845
f 1845 1856 1857
f 1845 1857 1844
f 1844 1857 1858
f 1844 1858 1843
f 1843 1858 1859
f 1843 1859 1842
f 1842 1859 1860
f 1860 1859 1831
f 1860 1831 1188
f 1188 1831 1187
f 1187 1831 1821
f 1187 1821 1186
f 1186 1821 1801
f 1186 1801 1185
f 1860 1188 1841
f 1841 1188 1189
f 1841 1189 1861
f 1861 1189 1190
f 1861 1190 1871
f 1871 1190 1191
f 1871 1191 1900
f 1900 1191 1881
f 1900 1881 1882
f 1882 1881 1902
f 1882 1902 1903
f 1882 1903 1883
f 1883 1903 1904
f 1883 1904 1884
f 1884 1904 1905
f 1884 1905 1885
f 1885 1905 1906
f 1885 1906 1886
f 1886 1906 1907
f 1886 1907 1887
f 1887 1907 1908
f 1887 1908 1888
f 1888 1908 1909
f 1888 1909 1889
f 1889 1909 1910
f 1910 1909 1920
f 1910 1920 1229
f 1229 1920 1228
f 1228 1920 1931
f 1228 1931 1930
f 1930 1931 1932
f 1930 1932 1929
f 1929 1932 1933
f 1929 1933 1928
f 1928 1933 1934
f 1928 1934 1927
f 1927 1934 1935
f 1927 1935 1926
f 1926 1935 1936
f 1926 1936 1925
f 1925 1936 1937
f 1925 1937 1924
f 1924 1937 1938
f 1924 1938 1923
f 1923 1938 1939
f 1923 1939 1922
f 1922 1939 1940
f 1940 1939 1911
f 1940 1911 1194
f 1194 1911 1193
f 1193 1911 1901
f 1193 1901 1192
f 1192 1901 1881
f 1192 1881 1191
f 1940 1194 1921
f 1921 1194 1195
f 1921 1195 1941
f 1941 1195 1196
f 1941 1196 1951
f 1951 1196 1197
f 1951 1197 1980
f 1980 1197 1961
f 1980 1961 1962
f 1962 1961 1982
f 1962 1982 1983
f 1962 1983 1963
f 1963 1983 1984
f 1963 1984 1964
f 1964 1984 1985
f 1964 1985 1965
f 1965 1985 1986
f 1965 1986 1966
f 1966 1986 1987
f 1966 1987 1967
f 1967 1987 1988
f 1967 1988 1968
f 1968 1988 1989
f 1968 1989 1969
f 1969 1989 1990
f 1990 1989 2000
f 1990 2000 1223
f 1223 2000 1222
f 1222 2000 2011
f 1222 2011 2010
f 2010 2011 2012
f 2010 2012 2009
f 2009 2012 2013
f 2009 2013 2008
f 2008 2013 2014
f 2008 2014 2007
f 2007 2014 2015
f 2007 2015 2006
f 2006 2015 2016
f 2006 2016 2005
f 2005 2016 2017
f 2005 2017 2004
f 2004 2017 2018
f 2004 2018 2003
f 2003 2018 2019
f 2003 2019 2002
f 2002 2019 2020
f 2020 2019 1991
f 2020 1991 1200
f 1200 1991 1199
f 1199 1991 1981
f 1199 1981 1198
f 1198 1981 1961
f 1198 1961 1197
f 2020 1200 2001
f 2001 1200 1201
f 2001 1201 2021
f 2021 1201 1202
f 2021 1202 2031
f 2031 1202 1203
f 2031 1203 2060
f 2060 1203 2041
f 2060 2041 2042
f 2042 2041 2062
f 2042 2062 2063
f 2042 2063 2043
f 2043 2063 2064
f 2043 2064 2044
f 2044 2064 2065
f 2044 2065 2045
f 2045 2065 2066
f 2045 2066 2046
f 2046 2066 2067
f 2046 2067 2047
f 2047 2067 2068
f 2047 2068 2048
f 2048 2068 2069
f 2048 2069 2049
f 2049 2069 2070
f 2070 2069 2079
f 2070 2079 1217
f 1217 2079 1216
f 1216 2079 1215
f 1215 2079 2078
f 1215 2078 1214
f 1214 2078 2077
f 1214 2077 1213
f 1213 2077 2076
f 1213 2076 1212
f 1212 2076 2075
f 1212 2075 2074
f 2074 2075 2065
f 2074 2065 2064
f 1203 1204 2041
f 2041 1204 2061
f 2041 2061 2062
f 2062 2061 2071
f 2062 2071 2072
f 2072 2071 1209
f 2072 1209 1210
f 1204 1205 2061
f 2061 1205 1290
f 2061 1290 2071
f 2071 1290 1208
f 2071 1208 1209
f 1205 1206 1290
f 1290 1206 1207
f 1290 1207 1208
f 2072 1210 2073
f 2073 1210 1211
f 2073 1211 2074
f 2074 1211 1212
f 1217 1218 2070
f 2070 1218 2050
f 2070 2050 2049
f 2049 2050 2052
f 2049 2052 2053
f 2049 2053 2048
f 2048 2053 2054
f 2048 2054 2047
f 2047 2054 2055
f 2047 2055 2046
f 2046 2055 2056
f 2046 2056 2045
f 2045 2056 2057
f 2045 2057 2044
f 2044 2057 2058
f 2044 2058 2043
f 2043 2058 2059
f 2043 2059 2042
f 2042 2059 2060
f 2060 2059 2031
f 1218 1219 2050
f 2050 1219 2051
f 2050 2051 2052
f 2052 2051 2039
f 2052 2039 2038
f 2052 2038 2053
f 2053 2038 2037
f 2053 2037 2054
f 2054 2037 2036
f 2054 2036 2055
f 2055 2036 2035
f 2055 2035 2056
f 2056 2035 2034
f 2056 2034 2057
f 2057 2034 2033
f 2057 2033 2058
f 2058 2033 2032
f 2058 2032 2059
f 2059 2032 2031
f 2031 2032 2021
f 2051 1219 2040
f 2040 1219 1220
f 2040 1220 2030
f 2030 1220 1221
f 2030 1221 2010
f 2010 1221 1222
f 1223 1224 1990
f 1990 1224 1970
f 1990 1970 1969
f 1969 1970 1972
f 1969 1972 1973
f 1969 1973 1968
f 1968 1973 1974
f 1968 1974 1967
f 1967 1974 1975
f 1967 1975 1966
f 1966 1975 1976
f 1966 1976 1965
f 1965 1976 1977
f 1965 1977 1964
f 1964 1977 1978
f 1964 1978 1963
f 1963 1978 1979
f 1963 1979 1962
f 1962 1979 1980
f 1980 1979 1951
f 1224 1225 1970
f 1970 1225 1971
f 1970 1971 1972
f 1972 1971 1959
f 1972 1959 1958
f 1972 1958 1973
f 1973 1958 1957
f 1973 1957 1974
f 1974 1957 1956
f 1974 1956 1975
f 1975 1956 1955
f 1975 1955 1976
f 1976 1955 1954
f 1976 1954 1977
f 1977 1954 1953
f 1977 1953 1978
f 1978 1953 1952
f 1978 1952 1979
f 1979 1952 1951
f 1951 1952 1941
f 1971 1225 1960
f 1960 1225 1226
f 1960 1226 1950
f 1950 1226 1227
f 1950 1227 1930
f 1930 1227 1228
f 1229 1230 1910
f 1910 1230 1890
f 1910 1890 1889
f 1889 1890 1892
f 1889 1892 1893
f 1889 1893 1888
f 1888 1893 1894
f 1888 1894 1887
f 1887 1894 1895
f 1887 1895 1886
f 1886 1895 1896
f 1886 1896 1885
f 1885 1896 1897
f 1885 1897 1884
f 1884 1897 1898
f 1884 1898 1883
f 1883 1898 1899
f 1883 1899 1882
f 1882 1899 1900
f 1900 1899 1871
f 1230 1231 1890
f 1890 1231 1891
f 1890 1891 1892
f 1892 1891 1879
f 1892 1879 1878
f 1892 1878 1893
f 1893 1878 1877
f 1893 1877 1894
f 1894 1877 1876
f 1894 1876 1895
f 1895 1876 1875
f 1895 1875 1896
f 1896 1875 1874
f 1896 1874 1897
f 1897 1874 1873
f 1897 1873 1898
f 1898 1873 1872
f 1898 1872 1899
f 1899 1872 1871
f 1871 1872 1861
f 1891 1231 1880
f 1880 1231 1232
f 1880 1232 1870
f 1870 1232 1233
f 1870 1233 1850
f 1850 1233 1234
f 1235 1236 1830
f 1830 1236 1810
f 1830 1810 1809
f 1809 1810 1812
f 1809 1812 1813
f 1809 1813 1808
f 1808 1813 1814
f 1808 1814 1807
f 1807 1814 1815
f 1807 1815 1806
f 1806 1815 1816
f 1806 1816 1805
f 1805 1816 1817
f 1805 1817 1804
f 1804 1817 1818
f 1804 1818 1803
f 1803 1818 1819
f 1803 1819 1802
f 1802 1819 1820
f 1820 1819 1791
f 1236 1237 1810
f 1810 1237 1811
f 1810 1811 1812
f 1812 1811 1799
f 1812 1799 1798
f 1812 1798 1813
f 1813 1798 1797
f 1813 1797 1814
f 1814 1797 1796
f 1814 1796 1815
f 1815 1796 1795
f 1815 1795 1816
f 1816 1795 1794
f 1816 1794 1817
f 1817 1794 1793
f 1817 1793 1818
f 1818 1793 1792
f 1818 1792 1819
f 1819 1792 1791
f 1791 1792 1781
f 1811 1237 1800
f 1800 1237 1238
f 1800 1238 1790
f 1790 1238 1239
f 1790 1239 1770
f 1770 1239 1240
f 1243 1244 1730
f 1730 1244 1710
f 1730 1710 1709
f 1709 1710 1712
f 1709 1712 1713
f 1709 1713 1708
f 1708 1713 1714
f 1708 1714 1707
f 1707 1714 1715
f 1707 1715 1706
f 1706 1715 1716
f 1706 1716 1705
f 1705 1716 1717
f 1705 1717 1704
f 1704 1717 1718
f 1704 1718 1703
f 1703 1718 1719
f 1703 1719 1702
f 1702 1719 1720
f 1720 1719 1691
f 1244 1245 1710
f 1710 1245 1711
f 1710 1711 1712
f 1712 1711 1699
f 1712 1699 1698
f 1712 1698 1713
f 1713 1698 1697
f 1713 1697 1714
f 1714 1697 1696
f 1714 1696 1715
f 1715 1696 1695
f 1715 1695 1716
f 1716 1695 1694
f 1716 1694 1717
f 1717 1694 1693
f 1717 1693 1718
f 1718 1693 1692
f 1718 1692 1719
f 1719 1692 1691
f 1691 1692 1681
f 1711 1245 1700
f 1700 1245 1246
f 1700 1246 1690
f 1690 1246 1247
f 1690 1247 1680
f 1680 1247 1248
f 1680 1248 1670
f 1670 1248 1249
f 1670 1249 1660
f 1660 1249 1250
f 1253 1254 1610
f 1610 1254 1590
f 1610 1590 1589
f 1589 1590 1592
f 1589 1592 1593
f 1589 1593 1588
f 1588 1593 1594
f 1588 1594 1587
f 1587 1594 1595
f 1587 1595 1586
f 1586 1595 1596
f 1586 1596 1585
f 1585 1596 1597
f 1585 1597 1584
f 1584 1597 1598
f 1584 1598 1583
f 1583 1598 1599
f 1583 1599 1582
f 1582 1599 1600
f 1600 1599 1571
f 1254 1255 1590
f 1590 1255 1591
f 1590 1591 1592
f 1592 1591 1579
f 1592 1579 1578
f 1592 1578 1593
f 1593 1578 1577
f 1593 1577 1594
f 1594 1577 1576
f 1594 1576 1595
f 1595 1576 1575
f 1595 1575 1596
f 1596 1575 1574
f 1596 1574 1597
f 1597 1574 1573
f 1597 1573 1598
f 1598 1573 1572
f 1598 1572 1599
f 1599 1572 1571
f 1571 1572 1561
f 1591 1255 1580
f 1580 1255 1256
f 1580 1256 1570
f 1570 1256 1257
f 1570 1257 1560
f 1560 1257 1258
f 1560 1258 1550
f 1550 1258 1259
f 1550 1259 1530
f 1530 1259 1260
f 1263 1264 1490
f 1490 1264 1470
f 1490 1470 1469
f 1469 1470 1472
f 1469 1472 1473
f 1469 1473 1468
f 1468 1473 1474
f 1468 1474 1467
f 1467 1474 1475
f 1467 1475 1466
f 1466 1475 1476
f 1466 1476 1465
f 1465 1476 1477
f 1465 1477 1464
f 1464 1477 1478
f 1464 1478 1463
f 1463 1478 1479
f 1463 1479 1462
f 1462 1479 1480
f 1480 1479 1451
f 1264 1265 1470
f 1470 1265 1471
f 1470 1471 1472
f 1472 1471 1459
f 1472 1459 1458
f 1472 1458 1473
f 1473 1458 1457
f 1473 1457 1474
f 1474 1457 1456
f 1474 1456 1475
f 1475 1456 1455
f 1475 1455 1476
f 1476 1455 1454
f 1476 1454 1477
f 1477 1454 1453
f 1477 1453 1478
f 1478 1453 1452
f 1478 1452 1479
f 1479 1452 1451
f 1451 1452 1441
f 1471 1265 1460
f 1460 1265 1266
f 1460 1266 1450
f 1450 1266 1267
f 1450 1267 1440
f 1440 1267 1268
f 1440 1268 1430
f 1430 1268 1269
f 1430 1269 1410
f 1410 1269 1270
f 1273 1274 1370
f 1370 1274 1350
f 1370 1350 1349
f 1349 1350 1352
f 1349 1352 1353
f 1349 1353 1348
f 1348 1353 1354
f 1348 1354 1347
f 1347 1354 1355
f 1347 1355 1346
f 1346 1355 1356
f 1346 1356 1345
f 1345 1356 1357
f 1345 1357 1344
f 1344 1357 1358
f 1344 1358 1343
f 1343 1358 1359
f 1343 1359 1342
f 1342 1359 1360
f 1360 1359 1331
f 1274 1275 1350
f 1350 1275 1351
f 1350 1351 1352
f 1352 1351 1339
f 1352 1339 1338
f 1352 1338 1353
f 1353 1338 1337
f 1353 1337 1354
f 1354 1337 1336
f 1354 1336 1355
f 1355 1336 1335
f 1355 1335 1356
f 1356 1335 1334
f 1356 1334 1357
f 1357 1334 1333
f 1357 1333 1358
f 1358 1333 1332
f 1358 1332 1359
f 1359 1332 1331
f 1331 1332 1321
f 1351 1275 1340
f 1340 1275 1276
f 1340 1276 1330
f 1330 1276 1277
f 1330 1277 1320
f 1320 1277 1278
f 1320 1278 1310
f 1310 1278 1279
f 1310 1279 1300
f 1300 1279 1280
f 1300 1280 1281
f 1300 1281 1299
f 1299 1281 1282
f 1299 1282 1298
f 1298 1282 1283
f 1298 1283 1297
f 1297 1283 1284
f 1297 1284 1296
f 1296 1284 1295
f 1296 1295 1306
f 1306 1295 1305
f 1306 1305 1315
f 1306 1315 1316
f 1316 1315 1325
f 1316 1325 1326
f 1326 1325 1335
f 1326 1335 1336
f 1284 1285 1295
f 1295 1285 1294
f 1295 1294 1305
f 1305 1294 1304
f 1305 1304 1314
f 1305 1314 1315
f 1315 1314 1324
f 1315 1324 1325
f 1325 1324 1334
f 1325 1334 1335
f 1285 1286 1294
f 1294 1286 1293
f 1294 1293 1304
f 1304 1293 1303
f 1304 1303 1313
f 1304 1313 1314
f 1314 1313 1323
f 1314 1323 1324
f 1324 1323 1333
f 1324 1333 1334
f 1286 1287 1293
f 1293 1287 1292
f 1293 1292 1303
f 1303 1292 1302
f 1303 1302 1312
f 1303 1312 1313
f 1313 1312 1322
f 1313 1322 1323
f 1323 1322 1332
f 1323 1332 1333
f 1287 1288 1292
f 1292 1288 1291
f 1292 1291 1302
f 1302 1291 1301
f 1302 1301 1312
f 1312 1301 1311
f 1312 1311 1322
f 1322 1311 1321
f 1322 1321 1332
f 1288 1289 1291
f 1297 1296 1307
f 1307 1296 1306
f 1307 1306 1316
f 1307 1316 1317
f 1317 1316 1326
f 1317 1326 1327
f 1327 1326 1336
f 1327 1336 1337
f 1298 1297 1308
f 1308 1297 1307
f 1308 1307 1317
f 1308 1317 1318
f 1318 1317 1327
f 1318 1327 1328
f 1328 1327 1337
f 1328 1337 1338
f 1310 1300 1299
f 1299 1298 1309
f 1309 1298 1308
f 1309 1308 1318
f 1309 1318 1319
f 1319 1318 1328
f 1319 1328 1329
f 1329 1328 1338
f 1329 1338 1339
f 1320 1310 1309
f 1309 1310 1299
f 1330 1320 1319
f 1319 1320 1309
f 1340 1330 1329
f 1329 1330 1319
f 1351 1340 1339
f 1339 1340 1329
f 1341 1361 1362
f 1362 1361 1372
f 1362 1372 1373
f 1362 1373 1363
f 1363 1373 1374
f 1363 1374 1364
f 1364 1374 1375
f 1364 1375 1365
f 1365 1375 1376
f 1365 1376 1366
f 1366 1376 1377
f 1366 1377 1367
f 1367 1377 1378
f 1367 1378 1368
f 1368 1378 1379
f 1368 1379 1369
f 1369 1379 1380
f 1380 1379 1390
f 1361 1371 1372
f 1372 1371 1382
f 1372 1382 1383
f 1372 1383 1373
f 1373 1383 1384
f 1373 1384 1374
f 1374 1384 1385
f 1374 1385 1375
f 1375 1385 1386
f 1375 1386 1376
f 1376 1386 1387
f 1376 1387 1377
f 1377 1387 1388
f 1377 1388 1378
f 1378 1388 1389
f 1378 1389 1379
f 1379 1389 1390
f 1390 1389 1400
f 1371 1381 1382
f 1382 1381 1392
f 1382 1392 1393
f 1382 1393 1383
f 1383 1393 1394
f 1383 1394 1384
f 1384 1394 1395
f 1384 1395 1385
f 1385 1395 1396
f 1385 1396 1386
f 1386 1396 1397
f 1386 1397 1387
f 1387 1397 1398
f 1387 1398 1388
f 1388 1398 1399
f 1388 1399 1389
f 1389 1399 1400
f 1400 1399 1411
f 1381 1391 1392
f 1392 1391 1419
f 1392 1419 1418
f 1392 1418 1393
f 1393 1418 1417
f 1393 1417 1394
f 1394 1417 1416
f 1394 1416 1395
f 1395 1416 1415
f 1395 1415 1396
f 1396 1415 1414
f 1396 1414 1397
f 1397 1414 1413
f 1397 1413 1398
f 1398 1413 1412
f 1398 1412 1399
f 1399 1412 1411
f 1420 1401 1402
f 1402 1401 1422
f 1402 1422 1423
f 1402 1423 1403
f 1403 1423 1424
f 1403 1424 1404
f 1404 1424 1425
f 1404 1425 1405
f 1405 1425 1426
f 1405 1426 1406
f 1406 1426 1427
f 1406 1427 1407
f 1407 1427 1428
f 1407 1428 1408
f 1408 1428 1429
f 1408 1429 1409
f 1409 1429 1430
f 1430 1429 1440
f 1430 1410 1409
f 1401 1421 1422
f 1422 1421 1432
f 1422 1432 1433
f 1422 1433 1423
f 1423 1433 1434
f 1423 1434 1424
f 1424 1434 1435
f 1424 1435 1425
f 1425 1435 1436
f 1425 1436 1426
f 1426 1436 1437
f 1426 1437 1427
f 1427 1437 1438
f 1427 1438 1428
f 1428 1438 1439
f 1428 1439 1429
f 1429 1439 1440
f 1440 1439 1450
f 1421 1431 1432
f 1432 1431 1442
f 1432 1442 1443
f 1432 1443 1433
f 1433 1443 1444
f 1433 1444 1434
f 1434 1444 1445
f 1434 1445 1435
f 1435 1445 1446
f 1435 1446 1436
f 1436 1446 1447
f 1436 1447 1437
f 1437 1447 1448
f 1437 1448 1438
f 1438 1448 1449
f 1438 1449 1439
f 1439 1449 1450
f 1450 1449 1460
f 1431 1441 1442
f 1442 1441 1452
f 1442 1452 1453
f 1442 1453 1443
f 1443 1453 1454
f 1443 1454 1444
f 1444 1454 1455
f 1444 1455 1445
f 1445 1455 1456
f 1445 1456 1446
f 1446 1456 1457
f 1446 1457 1447
f 1447 1457 1458
f 1447 1458 1448
f 1448 1458 1459
f 1448 1459 1449
f 1449 1459 1460
f 1460 1459 1471
f 1461 1481 1482
f 1482 1481 1492
f 1482 1492 1493
f 1482 1493 1483
f 1483 1493 1494
f 1483 1494 1484
f 1484 1494 1495
f 1484 1495 1485
f 1485 1495 1496
f 1485 1496 1486
f 1486 1496 1497
f 1486 1497 1487
f 1487 1497 1498
f 1487 1498 1488
f 1488 1498 1499
f 1488 1499 1489
f 1489 1499 1500
f 1500 1499 1510
f 1481 1491 1492
f 1492 1491 1502
f 1492 1502 1503
f 1492 1503 1493
f 1493 1503 1504
f 1493 1504 1494
f 1494 1504 1505
f 1494 1505 1495
f 1495 1505 1506
f 1495 1506 1496
f 1496 1506 1507
f 1496 1507 1497
f 1497 1507 1508
f 1497 1508 1498
f 1498 1508 1509
f 1498 1509 1499
f 1499 1509 1510
f 1510 1509 1520
f 1491 1501 1502
f 1502 1501 1512
f 1502 1512 1513
f 1502 1513 1503
f 1503 1513 1514
f 1503 1514 1504
f 1504 1514 1515
f 1504 1515 1505
f 1505 1515 1516
f 1505 1516 1506
f 1506 1516 1517
f 1506 1517 1507
f 1507 1517 1518
f 1507 1518 1508
f 1508 1518 1519
f 1508 1519 1509
f 1509 1519 1520
f 1520 1519 1531
f 1501 1511 1512
f 1512 1511 1539
f 1512 1539 1538
f 1512 1538 1513
f 1513 1538 1537
f 1513 1537 1514
f 1514 1537 1536
f 1514 1536 1515
f 1515 1536 1535
f 1515 1535 1516
f 1516 1535 1534
f 1516 1534 1517
f 1517 1534 1533
f 1517 1533 1518
f 1518 1533 1532
f 1518 1532 1519
f 1519 1532 1531
f 1540 1521 1522
f 1522 1521 1542
f 1522 1542 1543
f 1522 1543 1523
f 1523 1543 1544
f 1523 1544 1524
f 1524 1544 1545
f 1524 1545 1525
f 1525 1545 1546
f 1525 1546 1526
f 1526 1546 1547
f 1526 1547 1527
f 1527 1547 1548
f 1527 1548 1528
f 1528 1548 1549
f 1528 1549 1529
f 1529 1549 1550
f 1550 1549 1560
f 1550 1530 1529
f 1521 1541 1542
f 1542 1541 1552
f 1542 1552 1553
f 1542 1553 1543
f 1543 1553 1554
f 1543 1554 1544
f 1544 1554 1555
f 1544 1555 1545
f 1545 1555 1556
f 1545 1556 1546
f 1546 1556 1557
f 1546 1557 1547
f 1547 1557 1558
f 1547 1558 1548
f 1548 1558 1559
f 1548 1559 1549
f 1549 1559 1560
f 1560 1559 1570
f 1541 1551 1552
f 1552 1551 1562
f 1552 1562 1563
f 1552 1563 1553
f 1553 1563 1564
f 1553 1564 1554
f 1554 1564 1565
f 1554 1565 1555
f 1555 1565 1566
f 1555 1566 1556
f 1556 1566 1567
f 1556 1567 1557
f 1557 1567 1568
f 1557 1568 1558
f 1558 1568 1569
f 1558 1569 1559
f 1559 1569 1570
f 1570 1569 1580
f 1551 1561 1562
f 1562 1561 1572
f 1562 1572 1573
f 1562 1573 1563
f 1563 1573 1574
f 1563 1574 1564
f 1564 1574 1575
f 1564 1575 1565
f 1565 1575 1576
f 1565 1576 1566
f 1566 1576 1577
f 1566 1577 1567
f 1567 1577 1578
f 1567 1578 1568
f 1568 1578 1579
f 1568 1579 1569
f 1569 1579 1580
f 1580 1579 1591
f 1581 1601 1602
f 1602 1601 1612
f 1602 1612 1613
f 1602 1613 1603
f 1603 1613 1614
f 1603 1614 1604
f 1604 1614 1615
f 1604 1615 1605
f 1605 1615 1616
f 1605 1616 1606
f 1606 1616 1617
f 1606 1617 1607
f 1607 1617 1618
f 1607 1618 1608
f 1608 1618 1619
f 1608 1619 1609
f 1609 1619 1620
f 1620 1619 1630
f 1601 1611 1612
f 1612 1611 1622
f 1612 1622 1623
f 1612 1623 1613
f 1613 1623 1624
f 1613 1624 1614
f 1614 1624 1625
f 1614 1625 1615
f 1615 1625 1626
f 1615 1626 1616
f 1616 1626 1627
f 1616 1627 1617
f 1617 1627 1628
f 1617 1628 1618
f 1618 1628 1629
f 1618 1629 1619
f 1619 1629 1630
f 1630 1629 1640
f 1611 1621 1622
f 1622 1621 1632
f 1622 1632 1633
f 1622 1633 1623
f 1623 1633 1634
f 1623 1634 1624
f 1624 1634 1635
f 1624 1635 1625
f 1625 1635 1636
f 1625 1636 1626
f 1626 1636 1637
f 1626 1637 1627
f 1627 1637 1638
f 1627 1638 1628
f 1628 1638 1639
f 1628 1639 1629
f 1629 1639 1640
f 1640 1639 1641
f 1621 1631 1632
f 1632 1631 1649
f 1632 1649 1648
f 1632 1648 1633
f 1633 1648 1647
f 1633 1647 1634
f 1634 1647 1646
f 1634 1646 1635
f 1635 1646 1645
f 1635 1645 1636
f 1636 1645 1644
f 1636 1644 1637
f 1637 1644 1643
f 1637 1643 1638
f 1638 1643 1642
f 1638 1642 1639
f 1639 1642 1641
f 1652 1650 1651
f 1652 1651 1662
f 1662 1651 1661
f 1662 1661 1672
f 1672 1661 1671
f 1672 1671 1682
f 1682 1671 1681
f 1682 1681 1692
f 1653 1652 1662
f 1653 1662 1663
f 1663 1662 1672
f 1663 1672 1673
f 1673 1672 1682
f 1673 1682 1683
f 1683 1682 1692
f 1683 1692 1693
f 1654 1653 1663
f 1654 1663 1664
f 1664 1663 1673
f 1664 1673 1674
f 1674 1673 1683
f 1674 1683 1684
f 1684 1683 1693
f 1684 1693 1694
f 1655 1654 1664
f 1655 1664 1665
f 1665 1664 1674
f 1665 1674 1675
f 1675 1674 1684
f 1675 1684 1685
f 1685 1684 1694
f 1685 1694 1695
f 1656 1655 1665
f 1656 1665 1666
f 1666 1665 1675
f 1666 1675 1676
f 1676 1675 1685
f 1676 1685 1686
f 1686 1685 1695
f 1686 1695 1696
f 1657 1656 1666
f 1657 1666 1667
f 1667 1666 1676
f 1667 1676 1677
f 1677 1676 1686
f 1677 1686 1687
f 1687 1686 1696
f 1687 1696 1697
f 1658 1657 1667
f 1658 1667 1668
f 1668 1667 1677
f 1668 1677 1678
f 1678 1677 1687
f 1678 1687 1688
f 1688 1687 1697
f 1688 1697 1698
f 1670 1660 1659
f 1659 1658 1668
f 1659 1668 1669
f 1669 1668 1678
f 1669 1678 1679
f 1679 1678 1688
f 1679 1688 1689
f 1689 1688 1698
f 1689 1698 1699
f 1680 1670 1669
f 1669 1670 1659
f 1690 1680 1679
f 1679 1680 1669
f 1700 1690 1689
f 1689 1690 1679
f 1711 1700 1699
f 1699 1700 1689
f 1701 1721 1722
f 1722 1721 1732
f 1722 1732 1733
f 1722 1733 1723
f 1723 1733 1734
f 1723 1734 1724
f 1724 1734 1735
f 1724 1735 1725
f 1725 1735 1736
f 1725 1736 1726
f 1726 1736 1737
f 1726 1737 1727
f 1727 1737 1738
f 1727 1738 1728
f 1728 1738 1739
f 1728 1739 1729
f 1729 1739 1740
f 1740 1739 1750
f 1721 1731 1732
f 1732 1731 1742
f 1732 1742 1743
f 1732 1743 1733
f 1733 1743 1744
f 1733 1744 1734
f 1734 1744 1745
f 1734 1745 1735
f 1735 1745 1746
f 1735 1746 1736
f 1736 1746 1747
f 1736 1747 1737
f 1737 1747 1748
f 1737 1748 1738
f 1738 1748 1749
f 1738 1749 1739
f 1739 1749 1750
f 1750 1749 1760
f 1731 1741 1742
f 1742 1741 1752
f 1742 1752 1753
f 1742 1753 1743
f 1743 1753 1754
f 1743 1754 1744
f 1744 1754 1755
f 1744 1755 1745
f 1745 1755 1756
f 1745 1756 1746
f 1746 1756 1757
f 1746 1757 1747
f 1747 1757 1758
f 1747 1758 1748
f 1748 1758 1759
f 1748 1759 1749
f 1749 1759 1760
f 1760 1759 1771
f 1741 1751 1752
f 1752 1751 1779
f 1752 1779 1778
f 1752 1778 1753
f 1753 1778 1777
f 1753 1777 1754
f 1754 1777 1776
f 1754 1776 1755
f 1755 1776 1775
f 1755 1775 1756
f 1756 1775 1774
f 1756 1774 1757
f 1757 1774 1773
f 1757 1773 1758
f 1758 1773 1772
f 1758 1772 1759
f 1759 1772 1771
f 1780 1761 1762
f 1762 1761 1782
f 1762 1782 1783
f 1762 1783 1763
f 1763 1783 1784
f 1763 1784 1764
f 1764 1784 1785
f 1764 1785 1765
f 1765 1785 1786
f 1765 1786 1766
f 1766 1786 1787
f 1766 1787 1767
f 1767 1787 1788
f 1767 1788 1768
f 1768 1788 1789
f 1768 1789 1769
f 1769 1789 1790
f 1790 1789 1800
f 1790 1770 1769
f 1761 1781 1782
f 1782 1781 1792
f 1782 1792 1793
f 1782 1793 1783
f 1783 1793 1794
f 1783 1794 1784
f 1784 1794 1795
f 1784 1795 1785
f 1785 1795 1796
f 1785 1796 1786
f 1786 1796 1797
f 1786 1797 1787
f 1787 1797 1798
f 1787 1798 1788
f 1788 1798 1799
f 1788 1799 1789
f 1789 1799 1800
f 1800 1799 1811
f 1801 1821 1822
f 1822 1821 1832
f 1822 1832 1833
f 1822 1833 1823
f 1823 1833 1834
f 1823 1834 1824
f 1824 1834 1835
f 1824 1835 1825
f 1825 1835 1836
f 1825 1836 1826
f 1826 1836 1837
f 1826 1837 1827
f 1827 1837 1838
f 1827 1838 1828
f 1828 1838 1839
f 1828 1839 1829
f 1829 1839 1840
f 1840 1839 1851
f 1821 1831 1832
f 1832 1831 1859
f 1832 1859 1858
f 1832 1858 1833
f 1833 1858 1857
f 1833 1857 1834
f 1834 1857 1856
f 1834 1856 1835
f 1835 1856 1855
f 1835 1855 1836
f 1836 1855 1854
f 1836 1854 1837
f 1837 1854 1853
f 1837 1853 1838
f 1838 1853 1852
f 1838 1852 1839
f 1839 1852 1851
f 1860 1841 1842
f 1842 1841 1862
f 1842 1862 1863
f 1842 1863 1843
f 1843 1863 1864
f 1843 1864 1844
f 1844 1864 1865
f 1844 1865 1845
f 1845 1865 1866
f 1845 1866 1846
f 1846 1866 1867
f 1846 1867 1847
f 1847 1867 1868
f 1847 1868 1848
f 1848 1868 1869
f 1848 1869 1849
f 1849 1869 1870
f 1870 1869 1880
f 1870 1850 1849
f 1841 1861 1862
f 1862 1861 1872
f 1862 1872 1873
f 1862 1873 1863
f 1863 1873 1874
f 1863 1874 1864
f 1864 1874 1875
f 1864 1875 1865
f 1865 1875 1876
f 1865 1876 1866
f 1866 1876 1877
f 1866 1877 1867
f 1867 1877 1878
f 1867 1878 1868
f 1868 1878 1879
f 1868 1879 1869
f 1869 1879 1880
f 1880 1879 1891
f 1881 1901 1902
f 1902 1901 1912
f 1902 1912 1913
f 1902 1913 1903
f 1903 1913 1914
f 1903 1914 1904
f 1904 1914 1915
f 1904 1915 1905
f 1905 1915 1916
f 1905 1916 1906
f 1906 1916 1917
f 1906 1917 1907
f 1907 1917 1918
f 1907 1918 1908
f 1908 1918 1919
f 1908 1919 1909
f 1909 1919 1920
f 1920 1919 1931
f 1901 1911 1912
f 1912 1911 1939
f 1912 1939 1938
f 1912 1938 1913
f 1913 1938 1937
f 1913 1937 1914
f 1914 1937 1936
f 1914 1936 1915
f 1915 1936 1935
f 1915 1935 1916
f 1916 1935 1934
f 1916 1934 1917
f 1917 1934 1933
f 1917 1933 1918
f 1918 1933 1932
f 1918 1932 1919
f 1919 1932 1931
f 1940 1921 1922
f 1922 1921 1942
f 1922 1942 1943
f 1922 1943 1923
f 1923 1943 1944
f 1923 1944 1924
f 1924 1944 1945
f 1924 1945 1925
f 1925 1945 1946
f 1925 1946 1926
f 1926 1946 1947
f 1926 1947 1927
f 1927 1947 1948
f 1927 1948 1928
f 1928 1948 1949
f 1928 1949 1929
f 1929 1949 1950
f 1950 1949 1960
f 1950 1930 1929
f 1921 1941 1942
f 1942 1941 1952
f 1942 1952 1953
f 1942 1953 1943
f 1943 1953 1954
f 1943 1954 1944
f 1944 1954 1955
f 1944 1955 1945
f 1945 1955 1956
f 1945 1956 1946
f 1946 1956 1957
f 1946 1957 1947
f 1947 1957 1958
f 1947 1958 1948
f 1948 1958 1959
f 1948 1959 1949
f 1949 1959 1960
f 1960 1959 1971
f 1961 1981 1982
f 1982 1981 1992
f 1982 1992 1993
f 1982 1993 1983
f 1983 1993 1994
f 1983 1994 1984
f 1984 1994 1995
f 1984 1995 1985
f 1985 1995 1996
f 1985 1996 1986
f 1986 1996 1997
f 1986 1997 1987
f 1987 1997 1998
f 1987 1998 1988
f 1988 1998 1999
f 1988 1999 1989
f 1989 1999 2000
f 2000 1999 2011
f 1981 1991 1992
f 1992 1991 2019
f 1992 2019 2018
f 1992 2018 1993
f 1993 2018 2017
f 1993 2017 1994
f 1994 2017 2016
f 1994 2016 1995
f 1995 2016 2015
f 1995 2015 1996
f 1996 2015 2014
f 1996 2014 1997
f 1997 2014 2013
f 1997 2013 1998
f 1998 2013 2012
f 1998 2012 1999
f 1999 2012 2011
f 2020 2001 2002
f 2002 2001 2022
f 2002 2022 2023
f 2002 2023 2003
f 2003 2023 2024
f 2003 2024 2004
f 2004 2024 2025
f 2004 2025 2005
f 2005 2025 2026
f 2005 2026 2006
f 2006 2026 2027
f 2006 2027 2007
f 2007 2027 2028
f 2007 2028 2008
f 2008 2028 2029
f 2008 2029 2009
f 2009 2029 2030
f 2030 2029 2040
f 2030 2010 2009
f 2001 2021 2022
f 2022 2021 2032
f 2022 2032 2033
f 2022 2033 2023
f 2023 2033 2034
f 2023 2034 2024
f 2024 2034 2035
f 2024 2035 2025
f 2025 2035 2036
f 2025 2036 2026
f 2026 2036 2037
f 2026 2037 2027
f 2027 2037 2038
f 2027 2038 2028
f 2028 2038 2039
f 2028 2039 2029
f 2029 2039 2040
f 2040 2039 2051
f 2062 2072 2063
f 2063 2072 2073
f 2063 2073 2064
f 2064 2073 2074
f 2065 2075 2066
f 2066 2075 2076
f 2066 2076 2067
f 2067 2076 2077
f 2067 2077 2068
f 2068 2077 2078
f 2068 2078 2069
f 2069 2078 2079
f 2080 2081 2217
f 2217 2081 2224
f 2217 2224 2216
f 2216 2224 2231
f 2216 2231 2215
f 2215 2231 2214
f 2214 2231 2238
f 2214 2238 2213
f 2213 2238 2212
f 2212 2238 2245
f 2212 2245 2211
f 2211 2245 2252
f 2211 2252 2210
f 2210 2252 2209
f 2209 2252 2259
f 2209 2259 2208
f 2208 2259 2266
f 2208 2266 2207
f 2207 2266 2206
f 2206 2266 2273
f 2206 2273 2205
f 2205 2273 2204
f 2204 2273 2280
f 2204 2280 2203
f 2203 2280 2287
f 2203 2287 2202
f 2202 2287 2201
f 2201 2287 2294
f 2201 2294 2200
f 2200 2294 2301
f 2200 2301 2199
f 2199 2301 2198
f 2198 2301 2308
f 2198 2308 2197
f 2197 2308 2196
f 2196 2308 2315
f 2196 2315 2195
f 2195 2315 2322
f 2195 2322 2194
f 2194 2322 2193
f 2193 2322 2329
f 2193 2329 2192
f 2192 2329 2336
f 2192 2336 2191
f 2191 2336 2190
f 2190 2336 2343
f 2190 2343 2189
f 2189 2343 2188
f 2188 2343 2350
f 2188 2350 2187
f 2187 2350 2357
f 2187 2357 2186
f 2186 2357 2185
f 2185 2357 2364
f 2185 2364 2184
f 2184 2364 2371
f 2184 2371 2183
f 2183 2371 2182
f 2182 2371 2378
f 2182 2378 2181
f 2181 2378 2180
f 2180 2378 2385
f 2180 2385 2179
f 2179 2385 2392
f 2179 2392 2178
f 2178 2392 2177
f 2177 2392 2399
f 2177 2399 2176
f 2176 2399 2406
f 2176 2406 2175
f 2175 2406 2174
f 2174 2406 2413
f 2174 2413 2173
f 2173 2413 2172
f 2172 2413 2420
f 2172 2420 2171
f 2171 2420 2427
f 2171 2427 2170
f 2170 2427 2169
f 2169 2427 2434
f 2169 2434 2168
f 2168 2434 2441
f 2168 2441 2167
f 2167 2441 2166
f 2166 2441 2448
f 2166 2448 2165
f 2165 2448 2164
f 2164 2448 2455
f 2164 2455 2163
f 2163 2455 2462
f 2163 2462 2162
f 2162 2462 2161
f 2161 2462 2469
f 2161 2469 2160
f 2160 2469 2476
f 2160 2476 2159
f 2159 2476 2158
f 2158 2476 2483
f 2158 2483 2157
f 2157 2483 2156
f 2156 2483 2490
f 2156 2490 2155
f 2155 2490 2154
f 2154 2490 2153
f 2153 2490 2489
f 2153 2489 2488
f 2488 2489 2481
f 2488 2481 2480
f 2480 2481 2474
f 2480 2474 2473
f 2473 2474 2467
f 2473 2467 2466
f 2466 2467 2460
f 2466 2460 2459
f 2459 2460 2453
f 2459 2453 2452
f 2452 2453 2446
f 2452 2446 2445
f 2445 2446 2439
f 2445 2439 2438
f 2438 2439 2432
f 2438 2432 2431
f 2431 2432 2425
f 2431 2425 2424
f 2424 2425 2418
f 2424 2418 2417
f 2417 2418 2411
f 2417 2411 2410
f 2410 2411 2404
f 2410 2404 2403
f 2403 2404 2397
f 2403 2397 2396
f 2396 2397 2390
f 2396 2390 2389
f 2389 2390 2383
f 2389 2383 2382
f 2382 2383 2376
f 2382 2376 2375
f 2375 2376 2369
f 2375 2369 2368
f 2368 2369 2362
f 2368 2362 2361
f 2361 2362 2355
f 2361 2355 2354
f 2354 2355 2348
f 2354 2348 2347
f 2347 2348 2341
f 2347 2341 2340
f 2340 2341 2334
f 2340 2334 2333
f 2333 2334 2327
f 2333 2327 2326
f 2326 2327 2320
f 2326 2320 2319
f 2319 2320 2313
f 2319 2313 2312
f 2312 2313 2306
f 2312 2306 2305
f 2305 2306 2299
f 2305 2299 2298
f 2298 2299 2292
f 2298 2292 2291
f 2291 2292 2285
f 2291 2285 2284
f 2284 2285 2278
f 2284 2278 2277
f 2277 2278 2271
f 2277 2271 2270
f 2270 2271 2264
f 2270 2264 2263
f 2263 2264 2257
f 2263 2257 2256
f 2256 2257 2250
f 2256 2250 2249
f 2249 2250 2243
f 2249 2243 2242
f 2242 2243 2236
f 2242 2236 2235
f 2235 2236 2229
f 2235 2229 2228
f 2228 2229 2221
f 2221 2229 2222
f 2221 2222 2082
f 2082 2222 2223
f 2082 2223 2081
f 2081 2223 2224
f 2082 2083 2221
f 2221 2083 2220
f 2221 2220 2228
f 2228 2220 2227
f 2228 2227 2234
f 2228 2234 2235
f 2235 2234 2241
f 2235 2241 2242
f 2242 2241 2248
f 2242 2248 2249
f 2249 2248 2255
f 2249 2255 2256
f 2256 2255 2262
f 2256 2262 2263
f 2263 2262 2269
f 2263 2269 2270
f 2270 2269 2276
f 2270 2276 2277
f 2277 2276 2283
f 2277 2283 2284
f 2284 2283 2290
f 2284 2290 2291
f 2291 2290 2297
f 2291 2297 2298
f 2298 2297 2304
f 2298 2304 2305
f 2305 2304 2311
f 2305 2311 2312
f 2312 2311 2318
f 2312 2318 2319
f 2319 2318 2325
f 2319 2325 2326
f 2326 2325 2332
f 2326 2332 2333
f 2333 2332 2339
f 2333 2339 2340
f 2340 2339 2346
f 2340 2346 2347
f 2347 2346 2353
f 2347 2353 2354
f 2354 2353 2360
f 2354 2360 2361
f 2361 2360 2367
f 2361 2367 2368
f 2368 2367 2374
f 2368 2374 2375
f 2375 2374 2381
f 2375 2381 2382
f 2382 2381 2388
f 2382 2388 2389
f 2389 2388 2395
f 2389 2395 2396
f 2396 2395 2402
f 2396 2402 2403
f 2403 2402 2409
f 2403 2409 2410
f 2410 2409 2416
f 2410 2416 2417
f 2417 2416 2423
f 2417 2423 2424
f 2424 2423 2430
f 2424 2430 2431
f 2431 2430 2437
f 2431 2437 2438
f 2438 2437 2444
f 2438 2444 2445
f 2445 2444 2451
f 2445 2451 2452
f 2452 2451 2458
f 2452 2458 2459
f 2459 2458 2465
f 2459 2465 2466
f 2466 2465 2472
f 2466 2472 2473
f 2473 2472 2479
f 2473 2479 2480
f 2480 2479 2487
f 2487 2479 2486
f 2487 2486 2151
f 2151 2486 2485
f 2151 2485 2150
f 2150 2485 2484
f 2150 2484 2148
f 2148 2484 2147
f 2147 2484 2477
f 2147 2477 2146
f 2146 2477 2145
f 2145 2477 2470
f 2145 2470 2144
f 2144 2470 2143
f 2143 2470 2463
f 2143 2463 2142
f 2142 2463 2456
f 2142 2456 2141
f 2141 2456 2140
f 2140 2456 2449
f 2140 2449 2139
f 2139 2449 2442
f 2139 2442 2138
f 2138 2442 2137
f 2137 2442 2435
f 2137 2435 2136
f 2136 2435 2135
f 2135 2435 2428
f 2135 2428 2134
f 2134 2428 2421
f 2134 2421 2133
f 2133 2421 2132
f 2132 2421 2414
f 2132 2414 2131
f 2131 2414 2407
f 2131 2407 2130
f 2130 2407 2129
f 2129 2407 2400
f 2129 2400 2128
f 2128 2400 2127
f 2127 2400 2393
f 2127 2393 2126
f 2126 2393 2386
f 2126 2386 2125
f 2125 2386 2124
f 2124 2386 2379
f 2124 2379 2123
f 2123 2379 2372
f 2123 2372 2122
f 2122 2372 2121
f 2121 2372 2365
f 2121 2365 2120
f 2120 2365 2119
f 2119 2365 2358
f 2119 2358 2118
f 2118 2358 2351
f 2118 2351 2117
f 2117 2351 2116
f 2116 2351 2344
f 2116 2344 2115
f 2115 2344 2337
f 2115 2337 2114
f 2114 2337 2113
f 2113 2337 2330
f 2113 2330 2112
f 2112 2330 2111
f 2111 2330 2323
f 2111 2323 2110
f 2110 2323 2316
f 2110 2316 2109
f 2109 2316 2108
f 2108 2316 2309
f 2108 2309 2107
f 2107 2309 2302
f 2107 2302 2106
f 2106 2302 2105
f 2105 2302 2295
f 2105 2295 2104
f 2104 2295 2103
f 2103 2295 2288
f 2103 2288 2102
f 2102 2288 2281
f 2102 2281 2101
f 2101 2281 2100
f 2100 2281 2274
f 2100 2274 2099
f 2099 2274 2267
f 2099 2267 2098
f 2098 2267 2097
f 2097 2267 2260
f 2097 2260 2096
f 2096 2260 2095
f 2095 2260 2253
f 2095 2253 2094
f 2094 2253 2246
f 2094 2246 2093
f 2093 2246 2092
f 2092 2246 2239
f 2092 2239 2091
f 2091 2239 2232
f 2091 2232 2090
f 2090 2232 2089
f 2089 2232 2225
f 2089 2225 2088
f 2088 2225 2087
f 2087 2225 2218
f 2087 2218 2086
f 2086 2218 2084
f 2086 2084 2085
f 2220 2083 2219
f 2219 2083 2084
f 2219 2084 2218
f 2148 2149 2150
f 2151 2152 2487
f 2487 2152 2488
f 2487 2488 2480
f 2152 2153 2488
f 2227 2220 2219
f 2219 2218 2226
f 2226 2218 2225
f 2226 2225 2233
f 2233 2225 2232
f 2233 2232 2240
f 2240 2232 2239
f 2240 2239 2247
f 2247 2239 2246
f 2247 2246 2254
f 2254 2246 2253
f 2254 2253 2261
f 2261 2253 2260
f 2261 2260 2268
f 2268 2260 2267
f 2268 2267 2275
f 2275 2267 2274
f 2275 2274 2282
f 2282 2274 2281
f 2282 2281 2289
f 2289 2281 2288
f 2289 2288 2296
f 2296 2288 2295
f 2296 2295 2303
f 2303 2295 2302
f 2303 2302 2310
f 2310 2302 2309
f 2310 2309 2317
f 2317 2309 2316
f 2317 2316 2324
f 2324 2316 2323
f 2324 2323 2331
f 2331 2323 2330
f 2331 2330 2338
f 2338 2330 2337
f 2338 2337 2345
f 2345 2337 2344
f 2345 2344 2352
f 2352 2344 2351
f 2352 2351 2359
f 2359 2351 2358
f 2359 2358 2366
f 2366 2358 2365
f 2366 2365 2373
f 2373 2365 2372
f 2373 2372 2380
f 2380 2372 2379
f 2380 2379 2387
f 2387 2379 2386
f 2387 2386 2394
f 2394 2386 2393
f 2394 2393 2401
f 2401 2393 2400
f 2401 2400 2408
f 2408 2400 2407
f 2408 2407 2415
f 2415 2407 2414
f 2415 2414 2422
f 2422 2414 2421
f 2422 2421 2429
f 2429 2421 2428
f 2429 2428 2436
f 2436 2428 2435
f 2436 2435 2443
f 2443 2435 2442
f 2443 2442 2450
f 2450 2442 2449
f 2450 2449 2457
f 2457 2449 2456
f 2457 2456 2464
f 2464 2456 2463
f 2464 2463 2471
f 2471 2463 2470
f 2471 2470 2478
f 2478 2470 2477
f 2478 2477 2485
f 2485 2477 2484
f 2231 2224 2223
f 2223 2222 2230
f 2230 2222 2229
f 2230 2229 2236
f 2230 2236 2237
f 2237 2236 2243
f 2237 2243 2244
f 2244 2243 2250
f 2244 2250 2251
f 2251 2250 2257
f 2251 2257 2258
f 2258 2257 2264
f 2258 2264 2265
f 2265 2264 2271
f 2265 2271 2272
f 2272 2271 2278
f 2272 2278 2279
f 2279 2278 2285
f 2279 2285 2286
f 2286 2285 2292
f 2286 2292 2293
f 2293 2292 2299
f 2293 2299 2300
f 2300 2299 2306
f 2300 2306 2307
f 2307 2306 2313
f 2307 2313 2314
f 2314 2313 2320
f 2314 2320 2321
f 2321 2320 2327
f 2321 2327 2328
f 2328 2327 2334
f 2328 2334 2335
f 2335 2334 2341
f 2335 2341 2342
f 2342 2341 2348
f 2342 2348 2349
f 2349 2348 2355
f 2349 2355 2356
f 2356 2355 2362
f 2356 2362 2363
f 2363 2362 2369
f 2363 2369 2370
f 2370 2369 2376
f 2370 2376 2377
f 2377 2376 2383
f 2377 2383 2384
f 2384 2383 2390
f 2384 2390 2391
f 2391 2390 2397
f 2391 2397 2398
f 2398 2397 2404
f 2398 2404 2405
f 2405 2404 2411
f 2405 2411 2412
f 2412 2411 2418
f 2412 2418 2419
f 2419 2418 2425
f 2419 2425 2426
f 2426 2425 2432
f 2426 2432 2433
f 2433 2432 2439
f 2433 2439 2440
f 2440 2439 2446
f 2440 2446 2447
f 2447 2446 2453
f 2447 2453 2454
f 2454 2453 2460
f 2454 2460 2461
f 2461 2460 2467
f 2461 2467 2468
f 2468 2467 2474
f 2468 2474 2475
f 2475 2474 2481
f 2475 2481 2482
f 2482 2481 2489
f 2234 2227 2226
f 2234 2226 2233
f 2238 2231 2230
f 2230 2231 2223
f 2226 2227 2219
f 2234 2233 2240
f 2234 2240 2241
f 2241 2240 2247
f 2241 2247 2248
f 2248 2247 2254
f 2248 2254 2255
f 2255 2254 2261
f 2255 2261 2262
f 2262 2261 2268
f 2262 2268 2269
f 2269 2268 2275
f 2269 2275 2276
f 2276 2275 2282
f 2276 2282 2283
f 2283 2282 2289
f 2283 2289 2290
f 2290 2289 2296
f 2290 2296 2297
f 2297 2296 2303
f 2297 2303 2304
f 2304 2303 2310
f 2304 2310 2311
f 2311 2310 2317
f 2311 2317 2318
f 2318 2317 2324
f 2318 2324 2325
f 2325 2324 2331
f 2325 2331 2332
f 2332 2331 2338
f 2332 2338 2339
f 2339 2338 2345
f 2339 2345 2346
f 2346 2345 2352
f 2346 2352 2353
f 2353 2352 2359
f 2353 2359 2360
f 2360 2359 2366
f 2360 2366 2367
f 2367 2366 2373
f 2367 2373 2374
f 2374 2373 2380
f 2374 2380 2381
f 2381 2380 2387
f 2381 2387 2388
f 2388 2387 2394
f 2388 2394 2395
f 2395 2394 2401
f 2395 2401 2402
f 2402 2401 2408
f 2402 2408 2409
f 2409 2408 2415
f 2409 2415 2416
f 2416 2415 2422
f 2416 2422 2423
f 2423 2422 2429
f 2423 2429 2430
f 2430 2429 2436
f 2430 2436 2437
f 2437 2436 2443
f 2437 2443 2444
f 2444 2443 2450
f 2444 2450 2451
f 2451 2450 2457
f 2451 2457 2458
f 2458 2457 2464
f 2458 2464 2465
f 2465 2464 2471
f 2465 2471 2472
f 2472 2471 2478
f 2472 2478 2479
f 2479 2478 2486
f 2486 2478 2485
f 2245 2238 2237
f 2237 2238 2230
f 2252 2245 2244
f 2244 2245 2237
f 2259 2252 2251
f 2251 2252 2244
f 2266 2259 2258
f 2258 2259 2251
f 2273 2266 2265
f 2265 2266 2258
f 2280 2273 2272
f 2272 2273 2265
f 2287 2280 2279
f 2279 2280 2272
f 2294 2287 2286
f 2286 2287 2279
f 2301 2294 2293
f 2293 2294 2286
f 2308 2301 2300
f 2300 2301 2293
f 2315 2308 2307
f 2307 2308 2300
f 2322 2315 2314
f 2314 2315 2307
f 2329 2322 2321
f 2321 2322 2314
f 2336 2329 2328
f 2328 2329 2321
f 2343 2336 2335
f 2335 2336 2328
f 2350 2343 2342
f 2342 2343 2335
f 2357 2350 2349
f 2349 2350 2342
f 2364 2357 2356
f 2356 2357 2349
f 2371 2364 2363
f 2363 2364 2356
f 2378 2371 2370
f 2370 2371 2363
f 2385 2378 2377
f 2377 2378 2370
f 2392 2385 2384
f 2384 2385 2377
f 2399 2392 2391
f 2391 2392 2384
f 2406 2399 2398
f 2398 2399 2391
f 2413 2406 2405
f 2405 2406 2398
f 2420 2413 2412
f 2412 2413 2405
f 2427 2420 2419
f 2419 2420 2412
f 2434 2427 2426
f 2426 2427 2419
f 2441 2434 2433
f 2433 2434 2426
f 2448 2441 2440
f 2440 2441 2433
f 2455 2448 2447
f 2447 2448 2440
f 2462 2455 2454
f 2454 2455 2447
f 2469 2462 2461
f 2461 2462 2454
f 2476 2469 2468
f 2468 2469 2461
f 2483 2476 2475
f 2475 2476 2468
f 2490 2483 2482
f 2482 2483 2475
f 2490 2482 2489
f 2554 2491 2525
f 2525 2491 2492
f 2525 2492 2493
f 2494 2520 2493
f 2493 2520 2521
f 2493 2521 2522
f 2494 2495 2520
f 2520 2495 2496
f 2520 2496 2519
f 2519 2496 2497
f 2519 2497 2518
f 2518 2497 2517
f 2517 2497 2516
f 2516 2497 2515
f 2515 2497 2498
f 2515 2498 2499
f 2499 2500 2515
f 2515 2500 2501
f 2515 2501 2514
f 2514 2501 2502
f 2514 2502 2513
f 2513 2502 2512
f 2512 2502 2511
f 2511 2502 2510
f 2510 2502 2503
f 2510 2503 2504
f 2504 2505 2510
f 2510 2505 2506
f 2510 2506 2509
f 2509 2506 2507
f 2509 2507 2508
f 2522 2523 2493
f 2493 2523 2524
f 2493 2524 2525
f 2526 2552 2525
f 2525 2552 2553
f 2525 2553 2554
f 2526 2527 2552
f 2552 2527 2528
f 2552 2528 2529
f 2530 2548 2529
f 2529 2548 2549
f 2529 2549 2550
f 2548 2530 2547
f 2547 2530 2531
f 2547 2531 2532
f 2532 2533 2547
f 2547 2533 2546
f 2546 2533 2545
f 2545 2533 2544
f 2544 2533 2534
f 2544 2534 2543
f 2543 2534 2542
f 2542 2534 2535
f 2542 2535 2536
f 2536 2537 2542
f 2542 2537 2541
f 2541 2537 2538
f 2541 2538 2540
f 2540 2538 2539
f 2550 2551 2529
f 2529 2551 2552
f 2556 2572 2555
f 2555 2572 2573
f 2555 2573 2590
f 2590 2573 2574
f 2590 2574 2589
f 2589 2574 2575
f 2589 2575 2588
f 2588 2575 2576
f 2588 2576 2587
f 2587 2576 2577
f 2587 2577 2586
f 2586 2577 2578
f 2586 2578 2585
f 2585 2578 2579
f 2585 2579 2584
f 2584 2579 2580
f 2584 2580 2583
f 2583 2580 2581
f 2583 2581 2582
f 2572 2556 2571
f 2571 2556 2557
f 2571 2557 2570
f 2570 2557 2558
f 2570 2558 2569
f 2569 2558 2559
f 2569 2559 2568
f 2568 2559 2560
f 2568 2560 2567
f 2567 2560 2561
f 2567 2561 2566
f 2566 2561 2562
f 2566 2562 2565
f 2565 2562 2563
f 2565 2563 2564

