# source_240.stl → FP++ mesh (m, ×0.001) — 원점 = 바닥 위 0.0850 m · x y = 둘레 중심 (scripts/ops/fpp_object.py, 손으로 고치지 않는다)

o source_240.stl
v 0.02884114 0.00303133 -0.08500000
v 0.02922002 0.00150621 -0.08496593
v 0.02900000 0.00000000 -0.08500000
v 0.02922002 -0.00150621 -0.08496593
v 0.02884114 -0.00303133 -0.08500000
v 0.02891028 -0.00450266 -0.08496593
v 0.02836628 -0.00602944 -0.08500000
v 0.02829409 -0.00745138 -0.08496593
v 0.02758064 -0.00896149 -0.08500000
v 0.02737797 -0.01032111 -0.08496593
v 0.02649282 -0.01179536 -0.08500000
v 0.02617164 -0.01308144 -0.08496593
v 0.02511474 -0.01450000 -0.08500000
v 0.02468788 -0.01570310 -0.08496593
v 0.02346149 -0.01704577 -0.08500000
v 0.02294242 -0.01815830 -0.08496593
v 0.02155120 -0.01940479 -0.08500000
v 0.02095377 -0.02042102 -0.08496593
v 0.01940479 -0.02155120 -0.08500000
v 0.01874300 -0.02246728 -0.08496593
v 0.01704577 -0.02346149 -0.08500000
v 0.01633355 -0.02427537 -0.08496593
v 0.01450000 -0.02511474 -0.08500000
v 0.01375096 -0.02582614 -0.08496593
v 0.01179536 -0.02649282 -0.08500000
v 0.01102261 -0.02710315 -0.08496593
v 0.00896149 -0.02758064 -0.08500000
v 0.00817742 -0.02809285 -0.08496593
v 0.00602944 -0.02836628 -0.08500000
v 0.00524554 -0.02878477 -0.08496593
v 0.00303133 -0.02884114 -0.08500000
v 0.00225806 -0.02917155 -0.08496593
v -0.00000000 -0.02900000 -0.08500000
v -0.00075335 -0.02924912 -0.08496593
v -0.00303133 -0.02884114 -0.08500000
v -0.00375678 -0.02901663 -0.08496593
v -0.00602944 -0.02836628 -0.08500000
v -0.00672039 -0.02847657 -0.08496593
v -0.00896149 -0.02758064 -0.08500000
v -0.00961276 -0.02763464 -0.08496593
v -0.01179536 -0.02649282 -0.08500000
v -0.01240323 -0.02649978 -0.08496593
v -0.01450000 -0.02511474 -0.08500000
v -0.01506223 -0.02508401 -0.08496593
v -0.01704577 -0.02346149 -0.08500000
v -0.01756156 -0.02340235 -0.08496593
v -0.01940479 -0.02155120 -0.08500000
v -0.01987473 -0.02147262 -0.08496593
v -0.02155120 -0.01940479 -0.08500000
v -0.02197723 -0.01931527 -0.08496593
v -0.02346149 -0.01704577 -0.08500000
v -0.02384677 -0.01695318 -0.08496593
v -0.02511474 -0.01450000 -0.08500000
v -0.02546352 -0.01441138 -0.08496593
v -0.02649282 -0.01179536 -0.08500000
v -0.02681035 -0.01171681 -0.08496593
v -0.02758064 -0.00896149 -0.08500000
v -0.02787299 -0.00889804 -0.08496593
v -0.02836628 -0.00602944 -0.08500000
v -0.02864016 -0.00598495 -0.08496593
v -0.02884114 -0.00303133 -0.08500000
v -0.02910374 -0.00300842 -0.08496593
v -0.02900000 0.00000000 -0.08500000
v -0.02925882 0.00000000 -0.08496593
v -0.02910374 0.00300842 -0.08496593
v -0.02950000 0.00000000 -0.08486603
v -0.02934365 0.00303322 -0.08486603
v -0.02970711 0.00000000 -0.08470711
v -0.02954966 0.00305451 -0.08470711
v -0.02986603 0.00000000 -0.08450000
v -0.02970773 0.00307085 -0.08450000
v -0.02996593 -0.00000000 -0.08425882
v -0.02980710 0.00308113 -0.08425882
v -0.02996022 0.00154436 -0.08400000
v -0.02964264 0.00461672 -0.08400000
v 0.02891028 0.00450266 -0.08496593
v 0.02836628 0.00602944 -0.08500000
v 0.02829409 0.00745138 -0.08496593
v 0.02758064 0.00896149 -0.08500000
v 0.02737797 0.01032111 -0.08496593
v 0.02649282 0.01179536 -0.08500000
v 0.02617164 0.01308144 -0.08496593
v 0.02511474 0.01450000 -0.08500000
v 0.02468788 0.01570310 -0.08496593
v 0.02346149 0.01704577 -0.08500000
v 0.02294242 0.01815830 -0.08496593
v 0.02155120 0.01940479 -0.08500000
v 0.02095377 0.02042102 -0.08496593
v 0.01940479 0.02155120 -0.08500000
v 0.01874300 0.02246728 -0.08496593
v 0.01704577 0.02346149 -0.08500000
v 0.01633355 0.02427537 -0.08496593
v 0.01450000 0.02511474 -0.08500000
v 0.01375096 0.02582614 -0.08496593
v 0.01179536 0.02649282 -0.08500000
v 0.01102261 0.02710315 -0.08496593
v 0.00896149 0.02758064 -0.08500000
v 0.00817742 0.02809285 -0.08496593
v 0.00602944 0.02836628 -0.08500000
v 0.00524554 0.02878477 -0.08496593
v 0.00303133 0.02884114 -0.08500000
v 0.00225806 0.02917155 -0.08496593
v 0.00000000 0.02900000 -0.08500000
v -0.00075335 0.02924912 -0.08496593
v -0.00303133 0.02884114 -0.08500000
v -0.00375678 0.02901663 -0.08496593
v -0.00602944 0.02836628 -0.08500000
v -0.00672039 0.02847657 -0.08496593
v -0.00896149 0.02758064 -0.08500000
v -0.00961276 0.02763464 -0.08496593
v -0.01179536 0.02649282 -0.08500000
v -0.01240323 0.02649978 -0.08496593
v -0.01450000 0.02511474 -0.08500000
v -0.01506223 0.02508401 -0.08496593
v -0.01704577 0.02346149 -0.08500000
v -0.01756156 0.02340235 -0.08496593
v -0.01940479 0.02155120 -0.08500000
v -0.01987473 0.02147262 -0.08496593
v -0.02155120 0.01940479 -0.08500000
v -0.02197723 0.01931527 -0.08496593
v -0.02346149 0.01704577 -0.08500000
v -0.02384677 0.01695318 -0.08496593
v -0.02511474 0.01450000 -0.08500000
v -0.02546352 0.01441138 -0.08496593
v -0.02649282 0.01179536 -0.08500000
v -0.02681035 0.01171681 -0.08496593
v -0.02758064 0.00896149 -0.08500000
v -0.02787299 0.00889804 -0.08496593
v -0.02836628 0.00602944 -0.08500000
v -0.02864016 0.00598495 -0.08496593
v -0.02884114 0.00303133 -0.08500000
v 0.02984100 -0.00308463 -0.08400000
v 0.02992619 -0.00154261 -0.08425882
v 0.03000000 -0.00000000 -0.08400000
v 0.02992619 0.00154261 -0.08425882
v 0.02984100 0.00308463 -0.08400000
v 0.02960897 0.00461147 -0.08425882
v 0.02936567 0.00613656 -0.08400000
v 0.02897788 0.00763146 -0.08425882
v 0.02857906 0.00912344 -0.08400000
v 0.02803962 0.01057054 -0.08425882
v 0.02748951 0.01201362 -0.08400000
v 0.02680413 0.01339758 -0.08425882
v 0.02610856 0.01477644 -0.08400000
v 0.02528452 0.01608260 -0.08425882
v 0.02445085 0.01738263 -0.08400000
v 0.02349688 0.01859714 -0.08425882
v 0.02253396 0.01980456 -0.08400000
v 0.02146016 0.02091454 -0.08425882
v 0.02037820 0.02201656 -0.08400000
v 0.01919597 0.02301025 -0.08425882
v 0.01800643 0.02399518 -0.08400000
v 0.01672829 0.02486204 -0.08425882
v 0.01544378 0.02571944 -0.08400000
v 0.01408329 0.02645029 -0.08425882
v 0.01271743 0.02717107 -0.08400000
v 0.01128900 0.02775816 -0.08425882
v 0.00985627 0.02833468 -0.08400000
v 0.00837505 0.02877178 -0.08425882
v 0.00689063 0.02919793 -0.08400000
v 0.00537231 0.02948042 -0.08425882
v 0.00385195 0.02975168 -0.08400000
v 0.00231263 0.02987655 -0.08425882
v 0.00077244 0.02999005 -0.08400000
v -0.00077156 0.02995599 -0.08425882
v -0.00231526 0.02991053 -0.08400000
v -0.00384758 0.02971789 -0.08425882
v -0.00537842 0.02951394 -0.08400000
v -0.00688281 0.02916477 -0.08425882
v -0.00838457 0.02880450 -0.08400000
v -0.00984508 0.02830249 -0.08425882
v -0.01130184 0.02778972 -0.08400000
v -0.01270299 0.02714021 -0.08425882
v -0.01409930 0.02648036 -0.08400000
v -0.01542624 0.02569023 -0.08425882
v -0.01674731 0.02489031 -0.08400000
v -0.01798598 0.02396792 -0.08425882
v -0.01921779 0.02303641 -0.08400000
v -0.02035505 0.02199155 -0.08425882
v -0.02148457 0.02093832 -0.08400000
v -0.02250836 0.01978207 -0.08425882
v -0.02352359 0.01861828 -0.08400000
v -0.02442308 0.01736289 -0.08425882
v -0.02531327 0.01610089 -0.08400000
v -0.02607890 0.01475966 -0.08425882
v -0.02683461 0.01341281 -0.08400000
v -0.02745828 0.01199997 -0.08425882
v -0.02807150 0.01058256 -0.08400000
v -0.02854660 0.00911308 -0.08425882
v -0.02901083 0.00764013 -0.08400000
v -0.02933232 0.00612959 -0.08425882
v 0.02960897 -0.00461147 -0.08425882
v 0.02936567 -0.00613656 -0.08400000
v 0.02897788 -0.00763146 -0.08425882
v 0.02857906 -0.00912344 -0.08400000
v 0.02803962 -0.01057054 -0.08425882
v 0.02748951 -0.01201362 -0.08400000
v 0.02680413 -0.01339758 -0.08425882
v 0.02610856 -0.01477644 -0.08400000
v 0.02528452 -0.01608260 -0.08425882
v 0.02445085 -0.01738263 -0.08400000
v 0.02349688 -0.01859714 -0.08425882
v 0.02253396 -0.01980456 -0.08400000
v 0.02146016 -0.02091454 -0.08425882
v 0.02037820 -0.02201656 -0.08400000
v 0.01919597 -0.02301025 -0.08425882
v 0.01800643 -0.02399518 -0.08400000
v 0.01672829 -0.02486204 -0.08425882
v 0.01544378 -0.02571944 -0.08400000
v 0.01408329 -0.02645029 -0.08425882
v 0.01271743 -0.02717107 -0.08400000
v 0.01128900 -0.02775816 -0.08425882
v 0.00985627 -0.02833468 -0.08400000
v 0.00837505 -0.02877178 -0.08425882
v 0.00689063 -0.02919793 -0.08400000
v 0.00537231 -0.02948042 -0.08425882
v 0.00385195 -0.02975168 -0.08400000
v 0.00231263 -0.02987655 -0.08425882
v 0.00077244 -0.02999005 -0.08400000
v -0.00077156 -0.02995599 -0.08425882
v -0.00231526 -0.02991053 -0.08400000
v -0.00384758 -0.02971789 -0.08425882
v -0.00537842 -0.02951394 -0.08400000
v -0.00688281 -0.02916477 -0.08425882
v -0.00838457 -0.02880450 -0.08400000
v -0.00984508 -0.02830249 -0.08425882
v -0.01130184 -0.02778972 -0.08400000
v -0.01270299 -0.02714021 -0.08425882
v -0.01409930 -0.02648036 -0.08400000
v -0.01542624 -0.02569023 -0.08425882
v -0.01674731 -0.02489031 -0.08400000
v -0.01798598 -0.02396792 -0.08425882
v -0.01921779 -0.02303641 -0.08400000
v -0.02035505 -0.02199155 -0.08425882
v -0.02148457 -0.02093832 -0.08400000
v -0.02250836 -0.01978207 -0.08425882
v -0.02352359 -0.01861828 -0.08400000
v -0.02442308 -0.01736289 -0.08425882
v -0.02531327 -0.01610089 -0.08400000
v -0.02607890 -0.01475966 -0.08425882
v -0.02683461 -0.01341281 -0.08400000
v -0.02745828 -0.01199997 -0.08425882
v -0.02807150 -0.01058256 -0.08400000
v -0.02854660 -0.00911308 -0.08425882
v -0.02901083 -0.00764013 -0.08400000
v -0.02933232 -0.00612959 -0.08425882
v -0.02964264 -0.00461672 -0.08400000
v -0.02980710 -0.00308113 -0.08425882
v -0.02996022 -0.00154436 -0.08400000
v -0.02934365 -0.00303322 -0.08486603
v -0.02887624 -0.00603429 -0.08486603
v -0.02810274 -0.00897139 -0.08486603
v -0.02703135 -0.01181339 -0.08486603
v -0.02567341 -0.01453017 -0.08486603
v -0.02404334 -0.01709292 -0.08486603
v -0.02215839 -0.01947449 -0.08486603
v -0.02003856 -0.02164962 -0.08486603
v -0.01770632 -0.02359526 -0.08486603
v -0.01518639 -0.02529078 -0.08486603
v -0.01250547 -0.02671822 -0.08486603
v -0.00969200 -0.02786243 -0.08486603
v -0.00677579 -0.02871130 -0.08486603
v -0.00378775 -0.02925582 -0.08486603
v -0.00075956 -0.02949022 -0.08486603
v 0.00227668 -0.02941202 -0.08486603
v 0.00528878 -0.02902204 -0.08486603
v 0.00824483 -0.02832442 -0.08486603
v 0.01111347 -0.02732656 -0.08486603
v 0.01386431 -0.02603902 -0.08486603
v 0.01646819 -0.02447547 -0.08486603
v 0.01889750 -0.02265247 -0.08486603
v 0.02112649 -0.02058935 -0.08486603
v 0.02313153 -0.01830798 -0.08486603
v 0.02489138 -0.01583254 -0.08486603
v 0.02638737 -0.01318927 -0.08486603
v 0.02760365 -0.01040619 -0.08486603
v 0.02852732 -0.00751280 -0.08486603
v 0.02914859 -0.00453977 -0.08486603
v 0.02946089 -0.00151862 -0.08486603
v 0.02946089 0.00151862 -0.08486603
v 0.02914859 0.00453977 -0.08486603
v 0.02852732 0.00751280 -0.08486603
v 0.02760365 0.01040619 -0.08486603
v 0.02638737 0.01318927 -0.08486603
v 0.02489138 0.01583254 -0.08486603
v 0.02313153 0.01830798 -0.08486603
v 0.02112649 0.02058935 -0.08486603
v 0.01889750 0.02265247 -0.08486603
v 0.01646819 0.02447547 -0.08486603
v 0.01386431 0.02603902 -0.08486603
v 0.01111347 0.02732656 -0.08486603
v 0.00824483 0.02832442 -0.08486603
v 0.00528878 0.02902204 -0.08486603
v 0.00227668 0.02941202 -0.08486603
v -0.00075956 0.02949022 -0.08486603
v -0.00378775 0.02925582 -0.08486603
v -0.00677579 0.02871130 -0.08486603
v -0.00969200 0.02786243 -0.08486603
v -0.01250547 0.02671822 -0.08486603
v -0.01518639 0.02529078 -0.08486603
v -0.01770632 0.02359526 -0.08486603
v -0.02003856 0.02164962 -0.08486603
v -0.02215839 0.01947449 -0.08486603
v -0.02404334 0.01709292 -0.08486603
v -0.02567341 0.01453017 -0.08486603
v -0.02703135 0.01181339 -0.08486603
v -0.02810274 0.00897139 -0.08486603
v -0.02887624 0.00603429 -0.08486603
v -0.02954966 -0.00305451 -0.08470711
v -0.02907897 -0.00607665 -0.08470711
v -0.02830004 -0.00903437 -0.08470711
v -0.02722112 -0.01189633 -0.08470711
v -0.02585366 -0.01463218 -0.08470711
v -0.02421213 -0.01721292 -0.08470711
v -0.02231396 -0.01961121 -0.08470711
v -0.02017924 -0.02180161 -0.08470711
v -0.01783063 -0.02376091 -0.08470711
v -0.01529300 -0.02546834 -0.08470711
v -0.01259327 -0.02690579 -0.08470711
v -0.00976004 -0.02805804 -0.08470711
v -0.00682336 -0.02891287 -0.08470711
v -0.00381434 -0.02946121 -0.08470711
v -0.00076490 -0.02969726 -0.08470711
v 0.00229266 -0.02961851 -0.08470711
v 0.00532591 -0.02922579 -0.08470711
v 0.00830271 -0.02852328 -0.08470711
v 0.01119150 -0.02751841 -0.08470711
v 0.01396165 -0.02622183 -0.08470711
v 0.01658381 -0.02464730 -0.08470711
v 0.01903017 -0.02281151 -0.08470711
v 0.02127481 -0.02073390 -0.08470711
v 0.02329393 -0.01843651 -0.08470711
v 0.02506613 -0.01594369 -0.08470711
v 0.02657262 -0.01328186 -0.08470711
v 0.02779744 -0.01047924 -0.08470711
v 0.02872760 -0.00756554 -0.08470711
v 0.02935323 -0.00457164 -0.08470711
v 0.02966772 -0.00152928 -0.08470711
v 0.02966772 0.00152928 -0.08470711
v 0.02935323 0.00457164 -0.08470711
v 0.02872760 0.00756554 -0.08470711
v 0.02779744 0.01047924 -0.08470711
v 0.02657262 0.01328186 -0.08470711
v 0.02506613 0.01594369 -0.08470711
v 0.02329393 0.01843651 -0.08470711
v 0.02127481 0.02073390 -0.08470711
v 0.01903017 0.02281151 -0.08470711
v 0.01658381 0.02464730 -0.08470711
v 0.01396165 0.02622183 -0.08470711
v 0.01119150 0.02751841 -0.08470711
v 0.00830271 0.02852328 -0.08470711
v 0.00532591 0.02922579 -0.08470711
v 0.00229266 0.02961851 -0.08470711
v -0.00076490 0.02969726 -0.08470711
v -0.00381434 0.02946121 -0.08470711
v -0.00682336 0.02891287 -0.08470711
v -0.00976004 0.02805804 -0.08470711
v -0.01259327 0.02690579 -0.08470711
v -0.01529300 0.02546834 -0.08470711
v -0.01783063 0.02376091 -0.08470711
v -0.02017924 0.02180161 -0.08470711
v -0.02231396 0.01961121 -0.08470711
v -0.02421213 0.01721292 -0.08470711
v -0.02585366 0.01463218 -0.08470711
v -0.02722112 0.01189633 -0.08470711
v -0.02830004 0.00903437 -0.08470711
v -0.02907897 0.00607665 -0.08470711
v -0.02970773 -0.00307085 -0.08450000
v -0.02923453 -0.00610916 -0.08450000
v -0.02845143 -0.00908270 -0.08450000
v -0.02736674 -0.01195997 -0.08450000
v -0.02599196 -0.01471045 -0.08450000
v -0.02434166 -0.01730501 -0.08450000
v -0.02243332 -0.01971612 -0.08450000
v -0.02028720 -0.02191824 -0.08450000
v -0.01792602 -0.02388802 -0.08450000
v -0.01537481 -0.02560458 -0.08450000
v -0.01266064 -0.02704973 -0.08450000
v -0.00981225 -0.02820814 -0.08450000
v -0.00685986 -0.02906754 -0.08450000
v -0.00383475 -0.02961881 -0.08450000
v -0.00076899 -0.02985612 -0.08450000
v 0.00230492 -0.02977695 -0.08450000
v 0.00535440 -0.02938214 -0.08450000
v 0.00834713 -0.02867586 -0.08450000
v 0.01125136 -0.02766562 -0.08450000
v 0.01403634 -0.02636211 -0.08450000
v 0.01667252 -0.02477915 -0.08450000
v 0.01913197 -0.02293354 -0.08450000
v 0.02138862 -0.02084482 -0.08450000
v 0.02341854 -0.01853514 -0.08450000
v 0.02520022 -0.01602898 -0.08450000
v 0.02671477 -0.01335291 -0.08450000
v 0.02794614 -0.01053530 -0.08450000
v 0.02888128 -0.00760601 -0.08450000
v 0.02951026 -0.00459610 -0.08450000
v 0.02982643 -0.00153747 -0.08450000
v 0.02982643 0.00153747 -0.08450000
v 0.02951026 0.00459610 -0.08450000
v 0.02888128 0.00760601 -0.08450000
v 0.02794614 0.01053530 -0.08450000
v 0.02671477 0.01335291 -0.08450000
v 0.02520022 0.01602898 -0.08450000
v 0.02341854 0.01853514 -0.08450000
v 0.02138862 0.02084482 -0.08450000
v 0.01913197 0.02293354 -0.08450000
v 0.01667252 0.02477915 -0.08450000
v 0.01403634 0.02636211 -0.08450000
v 0.01125136 0.02766562 -0.08450000
v 0.00834713 0.02867586 -0.08450000
v 0.00535440 0.02938214 -0.08450000
v 0.00230492 0.02977695 -0.08450000
v -0.00076899 0.02985612 -0.08450000
v -0.00383475 0.02961881 -0.08450000
v -0.00685986 0.02906754 -0.08450000
v -0.00981225 0.02820814 -0.08450000
v -0.01266064 0.02704973 -0.08450000
v -0.01537481 0.02560458 -0.08450000
v -0.01792602 0.02388802 -0.08450000
v -0.02028720 0.02191824 -0.08450000
v -0.02243332 0.01971612 -0.08450000
v -0.02434166 0.01730501 -0.08450000
v -0.02599196 0.01471045 -0.08450000
v -0.02736674 0.01195997 -0.08450000
v -0.02845143 0.00908270 -0.08450000
v -0.02923453 0.00610916 -0.08450000
v -0.02984100 0.00308463 0.04002077
v -0.02984100 0.00308463 -0.02198962
v -0.03000000 -0.00000000 0.04002077
v -0.03000000 0.00000000 -0.02198962
v -0.02984100 -0.00308463 0.04002077
v -0.02984100 -0.00308463 -0.02198962
v -0.02936567 -0.00613656 0.04002077
v -0.02936567 -0.00613656 -0.02198962
v -0.02857906 -0.00912344 0.04002077
v -0.02857906 -0.00912344 -0.02198962
v -0.02748951 -0.01201362 0.04002077
v -0.02748951 -0.01201362 -0.02198962
v -0.02610856 -0.01477644 0.04002077
v -0.02610856 -0.01477644 -0.02198962
v -0.02445085 -0.01738263 0.04002077
v -0.02445085 -0.01738263 -0.02198962
v -0.02253396 -0.01980456 0.04002077
v -0.02253396 -0.01980456 -0.02198962
v -0.02037820 -0.02201656 0.04002077
v -0.02037820 -0.02201656 -0.02198962
v -0.01800643 -0.02399518 0.04002077
v -0.01800643 -0.02399518 -0.02198962
v -0.01544378 -0.02571944 0.04002077
v -0.01544378 -0.02571944 -0.02198962
v -0.01271743 -0.02717107 0.04002077
v -0.01271743 -0.02717107 -0.02198962
v -0.00985627 -0.02833468 0.04002077
v -0.00985627 -0.02833468 -0.02198962
v -0.00689063 -0.02919793 0.04002077
v -0.00689063 -0.02919793 -0.02198962
v -0.00385195 -0.02975168 0.04002077
v -0.00385195 -0.02975168 -0.02198962
v -0.00077244 -0.02999005 0.04002077
v -0.00077244 -0.02999005 -0.02198962
v 0.00231526 -0.02991053 0.04002077
v 0.00231526 -0.02991053 -0.02198962
v 0.00537842 -0.02951394 0.04002077
v 0.00537842 -0.02951394 -0.02198962
v 0.00838457 -0.02880450 0.04002077
v 0.00838457 -0.02880450 -0.02198962
v 0.01130184 -0.02778972 0.04002077
v 0.01130184 -0.02778972 -0.02198962
v 0.01409930 -0.02648036 0.04002077
v 0.01409930 -0.02648036 -0.02198962
v 0.01674731 -0.02489031 0.04002077
v 0.01674731 -0.02489031 -0.02198962
v 0.01921779 -0.02303641 0.04002077
v 0.01921779 -0.02303641 -0.02198962
v 0.02148457 -0.02093832 0.04002077
v 0.02148457 -0.02093832 -0.02198962
v 0.02352359 -0.01861828 0.04002077
v 0.02352359 -0.01861828 -0.02198962
v 0.02531327 -0.01610089 0.04002077
v 0.02531327 -0.01610089 -0.02198962
v 0.02683461 -0.01341281 0.04002077
v 0.02683461 -0.01341281 -0.02198962
v 0.02807150 -0.01058256 0.04002077
v 0.02807150 -0.01058256 -0.02198962
v 0.02901083 -0.00764013 0.04002077
v 0.02901083 -0.00764013 -0.02198962
v 0.02964264 -0.00461672 0.04002077
v 0.02964264 -0.00461672 -0.02198962
v 0.02996022 -0.00154436 0.04002077
v 0.02996022 -0.00154436 -0.02198962
v 0.02996022 0.00154436 0.04002077
v 0.02996022 0.00154436 -0.02198962
v 0.02964264 0.00461672 0.04002077
v 0.02964264 0.00461672 -0.02198962
v 0.02901083 0.00764013 0.04002077
v 0.02901083 0.00764013 -0.02198962
v 0.02807150 0.01058256 0.04002077
v 0.02807150 0.01058256 -0.02198962
v 0.02683461 0.01341281 0.04002077
v 0.02683461 0.01341281 -0.02198962
v 0.02531327 0.01610089 0.04002077
v 0.02531327 0.01610089 -0.02198962
v 0.02352359 0.01861828 0.04002077
v 0.02352359 0.01861828 -0.02198962
v 0.02148457 0.02093832 0.04002077
v 0.02148457 0.02093832 -0.02198962
v 0.01921779 0.02303641 0.04002077
v 0.01921779 0.02303641 -0.02198962
v 0.01674731 0.02489031 0.04002077
v 0.01674731 0.02489031 -0.02198962
v 0.01409930 0.02648036 0.04002077
v 0.01409930 0.02648036 -0.02198962
v 0.01130184 0.02778972 0.04002077
v 0.01130184 0.02778972 -0.02198962
v 0.00838457 0.02880450 0.04002077
v 0.00838457 0.02880450 -0.02198962
v 0.00537842 0.02951394 0.04002077
v 0.00537842 0.02951394 -0.02198962
v 0.00231526 0.02991053 0.04002077
v 0.00231526 0.02991053 -0.02198962
v -0.00077244 0.02999005 0.04002077
v -0.00077244 0.02999005 -0.02198962
v -0.00385195 0.02975168 0.04002077
v -0.00385195 0.02975168 -0.02198962
v -0.00689063 0.02919793 0.04002077
v -0.00689063 0.02919793 -0.02198962
v -0.00985627 0.02833468 0.04002077
v -0.00985627 0.02833468 -0.02198962
v -0.01271743 0.02717107 0.04002077
v -0.01271743 0.02717107 -0.02198962
v -0.01544378 0.02571944 0.04002077
v -0.01544378 0.02571944 -0.02198962
v -0.01800643 0.02399518 0.04002077
v -0.01800643 0.02399518 -0.02198962
v -0.02037820 0.02201656 0.04002077
v -0.02037820 0.02201656 -0.02198962
v -0.02253396 0.01980456 0.04002077
v -0.02253396 0.01980456 -0.02198962
v -0.02445085 0.01738263 0.04002077
v -0.02445085 0.01738263 -0.02198962
v -0.02610856 0.01477644 0.04002077
v -0.02610856 0.01477644 -0.02198962
v -0.02748951 0.01201362 0.04002077
v -0.02748951 0.01201362 -0.02198962
v -0.02857906 0.00912344 0.04002077
v -0.02857906 0.00912344 -0.02198962
v -0.02936567 0.00613656 0.04002077
v -0.02936567 0.00613656 -0.02198962
v 0.01084177 0.00185901 0.15500000
v 0.01070635 0.00086431 0.15496593
v 0.01100000 0.00000000 0.15500000
v 0.01070635 -0.00086431 0.15496593
v 0.01084177 -0.00185901 0.15500000
v 0.01042906 -0.00257053 0.15496593
v 0.01037165 -0.00366454 0.15500000
v 0.00988167 -0.00421018 0.15496593
v 0.00960316 -0.00536464 0.15500000
v 0.00907834 -0.00574079 0.15496593
v 0.00855839 -0.00691042 0.15500000
v 0.00803989 -0.00712272 0.15496593
v 0.00726742 -0.00825740 0.15500000
v 0.00679321 -0.00832017 0.15496593
v 0.00576738 -0.00936682 0.15500000
v 0.00537059 -0.00930214 0.15496593
v 0.00410142 -0.01020678 0.15500000
v 0.00380888 -0.01004318 0.15496593
v 0.00231747 -0.01075311 0.15500000
v 0.00214851 -0.01052411 0.15496593
v 0.00046685 -0.01099009 0.15500000
v 0.00043250 -0.01073247 0.15496593
v -0.00129471 -0.01066287 0.15496593
v 0.00042279 -0.01049148 0.15486603
v -0.00126564 -0.01042344 0.15486603
v 0.00041445 -0.01028455 0.15470711
v -0.00124067 -0.01021785 0.15470711
v 0.00040805 -0.01012576 0.15450000
v -0.00122152 -0.01006009 0.15450000
v 0.00040403 -0.01002594 0.15425882
v -0.00120947 -0.00996091 0.15425882
v -0.00044865 -0.00998993 0.15400000
v -0.00222521 -0.00974928 0.15400000
v 0.01042906 0.00257053 0.15496593
v 0.01037165 0.00366454 0.15500000
v 0.00988167 0.00421018 0.15496593
v 0.00960316 0.00536464 0.15500000
v 0.00907834 0.00574079 0.15496593
v 0.00855839 0.00691042 0.15500000
v 0.00803989 0.00712272 0.15496593
v 0.00726742 0.00825740 0.15500000
v 0.00679321 0.00832017 0.15496593
v 0.00576738 0.00936682 0.15500000
v 0.00537059 0.00930214 0.15496593
v 0.00410142 0.01020678 0.15500000
v 0.00380888 0.01004318 0.15496593
v 0.00231747 0.01075311 0.15500000
v 0.00214851 0.01052411 0.15496593
v 0.00046685 0.01099009 0.15500000
v 0.00043250 0.01073247 0.15496593
v -0.00129471 0.01066287 0.15496593
v -0.00126564 0.01042344 0.15486603
v -0.00292128 0.01008544 0.15486603
v -0.00286366 0.00988651 0.15470711
v -0.00441249 0.00929912 0.15470711
v -0.00434436 0.00915554 0.15450000
v -0.00575675 0.00834010 0.15450000
v -0.00570000 0.00825788 0.15425882
v -0.00695085 0.00723660 0.15425882
v -0.00691063 0.00722795 0.15400000
v -0.00802167 0.00602789 0.15425882
v -0.00809017 0.00587785 0.15400000
v -0.00888473 0.00466307 0.15425882
v -0.00900969 0.00433884 0.15400000
v -0.00951768 0.00317747 0.15425882
v -0.00963963 0.00266037 0.15400000
v -0.00990414 0.00160958 0.15425882
v -0.00995974 0.00089639 0.15400000
v -0.01003407 -0.00000000 0.15425882
v -0.00995974 -0.00089639 0.15400000
v -0.00990414 -0.00160958 0.15425882
v -0.00963963 -0.00266037 0.15400000
v -0.00951768 -0.00317747 0.15425882
v -0.00900969 -0.00433884 0.15400000
v -0.00888473 -0.00466307 0.15425882
v -0.00809017 -0.00587785 0.15400000
v -0.00802167 -0.00602789 0.15425882
v -0.00691063 -0.00722795 0.15400000
v -0.00695085 -0.00723660 0.15425882
v -0.00570000 -0.00825788 0.15425882
v -0.00702005 -0.00730865 0.15450000
v -0.00575675 -0.00834010 0.15450000
v -0.00713014 -0.00742326 0.15470711
v -0.00584703 -0.00847089 0.15470711
v -0.00727361 -0.00757263 0.15486603
v -0.00596468 -0.00864133 0.15486603
v -0.00744068 -0.00774657 0.15496593
v -0.00610169 -0.00883982 0.15496593
v -0.00654097 -0.00884397 0.15500000
v -0.00495224 -0.00982218 0.15500000
v -0.00139720 0.01091090 0.15500000
v -0.00298838 0.01031710 0.15496593
v -0.00450127 0.00948623 0.15486603
v -0.00584703 0.00847089 0.15470711
v -0.00702005 0.00730865 0.15450000
v -0.00322105 0.01051783 0.15500000
v -0.00460466 0.00970412 0.15496593
v -0.00596468 0.00864133 0.15486603
v -0.00713014 0.00742326 0.15470711
v -0.00810153 0.00608791 0.15450000
v -0.00495224 0.00982218 0.15500000
v -0.00610169 0.00883982 0.15496593
v -0.00727361 0.00757263 0.15486603
v -0.00822858 0.00618338 0.15470711
v -0.00897319 0.00470949 0.15450000
v -0.00654097 0.00884397 0.15500000
v -0.00744068 0.00774657 0.15496593
v -0.00839415 0.00630779 0.15486603
v -0.00911390 0.00478335 0.15470711
v -0.00961244 0.00320911 0.15450000
v -0.00794152 0.00761133 0.15500000
v -0.00858696 0.00645268 0.15496593
v -0.00929729 0.00487959 0.15486603
v -0.00976318 0.00325943 0.15470711
v -0.01000274 0.00162560 0.15450000
v -0.00911361 0.00615972 0.15500000
v -0.00951084 0.00499168 0.15496593
v -0.00995963 0.00332501 0.15486603
v -0.01015960 0.00165110 0.15470711
v -0.01013398 0.00000000 0.15450000
v -0.01002351 0.00453091 0.15500000
v -0.01018840 0.00340139 0.15496593
v -0.01036403 0.00168432 0.15486603
v -0.01029289 0.00000000 0.15470711
v -0.01000274 -0.00162560 0.15450000
v -0.01064506 0.00277176 0.15500000
v -0.01060209 0.00172301 0.15496593
v -0.01050000 0.00000000 0.15486603
v -0.01015960 -0.00165110 0.15470711
v -0.00961244 -0.00320911 0.15450000
v -0.01096037 0.00093287 0.15500000
v -0.01074118 0.00000000 0.15496593
v -0.01036403 -0.00168432 0.15486603
v -0.00976318 -0.00325943 0.15470711
v -0.00897319 -0.00470949 0.15450000
v -0.01096037 -0.00093287 0.15500000
v -0.01060209 -0.00172301 0.15496593
v -0.00995963 -0.00332501 0.15486603
v -0.00911390 -0.00478335 0.15470711
v -0.00810153 -0.00608791 0.15450000
v -0.01064506 -0.00277176 0.15500000
v -0.01018840 -0.00340139 0.15496593
v -0.00929729 -0.00487959 0.15486603
v -0.00822858 -0.00618338 0.15470711
v -0.01002351 -0.00453091 0.15500000
v -0.00951084 -0.00499168 0.15496593
v -0.00839415 -0.00630779 0.15486603
v -0.00911361 -0.00615972 0.15500000
v -0.00858696 -0.00645268 0.15496593
v -0.00794152 -0.00761133 0.15500000
v -0.00460466 -0.00970412 0.15496593
v -0.00322105 -0.01051783 0.15500000
v -0.00298838 -0.01031710 0.15496593
v -0.00139720 -0.01091090 0.15500000
v 0.00983930 -0.00178557 0.15400000
v 0.01000154 -0.00080741 0.15425882
v 0.01000000 -0.00000000 0.15400000
v 0.01000154 0.00080741 0.15425882
v 0.00983930 0.00178557 0.15400000
v 0.00974250 0.00240131 0.15425882
v 0.00936235 0.00351375 0.15400000
v 0.00923114 0.00393302 0.15425882
v 0.00858449 0.00512899 0.15400000
v 0.00848070 0.00536287 0.15425882
v 0.00753071 0.00657939 0.15400000
v 0.00751061 0.00665382 0.15425882
v 0.00634600 0.00777244 0.15425882
v 0.00758539 0.00672007 0.15450000
v 0.00640919 0.00784983 0.15450000
v 0.00770434 0.00682545 0.15470711
v 0.00650969 0.00797293 0.15470711
v 0.00785936 0.00696279 0.15486603
v 0.00664068 0.00813335 0.15486603
v 0.00974250 -0.00240131 0.15425882
v 0.00936235 -0.00351375 0.15400000
v 0.00923114 -0.00393302 0.15425882
v 0.00858449 -0.00512899 0.15400000
v 0.00848070 -0.00536287 0.15425882
v 0.00753071 -0.00657939 0.15400000
v 0.00751061 -0.00665382 0.15425882
v 0.00634600 -0.00777244 0.15425882
v 0.00640919 -0.00784983 0.15450000
v 0.00506699 -0.00877628 0.15450000
v 0.00514645 -0.00891391 0.15470711
v 0.00364991 -0.00962402 0.15470711
v 0.00372335 -0.00981767 0.15486603
v 0.00210027 -0.01028780 0.15486603
v 0.00623490 -0.00781832 0.15400000
v 0.00501704 -0.00868976 0.15425882
v 0.00359356 -0.00947543 0.15450000
v 0.00205884 -0.01008488 0.15470711
v 0.00473869 -0.00880595 0.15400000
v 0.00355813 -0.00938202 0.15425882
v 0.00202706 -0.00992917 0.15450000
v 0.00309017 -0.00951056 0.15400000
v 0.00200707 -0.00983129 0.15425882
v 0.00134233 -0.00990950 0.15400000
v -0.00279165 -0.00963791 0.15425882
v -0.00393025 -0.00919528 0.15400000
v -0.00430153 -0.00906529 0.15425882
v -0.00550897 -0.00834573 0.15400000
v -0.00550897 0.00834573 0.15400000
v -0.00430153 0.00906529 0.15425882
v -0.00281945 0.00973387 0.15450000
v -0.00124067 0.01021785 0.15470711
v 0.00042279 0.01049148 0.15486603
v -0.00393025 0.00919528 0.15400000
v -0.00279165 0.00963791 0.15425882
v -0.00122152 0.01006009 0.15450000
v 0.00041445 0.01028455 0.15470711
v 0.00210027 0.01028780 0.15486603
v -0.00222521 0.00974928 0.15400000
v -0.00120947 0.00996091 0.15425882
v 0.00040805 0.01012576 0.15450000
v 0.00205884 0.01008488 0.15470711
v 0.00372335 0.00981767 0.15486603
v -0.00044865 0.00998993 0.15400000
v 0.00040403 0.01002594 0.15425882
v 0.00202706 0.00992917 0.15450000
v 0.00364991 0.00962402 0.15470711
v 0.00525000 0.00909327 0.15486603
v 0.00134233 0.00990950 0.15400000
v 0.00200707 0.00983129 0.15425882
v 0.00359356 0.00947543 0.15450000
v 0.00514645 0.00891391 0.15470711
v 0.00309017 0.00951056 0.15400000
v 0.00355813 0.00938202 0.15425882
v 0.00506699 0.00877628 0.15450000
v 0.00473869 0.00880595 0.15400000
v 0.00501704 0.00868976 0.15425882
v 0.00623490 0.00781832 0.15400000
v 0.01046595 0.00084490 0.15486603
v 0.01046595 -0.00084490 0.15486603
v 0.01019489 -0.00251281 0.15486603
v 0.00965978 -0.00411565 0.15486603
v 0.00887450 -0.00561189 0.15486603
v 0.00785936 -0.00696279 0.15486603
v 0.00664068 -0.00813335 0.15486603
v 0.00525000 -0.00909327 0.15486603
v 0.01025952 0.00082823 0.15470711
v 0.01025952 -0.00082823 0.15470711
v 0.00999380 -0.00246325 0.15470711
v 0.00946925 -0.00403447 0.15470711
v 0.00869945 -0.00550120 0.15470711
v 0.00770434 -0.00682545 0.15470711
v 0.00650969 -0.00797293 0.15470711
v 0.01019489 0.00251281 0.15486603
v 0.00965978 0.00411565 0.15486603
v 0.00887450 0.00561189 0.15486603
v 0.01010111 0.00081545 0.15450000
v 0.01010111 -0.00081545 0.15450000
v 0.00983950 -0.00242522 0.15450000
v 0.00932305 -0.00397218 0.15450000
v 0.00856514 -0.00541626 0.15450000
v 0.00758539 -0.00672007 0.15450000
v 0.00999380 0.00246325 0.15470711
v 0.00946925 0.00403447 0.15470711
v 0.00869945 0.00550120 0.15470711
v 0.00983950 0.00242522 0.15450000
v 0.00932305 0.00397218 0.15450000
v 0.00856514 0.00541626 0.15450000
v -0.00450127 -0.00948623 0.15486603
v -0.00292128 -0.01008544 0.15486603
v -0.00441249 -0.00929912 0.15470711
v -0.00286366 -0.00988651 0.15470711
v -0.00434436 -0.00915554 0.15450000
v -0.00281945 -0.00973387 0.15450000
v 0.01384363 -0.00208659 0.15500000
v 0.01400000 -0.00000000 0.15500000
v 0.01384363 0.00208659 0.15500000
v 0.01337802 0.00412657 0.15500000
v 0.01261356 0.00607437 0.15500000
v 0.01156734 0.00788648 0.15500000
v 0.01026273 0.00952242 0.15500000
v 0.00872886 0.01094564 0.15500000
v 0.00700000 0.01212436 0.15500000
v 0.00511477 0.01303223 0.15500000
v 0.00311529 0.01364899 0.15500000
v 0.00104622 0.01396085 0.15500000
v -0.00104622 0.01396085 0.15500000
v -0.00311529 0.01364899 0.15500000
v -0.00511477 0.01303223 0.15500000
v -0.00700000 0.01212436 0.15500000
v -0.00872886 0.01094564 0.15500000
v -0.01026273 0.00952242 0.15500000
v -0.01156734 0.00788648 0.15500000
v -0.01261356 0.00607437 0.15500000
v -0.01337802 0.00412657 0.15500000
v -0.01384363 0.00208659 0.15500000
v -0.01400000 0.00000000 0.15500000
v -0.01384363 -0.00208659 0.15500000
v -0.01337802 -0.00412657 0.15500000
v -0.01261356 -0.00607437 0.15500000
v -0.01156734 -0.00788648 0.15500000
v -0.01026273 -0.00952242 0.15500000
v -0.00872886 -0.01094564 0.15500000
v -0.00700000 -0.01212436 0.15500000
v -0.00511477 -0.01303223 0.15500000
v -0.00311529 -0.01364899 0.15500000
v -0.00104622 -0.01396085 0.15500000
v 0.00104622 -0.01396085 0.15500000
v 0.00311529 -0.01364899 0.15500000
v 0.00511477 -0.01303223 0.15500000
v 0.00700000 -0.01212436 0.15500000
v 0.00872886 -0.01094564 0.15500000
v 0.01026273 -0.00952242 0.15500000
v 0.01156734 -0.00788648 0.15500000
v 0.01261356 -0.00607437 0.15500000
v 0.01337802 -0.00412657 0.15500000
v 0.00983930 -0.00178557 0.11000000
v 0.00995974 -0.00089639 0.13200000
v 0.01000000 0.00000000 0.11000000
v 0.00995974 0.00089639 0.13200000
v 0.00983930 0.00178557 0.11000000
v 0.00963963 0.00266037 0.13200000
v 0.00936235 0.00351375 0.11000000
v 0.00900969 0.00433884 0.13200000
v 0.00858449 0.00512899 0.11000000
v 0.00809017 0.00587785 0.13200000
v 0.00753071 0.00657939 0.11000000
v 0.00691063 0.00722795 0.13200000
v 0.00623490 0.00781832 0.11000000
v 0.00550897 0.00834573 0.13200000
v 0.00473869 0.00880595 0.11000000
v 0.00393025 0.00919528 0.13200000
v 0.00309017 0.00951056 0.11000000
v 0.00222521 0.00974928 0.13200000
v 0.00134233 0.00990950 0.11000000
v 0.00044865 0.00998993 0.13200000
v -0.00044865 0.00998993 0.11000000
v -0.00134233 0.00990950 0.13200000
v -0.00222521 0.00974928 0.11000000
v -0.00309017 0.00951056 0.13200000
v -0.00393025 0.00919528 0.11000000
v -0.00473869 0.00880595 0.13200000
v -0.00550897 0.00834573 0.11000000
v -0.00623490 0.00781832 0.13200000
v -0.00691063 0.00722795 0.11000000
v -0.00753071 0.00657939 0.13200000
v -0.00809017 0.00587785 0.11000000
v -0.00858449 0.00512899 0.13200000
v -0.00900969 0.00433884 0.11000000
v -0.00936235 0.00351375 0.13200000
v -0.00963963 0.00266037 0.11000000
v -0.00983930 0.00178557 0.13200000
v -0.00995974 0.00089639 0.11000000
v -0.01000000 -0.00000000 0.13200000
v -0.00995974 -0.00089639 0.11000000
v -0.00983930 -0.00178557 0.13200000
v -0.00963963 -0.00266037 0.11000000
v -0.00936235 -0.00351375 0.13200000
v -0.00900969 -0.00433884 0.11000000
v -0.00858449 -0.00512899 0.13200000
v -0.00809017 -0.00587785 0.11000000
v -0.00753071 -0.00657939 0.13200000
v -0.00691063 -0.00722795 0.11000000
v -0.00623490 -0.00781832 0.13200000
v -0.00550897 -0.00834573 0.11000000
v -0.00473869 -0.00880595 0.13200000
v -0.00393025 -0.00919528 0.11000000
v -0.00309017 -0.00951056 0.13200000
v -0.00222521 -0.00974928 0.11000000
v -0.00134233 -0.00990950 0.13200000
v -0.00044865 -0.00998993 0.11000000
v 0.00044865 -0.00998993 0.13200000
v 0.00134233 -0.00990950 0.11000000
v 0.00222521 -0.00974928 0.13200000
v 0.00309017 -0.00951056 0.11000000
v 0.00393025 -0.00919528 0.13200000
v 0.00473869 -0.00880595 0.11000000
v 0.00550897 -0.00834573 0.13200000
v 0.00623490 -0.00781832 0.11000000
v 0.00691063 -0.00722795 0.13200000
v 0.00753071 -0.00657939 0.11000000
v 0.00809017 -0.00587785 0.13200000
v 0.00858449 -0.00512899 0.11000000
v 0.00900969 -0.00433884 0.13200000
v 0.00936235 -0.00351375 0.11000000
v 0.00963963 -0.00266037 0.13200000
v 0.01484015 0.00218402 0.15400000
v 0.01492600 0.00109244 0.15425882
v 0.01500000 0.00000000 0.15400000
v 0.01492600 -0.00109244 0.15425882
v 0.01484015 -0.00218402 0.15400000
v 0.01460788 -0.00325404 0.15425882
v 0.01436401 -0.00432149 0.15400000
v 0.01397842 -0.00534629 0.15425882
v 0.01358172 -0.00636685 0.15400000
v 0.01305103 -0.00732459 0.15425882
v 0.01250997 -0.00827652 0.15400000
v 0.01184548 -0.00914678 0.15425882
v 0.01117158 -0.01000978 0.15400000
v 0.01038746 -0.01077402 0.15425882
v 0.00959510 -0.01152971 0.15400000
v 0.00870806 -0.01217163 0.15425882
v 0.00781411 -0.01280390 0.15400000
v 0.00684305 -0.01330983 0.15425882
v 0.00586657 -0.01380519 0.15400000
v 0.00483220 -0.01416435 0.15425882
v 0.00379400 -0.01451226 0.15400000
v 0.00271836 -0.01471698 0.15425882
v 0.00164057 -0.01491002 0.15400000
v 0.00054659 -0.01495594 0.15425882
v -0.00054783 -0.01498999 0.15400000
v -0.00163684 -0.01487614 0.15425882
v -0.00272455 -0.01475049 0.15400000
v -0.00378538 -0.01447929 0.15425882
v -0.00484321 -0.01419660 0.15400000
v -0.00585324 -0.01377383 0.15425882
v -0.00685863 -0.01334013 0.15400000
v -0.00779635 -0.01277481 0.15425882
v -0.00872788 -0.01219935 0.15400000
v -0.00957330 -0.01150352 0.15425882
v -0.01041111 -0.01079855 0.15400000
v -0.01114620 -0.00998704 0.15425882
v -0.01187245 -0.00916761 0.15400000
v -0.01248155 -0.00825772 0.15425882
v -0.01308074 -0.00734127 0.15400000
v -0.01355087 -0.00635239 0.15425882
v -0.01401024 -0.00535846 0.15400000
v -0.01433138 -0.00431167 0.15425882
v -0.01464114 -0.00326145 0.15400000
v -0.01480644 -0.00217906 0.15425882
v -0.01495998 -0.00109493 0.15400000
v -0.01496593 0.00000000 0.15425882
v -0.01495998 0.00109493 0.15400000
v -0.01480644 0.00217906 0.15425882
v -0.01464114 0.00326145 0.15400000
v -0.01433138 0.00431167 0.15425882
v -0.01401024 0.00535846 0.15400000
v -0.01355087 0.00635239 0.15425882
v -0.01308074 0.00734127 0.15400000
v -0.01248155 0.00825772 0.15425882
v -0.01187245 0.00916761 0.15400000
v -0.01114620 0.00998704 0.15425882
v -0.01041111 0.01079855 0.15400000
v -0.00957330 0.01150352 0.15425882
v -0.00872788 0.01219935 0.15400000
v -0.00779635 0.01277481 0.15425882
v -0.00685863 0.01334013 0.15400000
v -0.00585324 0.01377383 0.15425882
v -0.00484321 0.01419660 0.15400000
v -0.00378538 0.01447929 0.15425882
v -0.00272455 0.01475049 0.15400000
v -0.00163684 0.01487614 0.15425882
v -0.00054783 0.01498999 0.15400000
v 0.00054659 0.01495594 0.15425882
v 0.00164057 0.01491002 0.15400000
v 0.00271836 0.01471698 0.15425882
v 0.00379400 0.01451226 0.15400000
v 0.00483220 0.01416435 0.15425882
v 0.00586657 0.01380519 0.15400000
v 0.00684305 0.01330983 0.15425882
v 0.00781411 0.01280390 0.15400000
v 0.00870806 0.01217163 0.15425882
v 0.00959510 0.01152971 0.15400000
v 0.01038746 0.01077402 0.15425882
v 0.01117158 0.01000978 0.15400000
v 0.01184548 0.00914678 0.15425882
v 0.01250997 0.00827652 0.15400000
v 0.01305103 0.00732459 0.15425882
v 0.01358172 0.00636685 0.15400000
v 0.01397842 0.00534629 0.15425882
v 0.01436401 0.00432149 0.15400000
v 0.01460788 0.00325404 0.15425882
v 0.01422078 -0.00104083 0.15496593
v 0.01422078 0.00104083 0.15496593
v 0.01391769 0.00310030 0.15496593
v 0.01331797 0.00509369 0.15496593
v 0.01243439 0.00697852 0.15496593
v 0.01128580 0.00871462 0.15496593
v 0.00989668 0.01026497 0.15496593
v 0.00829662 0.01159655 0.15496593
v 0.00651974 0.01268097 0.15496593
v 0.00460389 0.01349511 0.15496593
v 0.00258993 0.01402163 0.15496593
v 0.00052076 0.01424931 0.15496593
v -0.00155950 0.01417328 0.15496593
v -0.00360653 0.01379517 0.15496593
v -0.00557669 0.01312305 0.15496593
v -0.00742799 0.01217123 0.15496593
v -0.00912098 0.01096000 0.15496593
v -0.01061957 0.00951518 0.15496593
v -0.01189182 0.00786756 0.15496593
v -0.01291062 0.00605225 0.15496593
v -0.01365425 0.00410795 0.15496593
v -0.01410687 0.00207610 0.15496593
v -0.01425882 0.00000000 0.15496593
v -0.01410687 -0.00207610 0.15496593
v -0.01450000 0.00000000 0.15486603
v -0.01434548 -0.00211122 0.15486603
v -0.01470711 0.00000000 0.15470711
v -0.01455038 -0.00214137 0.15470711
v -0.01486602 0.00000000 0.15450000
v -0.01470760 -0.00216451 0.15450000
v 0.01391769 -0.00310030 0.15496593
v 0.01331797 -0.00509369 0.15496593
v 0.01243439 -0.00697852 0.15496593
v 0.01128580 -0.00871462 0.15496593
v 0.00989668 -0.01026497 0.15496593
v 0.00829662 -0.01159655 0.15496593
v 0.00651974 -0.01268097 0.15496593
v 0.00460389 -0.01349511 0.15496593
v 0.00258993 -0.01402163 0.15496593
v 0.00052076 -0.01424931 0.15496593
v -0.00155950 -0.01417328 0.15496593
v -0.00360653 -0.01379517 0.15496593
v -0.00557669 -0.01312305 0.15496593
v -0.00742799 -0.01217123 0.15496593
v -0.00912098 -0.01096000 0.15496593
v -0.01061957 -0.00951518 0.15496593
v -0.01189182 -0.00786756 0.15496593
v -0.01291062 -0.00605225 0.15496593
v -0.01365425 -0.00410795 0.15496593
v -0.01470760 0.00216451 0.15450000
v -0.01423571 0.00428289 0.15450000
v -0.01346042 0.00630998 0.15450000
v -0.01239823 0.00820259 0.15450000
v -0.01107180 0.00992038 0.15450000
v -0.00950940 0.01142673 0.15450000
v -0.00774431 0.01268954 0.15450000
v -0.00581417 0.01368189 0.15450000
v -0.00376011 0.01438264 0.15450000
v -0.00162592 0.01477684 0.15450000
v 0.00054294 0.01485611 0.15450000
v 0.00270022 0.01461874 0.15450000
v 0.00479995 0.01406980 0.15450000
v 0.00679738 0.01322098 0.15450000
v 0.00864993 0.01209039 0.15450000
v 0.01031812 0.01070210 0.15450000
v 0.01176641 0.00908572 0.15450000
v 0.01296391 0.00727570 0.15450000
v 0.01388511 0.00531060 0.15450000
v 0.01451037 0.00323232 0.15450000
v 0.01482637 0.00108515 0.15450000
v 0.01482637 -0.00108515 0.15450000
v 0.01451037 -0.00323232 0.15450000
v 0.01388511 -0.00531060 0.15450000
v 0.01296391 -0.00727570 0.15450000
v 0.01176641 -0.00908572 0.15450000
v 0.01031812 -0.01070210 0.15450000
v 0.00864993 -0.01209039 0.15450000
v 0.00679738 -0.01322098 0.15450000
v 0.00479995 -0.01406980 0.15450000
v 0.00270022 -0.01461874 0.15450000
v 0.00054294 -0.01485611 0.15450000
v -0.00162592 -0.01477684 0.15450000
v -0.00376011 -0.01438264 0.15450000
v -0.00581417 -0.01368189 0.15450000
v -0.00774431 -0.01268954 0.15450000
v -0.00950940 -0.01142673 0.15450000
v -0.01107180 -0.00992038 0.15450000
v -0.01239823 -0.00820259 0.15450000
v -0.01346042 -0.00630998 0.15450000
v -0.01423571 -0.00428289 0.15450000
v -0.01455038 0.00214137 0.15470711
v -0.01408353 0.00423710 0.15470711
v -0.01331652 0.00624253 0.15470711
v -0.01226569 0.00811491 0.15470711
v -0.01095344 0.00981433 0.15470711
v -0.00940774 0.01130458 0.15470711
v -0.00766153 0.01255388 0.15470711
v -0.00575202 0.01353563 0.15470711
v -0.00371992 0.01422889 0.15470711
v -0.00160853 0.01461888 0.15470711
v 0.00053713 0.01469730 0.15470711
v 0.00267135 0.01446246 0.15470711
v 0.00474864 0.01391939 0.15470711
v 0.00672471 0.01307965 0.15470711
v 0.00855746 0.01196114 0.15470711
v 0.01020782 0.01058770 0.15470711
v 0.01164062 0.00898860 0.15470711
v 0.01282532 0.00719792 0.15470711
v 0.01373667 0.00525383 0.15470711
v 0.01435525 0.00319777 0.15470711
v 0.01466787 0.00107355 0.15470711
v 0.01466787 -0.00107355 0.15470711
v 0.01435525 -0.00319777 0.15470711
v 0.01373667 -0.00525383 0.15470711
v 0.01282532 -0.00719792 0.15470711
v 0.01164062 -0.00898860 0.15470711
v 0.01020782 -0.01058770 0.15470711
v 0.00855746 -0.01196114 0.15470711
v 0.00672471 -0.01307965 0.15470711
v 0.00474864 -0.01391939 0.15470711
v 0.00267135 -0.01446246 0.15470711
v 0.00053713 -0.01469730 0.15470711
v -0.00160853 -0.01461888 0.15470711
v -0.00371992 -0.01422889 0.15470711
v -0.00575202 -0.01353563 0.15470711
v -0.00766153 -0.01255388 0.15470711
v -0.00940774 -0.01130458 0.15470711
v -0.01095344 -0.00981433 0.15470711
v -0.01226569 -0.00811491 0.15470711
v -0.01331652 -0.00624253 0.15470711
v -0.01408353 -0.00423710 0.15470711
v -0.01434548 0.00211122 0.15486603
v -0.01388521 0.00417744 0.15486603
v -0.01312900 0.00615462 0.15486603
v -0.01209297 0.00800063 0.15486603
v -0.01079920 0.00967612 0.15486603
v -0.00927526 0.01114538 0.15486603
v -0.00755364 0.01237710 0.15486603
v -0.00567102 0.01334502 0.15486603
v -0.00366753 0.01402851 0.15486603
v -0.00158588 0.01441301 0.15486603
v 0.00052957 0.01449033 0.15486603
v 0.00263373 0.01425880 0.15486603
v 0.00468177 0.01372338 0.15486603
v 0.00663001 0.01289546 0.15486603
v 0.00843695 0.01179270 0.15486603
v 0.01006408 0.01043860 0.15486603
v 0.01147670 0.00886202 0.15486603
v 0.01264472 0.00709656 0.15486603
v 0.01354323 0.00517985 0.15486603
v 0.01415310 0.00315274 0.15486603
v 0.01446132 0.00105843 0.15486603
v 0.01446132 -0.00105843 0.15486603
v 0.01415310 -0.00315274 0.15486603
v 0.01354323 -0.00517985 0.15486603
v 0.01264472 -0.00709656 0.15486603
v 0.01147670 -0.00886202 0.15486603
v 0.01006408 -0.01043860 0.15486603
v 0.00843695 -0.01179270 0.15486603
v 0.00663001 -0.01289546 0.15486603
v 0.00468177 -0.01372338 0.15486603
v 0.00263373 -0.01425880 0.15486603
v 0.00052957 -0.01449033 0.15486603
v -0.00158588 -0.01441301 0.15486603
v -0.00366753 -0.01402851 0.15486603
v -0.00567102 -0.01334502 0.15486603
v -0.00755364 -0.01237710 0.15486603
v -0.00927526 -0.01114538 0.15486603
v -0.01079920 -0.00967612 0.15486603
v -0.01209297 -0.00800063 0.15486603
v -0.01312900 -0.00615462 0.15486603
v -0.01388521 -0.00417744 0.15486603
v 0.01484015 0.00218402 0.11008727
v 0.01500000 0.00000000 0.11008727
v 0.01484015 -0.00218402 0.11008727
v 0.01436401 -0.00432149 0.11008727
v 0.01358172 -0.00636685 0.11008727
v 0.01250997 -0.00827652 0.11008727
v 0.01117158 -0.01000978 0.11008727
v 0.00959510 -0.01152971 0.11008727
v 0.00781411 -0.01280390 0.11008727
v 0.00586657 -0.01380519 0.11008727
v 0.00379400 -0.01451226 0.11008727
v 0.00164057 -0.01491002 0.11008727
v -0.00054783 -0.01498999 0.11008727
v -0.00272455 -0.01475049 0.11008727
v -0.00484321 -0.01419660 0.11008727
v -0.00685863 -0.01334013 0.11008727
v -0.00872788 -0.01219935 0.11008727
v -0.01041111 -0.01079855 0.11008727
v -0.01187245 -0.00916761 0.11008727
v -0.01308074 -0.00734127 0.11008727
v -0.01401024 -0.00535846 0.11008727
v -0.01464114 -0.00326145 0.11008727
v -0.01495998 -0.00109493 0.11008727
v -0.01495998 0.00109493 0.11008727
v -0.01464114 0.00326145 0.11008727
v -0.01401024 0.00535846 0.11008727
v -0.01308074 0.00734127 0.11008727
v -0.01187245 0.00916761 0.11008727
v -0.01041111 0.01079855 0.11008727
v -0.00872788 0.01219935 0.11008727
v -0.00685863 0.01334013 0.11008727
v -0.00484321 0.01419660 0.11008727
v -0.00272455 0.01475049 0.11008727
v -0.00054783 0.01498999 0.11008727
v 0.00164057 0.01491002 0.11008727
v 0.00379400 0.01451226 0.11008727
v 0.00586657 0.01380519 0.11008727
v 0.00781411 0.01280390 0.11008727
v 0.00959510 0.01152971 0.11008727
v 0.01117158 0.01000978 0.11008727
v 0.01250997 0.00827652 0.11008727
v 0.01358172 0.00636685 0.11008727
v 0.01436401 0.00432149 0.11008727
v -0.02970055 -0.00307011 0.04430277
v -0.02985880 0.00000000 0.04430277
v -0.02970055 0.00307011 0.04430277
v -0.02922746 0.00610768 0.04430277
v -0.02844455 0.00908051 0.04430277
v -0.02736013 0.01195707 0.04430277
v -0.02598568 0.01470690 0.04430277
v -0.02433577 0.01730082 0.04430277
v -0.02242790 0.01971135 0.04430277
v -0.02028229 0.02191294 0.04430277
v -0.01792168 0.02388224 0.04430277
v -0.01537110 0.02559839 0.04430277
v -0.01265758 0.02704319 0.04430277
v -0.00980988 0.02820132 0.04430277
v -0.00685820 0.02906051 0.04430277
v -0.00383382 0.02961165 0.04430277
v -0.00076880 0.02984891 0.04430277
v 0.00230437 0.02976975 0.04430277
v 0.00535311 0.02937503 0.04430277
v 0.00834511 0.02866893 0.04430277
v 0.01124864 0.02765893 0.04430277
v 0.01403294 0.02635573 0.04430277
v 0.01666849 0.02477316 0.04430277
v 0.01912735 0.02292799 0.04430277
v 0.02138345 0.02083978 0.04430277
v 0.02341288 0.01853066 0.04430277
v 0.02519413 0.01602511 0.04430277
v 0.02670831 0.01334969 0.04430277
v 0.02793938 0.01053275 0.04430277
v 0.02887429 0.00760418 0.04430277
v 0.02950312 0.00459499 0.04430277
v 0.02981921 0.00153709 0.04430277
v 0.02981921 -0.00153709 0.04430277
v 0.02950312 -0.00459499 0.04430277
v 0.02887429 -0.00760418 0.04430277
v 0.02793938 -0.01053275 0.04430277
v 0.02670831 -0.01334969 0.04430277
v 0.02519413 -0.01602511 0.04430277
v 0.02341288 -0.01853066 0.04430277
v 0.02138345 -0.02083978 0.04430277
v 0.01912735 -0.02292799 0.04430277
v 0.01666849 -0.02477316 0.04430277
v 0.01403294 -0.02635573 0.04430277
v 0.01124864 -0.02765893 0.04430277
v 0.00834511 -0.02866893 0.04430277
v 0.00535311 -0.02937503 0.04430277
v 0.00230437 -0.02976975 0.04430277
v -0.00076880 -0.02984891 0.04430277
v -0.00383382 -0.02961165 0.04430277
v -0.00685820 -0.02906051 0.04430277
v -0.00980988 -0.02820132 0.04430277
v -0.01265758 -0.02704319 0.04430277
v -0.01537110 -0.02559839 0.04430277
v -0.01792168 -0.02388224 0.04430277
v -0.02028229 -0.02191294 0.04430277
v -0.02242790 -0.01971135 0.04430277
v -0.02433577 -0.01730082 0.04430277
v -0.02598568 -0.01470690 0.04430277
v -0.02736013 -0.01195707 0.04430277
v -0.02844455 -0.00908051 0.04430277
v -0.02922746 -0.00610768 0.04430277
v -0.02633983 0.00291529 0.06106043
v -0.02760601 0.00285360 0.05696324
v -0.02650067 0.00000000 0.06106043
v -0.02775311 0.00000000 0.05696324
v -0.02760601 -0.00285360 0.05696324
v -0.02873291 0.00000000 0.05279245
v -0.02858062 -0.00295435 0.05279245
v -0.02943583 0.00000000 0.04856618
v -0.02927982 -0.00302662 0.04856618
v -0.02716629 0.00567696 0.05696324
v -0.02585926 0.00579520 0.06106043
v -0.02643859 0.00844013 0.05696324
v -0.02506479 0.00860475 0.06106043
v -0.02543064 0.01111384 0.05696324
v -0.02396607 0.01130986 0.06106043
v -0.02415312 0.01366974 0.05696324
v -0.02257644 0.01387768 0.06106043
v -0.02261957 0.01608074 0.05696324
v -0.02091275 0.01627705 0.06106043
v -0.02084624 0.01832127 0.05696324
v -0.01899522 0.01847883 0.06106043
v -0.01885195 0.02036760 0.05696324
v -0.01684711 0.02045631 0.06106043
v -0.01665781 0.02219802 0.05696324
v -0.01449449 0.02218547 0.06106043
v -0.01428710 0.02379315 0.05696324
v -0.01196594 0.02364534 0.06106043
v -0.01176494 0.02513605 0.05696324
v -0.00929213 0.02481818 0.06106043
v -0.00911807 0.02621251 0.05696324
v -0.00650553 0.02568976 0.06106043
v -0.00637455 0.02701111 0.05696324
v -0.00363996 0.02624950 0.06106043
v -0.00356345 0.02752339 0.05696324
v -0.00073021 0.02649061 0.06106043
v -0.00071458 0.02774391 0.05696324
v 0.00214186 0.02767033 0.05696324
v 0.00221748 0.02864722 0.05279245
v 0.00515126 0.02826738 0.05279245
v 0.00527728 0.02895891 0.04856618
v 0.00822689 0.02826281 0.04856618
v 0.00218841 0.02641016 0.06106043
v 0.00497560 0.02730345 0.05696324
v 0.00803044 0.02758790 0.05279245
v 0.01108930 0.02726711 0.04856618
v 0.00508046 0.02600912 0.06106043
v 0.00775660 0.02664714 0.05696324
v 0.01082449 0.02661599 0.05279245
v 0.01383416 0.02598238 0.04856618
v 0.00791084 0.02529237 0.06106043
v 0.01045537 0.02570837 0.05696324
v 0.01350380 0.02536193 0.05279245
v 0.01643237 0.02442223 0.04856618
v 0.01064520 0.02426861 0.06106043
v 0.01304331 0.02449708 0.05696324
v 0.01603997 0.02383904 0.05279245
v 0.01885639 0.02260320 0.04856618
v 0.01325034 0.02295026 0.06106043
v 0.01549300 0.02302612 0.05696324
v 0.01840611 0.02206344 0.05279245
v 0.02108053 0.02054457 0.04856618
v 0.01569463 0.02135332 0.06106043
v 0.01777845 0.02131107 0.05696324
v 0.02057714 0.02005397 0.05279245
v 0.02308122 0.01826815 0.04856618
v 0.01794842 0.01949718 0.06106043
v 0.01987545 0.01937012 0.05696324
v 0.02253004 0.01783192 0.05279245
v 0.02483723 0.01579810 0.04856618
v 0.01998433 0.01740437 0.06106043
v 0.02176176 0.01722384 0.05696324
v 0.02424413 0.01542084 0.05279245
v 0.02632997 0.01316058 0.04856618
v 0.02177766 0.01510030 0.06106043
v 0.02341739 0.01489499 0.05696324
v 0.02570122 0.01284631 0.05279245
v 0.02754360 0.01038355 0.04856618
v 0.02330665 0.01261293 0.06106043
v 0.02482480 0.01240824 0.05696324
v 0.02688587 0.01013559 0.05279245
v 0.02846526 0.00749646 0.04856618
v 0.02455272 0.00997245 0.06106043
v 0.02596905 0.00978997 0.05696324
v 0.02778552 0.00731744 0.05279245
v 0.02908519 0.00452990 0.04856618
v 0.02550075 0.00721093 0.06106043
v 0.02683802 0.00706791 0.05696324
v 0.02839064 0.00442172 0.05279245
v 0.02939680 0.00151532 0.04856618
v 0.02613924 0.00436187 0.06106043
v 0.02742251 0.00427094 0.05696324
v 0.02869481 0.00147913 0.05279245
v 0.02939680 -0.00151532 0.04856618
v 0.02646043 0.00145986 0.06106043
v 0.02771631 0.00142870 0.05696324
v 0.02869481 -0.00147913 0.05279245
v 0.02908519 -0.00452990 0.04856618
v 0.02646043 -0.00145986 0.06106043
v 0.02771631 -0.00142870 0.05696324
v 0.02839064 -0.00442172 0.05279245
v 0.02846526 -0.00749646 0.04856618
v 0.02742251 -0.00427094 0.05696324
v 0.02613924 -0.00436187 0.06106043
v 0.02683802 -0.00706791 0.05696324
v 0.02550075 -0.00721093 0.06106043
v 0.02596905 -0.00978997 0.05696324
v 0.02455272 -0.00997245 0.06106043
v 0.02482480 -0.01240824 0.05696324
v 0.02330665 -0.01261293 0.06106043
v 0.02341739 -0.01489499 0.05696324
v 0.02177766 -0.01510030 0.06106043
v 0.02176176 -0.01722384 0.05696324
v 0.01998433 -0.01740437 0.06106043
v 0.01987545 -0.01937012 0.05696324
v 0.01794842 -0.01949718 0.06106043
v 0.01777845 -0.02131107 0.05696324
v 0.01569463 -0.02135332 0.06106043
v 0.01549300 -0.02302612 0.05696324
v 0.01325034 -0.02295026 0.06106043
v 0.01304331 -0.02449708 0.05696324
v 0.01064520 -0.02426861 0.06106043
v 0.01045537 -0.02570837 0.05696324
v 0.00791084 -0.02529237 0.06106043
v 0.00775660 -0.02664714 0.05696324
v 0.00508046 -0.02600912 0.06106043
v 0.00497560 -0.02730345 0.05696324
v 0.00218841 -0.02641016 0.06106043
v 0.00214186 -0.02767033 0.05696324
v -0.00073021 -0.02649061 0.06106043
v -0.00071458 -0.02774391 0.05696324
v -0.00356345 -0.02752339 0.05696324
v -0.00368926 -0.02849508 0.05279245
v -0.00659960 -0.02796472 0.05279245
v -0.00676105 -0.02864884 0.04856618
v -0.00967092 -0.02780182 0.04856618
v -0.00363996 -0.02624950 0.06106043
v -0.00637455 -0.02701111 0.05696324
v -0.00943998 -0.02713793 0.05279245
v -0.01247827 -0.02666010 0.04856618
v -0.00650553 -0.02568976 0.06106043
v -0.00911807 -0.02621251 0.05696324
v -0.01218029 -0.02602346 0.05279245
v -0.01515335 -0.02523577 0.04856618
v -0.00929213 -0.02481818 0.06106043
v -0.01176494 -0.02513605 0.05696324
v -0.01479150 -0.02463315 0.05279245
v -0.01766780 -0.02354393 0.04856618
v -0.01196594 -0.02364534 0.06106043
v -0.01428710 -0.02379315 0.05696324
v -0.01724590 -0.02298171 0.05279245
v -0.01999497 -0.02160252 0.04856618
v -0.01449449 -0.02218547 0.06106043
v -0.01665781 -0.02219802 0.05696324
v -0.01951750 -0.02108666 0.05279245
v -0.02211019 -0.01943213 0.04856618
v -0.01684711 -0.02045631 0.06106043
v -0.01885195 -0.02036760 0.05696324
v -0.02158221 -0.01896809 0.05279245
v -0.02399103 -0.01705574 0.04856618
v -0.01899522 -0.01847883 0.06106043
v -0.02084624 -0.01832127 0.05696324
v -0.02341814 -0.01664845 0.05279245
v -0.02561757 -0.01449856 0.04856618
v -0.02091275 -0.01627705 0.06106043
v -0.02261957 -0.01608074 0.05696324
v -0.02500583 -0.01415234 0.05279245
v -0.02697255 -0.01178769 0.04856618
v -0.02257644 -0.01387768 0.06106043
v -0.02415312 -0.01366974 0.05696324
v -0.02632845 -0.01150621 0.05279245
v -0.02804161 -0.00895187 0.04856618
v -0.02396607 -0.01130986 0.06106043
v -0.02543064 -0.01111384 0.05696324
v -0.02737199 -0.00873810 0.05279245
v -0.02881343 -0.00602116 0.04856618
v -0.02506479 -0.00860475 0.06106043
v -0.02643859 -0.00844013 0.05696324
v -0.02812537 -0.00587738 0.05279245
v -0.02585926 -0.00579520 0.06106043
v -0.02716629 -0.00567696 0.05696324
v -0.02633983 -0.00291529 0.06106043
v -0.02927982 0.00302662 0.04856618
v -0.02881343 0.00602116 0.04856618
v -0.02804161 0.00895187 0.04856618
v -0.02697255 0.01178769 0.04856618
v -0.02561757 0.01449856 0.04856618
v -0.02399103 0.01705574 0.04856618
v -0.02211019 0.01943213 0.04856618
v -0.01999497 0.02160252 0.04856618
v -0.01766780 0.02354393 0.04856618
v -0.01515335 0.02523577 0.04856618
v -0.01247827 0.02666010 0.04856618
v -0.00967092 0.02780182 0.04856618
v -0.00676105 0.02864884 0.04856618
v -0.00377951 0.02919218 0.04856618
v -0.00075791 0.02942607 0.04856618
v 0.00227172 0.02934804 0.04856618
v -0.02858062 0.00295435 0.05279245
v -0.02812537 0.00587738 0.05279245
v -0.02737199 0.00873810 0.05279245
v -0.02632845 0.01150621 0.05279245
v -0.02500583 0.01415234 0.05279245
v -0.02341814 0.01664845 0.05279245
v -0.02158221 0.01896809 0.05279245
v -0.01951750 0.02108666 0.05279245
v -0.01724590 0.02298171 0.05279245
v -0.01479150 0.02463315 0.05279245
v -0.01218029 0.02602346 0.05279245
v -0.00943998 0.02713793 0.05279245
v -0.00659960 0.02796472 0.05279245
v -0.00368926 0.02849508 0.05279245
v -0.00073981 0.02872339 0.05279245
v -0.00377951 -0.02919218 0.04856618
v -0.00075791 -0.02942607 0.04856618
v 0.00227172 -0.02934804 0.04856618
v 0.00527728 -0.02895891 0.04856618
v 0.00822689 -0.02826281 0.04856618
v 0.01108930 -0.02726711 0.04856618
v 0.01383416 -0.02598238 0.04856618
v 0.01643237 -0.02442223 0.04856618
v 0.01885639 -0.02260320 0.04856618
v 0.02108053 -0.02054457 0.04856618
v 0.02308122 -0.01826815 0.04856618
v 0.02483723 -0.01579810 0.04856618
v 0.02632997 -0.01316058 0.04856618
v 0.02754360 -0.01038355 0.04856618
v -0.00073981 -0.02872339 0.05279245
v 0.00221748 -0.02864722 0.05279245
v 0.00515126 -0.02826738 0.05279245
v 0.00803044 -0.02758790 0.05279245
v 0.01082449 -0.02661599 0.05279245
v 0.01350380 -0.02536193 0.05279245
v 0.01603997 -0.02383904 0.05279245
v 0.01840611 -0.02206344 0.05279245
v 0.02057714 -0.02005397 0.05279245
v 0.02253004 -0.01783192 0.05279245
v 0.02424413 -0.01542084 0.05279245
v 0.02570122 -0.01284631 0.05279245
v 0.02688587 -0.01013559 0.05279245
v 0.02778552 -0.00731744 0.05279245
v 0.01856212 -0.00244375 0.08379728
v 0.01872229 0.00000000 0.08379728
v 0.01856212 0.00244375 0.08379728
v 0.01808435 0.00484569 0.08379728
v 0.01729714 0.00716471 0.08379728
v 0.01808435 -0.00484569 0.08379728
v 0.01729714 -0.00716471 0.08379728
v 0.01621398 -0.00936115 0.08379728
v 0.01485339 -0.01139741 0.08379728
v 0.01323866 -0.01323866 0.08379728
v 0.01139741 -0.01485339 0.08379728
v 0.00936115 -0.01621398 0.08379728
v 0.00716471 -0.01729714 0.08379728
v 0.00484569 -0.01808435 0.08379728
v 0.00244375 -0.01856212 0.08379728
v -0.00000000 -0.01872229 0.08379728
v -0.00244375 -0.01856212 0.08379728
v -0.00484569 -0.01808435 0.08379728
v -0.00716471 -0.01729714 0.08379728
v -0.00936115 -0.01621398 0.08379728
v -0.01139741 -0.01485339 0.08379728
v -0.01323866 -0.01323866 0.08379728
v -0.01485339 -0.01139741 0.08379728
v -0.01621398 -0.00936115 0.08379728
v -0.01729714 -0.00716471 0.08379728
v -0.01808435 -0.00484569 0.08379728
v -0.01856212 -0.00244375 0.08379728
v -0.01872229 -0.00000000 0.08379728
v -0.01856212 0.00244375 0.08379728
v -0.01808435 0.00484569 0.08379728
v -0.01729714 0.00716471 0.08379728
v -0.01621398 0.00936115 0.08379728
v -0.01485339 0.01139741 0.08379728
v -0.01323866 0.01323866 0.08379728
v -0.01139741 0.01485339 0.08379728
v -0.00936115 0.01621398 0.08379728
v -0.00716471 0.01729714 0.08379728
v -0.00484569 0.01808435 0.08379728
v -0.00244375 0.01856212 0.08379728
v -0.00000000 0.01872229 0.08379728
v 0.00244375 0.01856212 0.08379728
v 0.00484569 0.01808435 0.08379728
v 0.00716471 0.01729714 0.08379728
v 0.00936115 0.01621398 0.08379728
v 0.01139741 0.01485339 0.08379728
v 0.01323866 0.01323866 0.08379728
v 0.01485339 0.01139741 0.08379728
v 0.01621398 0.00936115 0.08379728
v 0.01757034 0.00082447 0.08745678
v 0.01758967 -0.00000000 0.08745678
v 0.01757034 -0.00082447 0.08745678
v 0.01667459 -0.00000000 0.09117664
v 0.01665626 -0.00078158 0.09117664
v 0.01598023 -0.00000000 0.09494396
v 0.01596267 -0.00074903 0.09494396
v 0.01550901 -0.00000000 0.09874564
v 0.01549196 -0.00072694 0.09874564
v 0.01526256 -0.00000000 0.10256847
v 0.01510721 -0.00217209 0.10256847
v 0.01741593 0.00246616 0.08745678
v 0.01751238 0.00164712 0.08745678
v 0.01660132 0.00156143 0.09117664
v 0.01665626 0.00078158 0.09117664
v 0.01591001 0.00149641 0.09494396
v 0.01596267 0.00074903 0.09494396
v 0.01544086 0.00145229 0.09874564
v 0.01549196 0.00072694 0.09874564
v 0.01689813 0.00488360 0.08745678
v 0.01710847 0.00408617 0.08745678
v 0.01728119 0.00327977 0.08745678
v 0.01621842 0.00387360 0.09117664
v 0.01638216 0.00310914 0.09117664
v 0.01554306 0.00371229 0.09494396
v 0.01569998 0.00297967 0.09494396
v 0.01508473 0.00360283 0.09874564
v 0.01523702 0.00289181 0.09874564
v 0.01510721 0.00217209 0.10256847
v 0.01535582 0.00217444 0.09874564
v 0.01604652 0.00720456 0.08745678
v 0.01636658 0.00644450 0.08745678
v 0.01665066 0.00567028 0.08745678
v 0.01551513 0.00610924 0.09117664
v 0.01578443 0.00537529 0.09117664
v 0.01486905 0.00585484 0.09494396
v 0.01512714 0.00515146 0.09494396
v 0.01443060 0.00568219 0.09874564
v 0.01468107 0.00499955 0.09874564
v 0.01464432 0.00429996 0.10256847
v 0.01489928 0.00430592 0.09874564
v 0.01487790 0.00938320 0.08745678
v 0.01530136 0.00867552 0.08745678
v 0.01569119 0.00794878 0.08745678
v 0.01450533 0.00822419 0.09117664
v 0.01487487 0.00753525 0.09117664
v 0.01390131 0.00788172 0.09494396
v 0.01425546 0.00722147 0.09494396
v 0.01349139 0.00764931 0.09874564
v 0.01383510 0.00700853 0.09874564
v 0.01388332 0.00634030 0.10256847
v 0.01414840 0.00635234 0.09874564
v 0.01393388 0.01073516 0.08745678
v 0.01442174 0.01007024 0.08745678
v 0.01367147 0.00954635 0.09117664
v 0.01410390 0.00889505 0.09117664
v 0.01310217 0.00914883 0.09494396
v 0.01351659 0.00852464 0.09494396
v 0.01271581 0.00887905 0.09874564
v 0.01311802 0.00827327 0.09874564
v 0.01283968 0.00825156 0.10256847
v 0.01229112 0.01258272 0.08745678
v 0.01286739 0.01199277 0.08745678
v 0.01341538 0.01137647 0.08745678
v 0.01219798 0.01136886 0.09117664
v 0.01271746 0.01078462 0.09117664
v 0.01169004 0.01089545 0.09494396
v 0.01218789 0.01033553 0.09494396
v 0.01134533 0.01057416 0.09874564
v 0.01182849 0.01003076 0.09874564
v 0.01153468 0.00999485 0.10256847
v 0.01040556 0.01418171 0.08745678
v 0.01105885 0.01367839 0.08745678
v 0.01168783 0.01314500 0.08745678
v 0.01048353 0.01296679 0.09117664
v 0.01107979 0.01246115 0.09117664
v 0.01004698 0.01242683 0.09494396
v 0.01061841 0.01194224 0.09494396
v 0.00975071 0.01206039 0.09874564
v 0.01030529 0.01159009 0.09874564
v 0.00999485 0.01153468 0.10256847
v 0.00831443 0.01550054 0.08745678
v 0.00903184 0.01509378 0.08745678
v 0.00972939 0.01465385 0.08745678
v 0.00856197 0.01430855 0.09117664
v 0.00922323 0.01389150 0.09117664
v 0.00820544 0.01371272 0.09494396
v 0.00883916 0.01331304 0.09494396
v 0.00796348 0.01330836 0.09874564
v 0.00857852 0.01292047 0.09874564
v 0.00825156 0.01283968 0.10256847
v 0.00605906 0.01651315 0.08745678
v 0.00682641 0.01621100 0.08745678
v 0.00757875 0.01587321 0.08745678
v 0.00647127 0.01536765 0.09117664
v 0.00718447 0.01504743 0.09117664
v 0.00620180 0.01472771 0.09494396
v 0.00688530 0.01442083 0.09494396
v 0.00601892 0.01429343 0.09874564
v 0.00668227 0.01399559 0.09874564
v 0.00634030 0.01388332 0.10256847
v 0.00448612 0.01700797 0.08745678
v 0.00527839 0.01677901 0.08745678
v 0.00500379 0.01590610 0.09117664
v 0.00574384 0.01565408 0.09117664
v 0.00479542 0.01524374 0.09494396
v 0.00550466 0.01500222 0.09494396
v 0.00465402 0.01479424 0.09874564
v 0.00534234 0.01455984 0.09874564
v 0.00205721 0.01746895 0.08745678
v 0.00287375 0.01735333 0.08745678
v 0.00368398 0.01719955 0.08745678
v 0.00272425 0.01645054 0.09117664
v 0.00349233 0.01630477 0.09117664
v 0.00261081 0.01576552 0.09494396
v 0.00334690 0.01562581 0.09494396
v 0.00253382 0.01530063 0.09874564
v 0.00324821 0.01516504 0.09874564
v 0.00429996 0.01464432 0.10256847
v 0.00395546 0.01499612 0.09874564
v -0.00041235 0.01758483 0.08745678
v 0.00041235 0.01758483 0.08745678
v 0.00123613 0.01754618 0.08745678
v 0.00039090 0.01667001 0.09117664
v 0.00117183 0.01663336 0.09117664
v 0.00037462 0.01597584 0.09494396
v 0.00112303 0.01594072 0.09494396
v 0.00036357 0.01550475 0.09874564
v 0.00108991 0.01547067 0.09874564
v 0.00217209 0.01510721 0.10256847
v 0.00181386 0.01540257 0.09874564
v -0.00287375 0.01735333 0.08745678
v -0.00205721 0.01746895 0.08745678
v -0.00123613 0.01754618 0.08745678
v -0.00195018 0.01656015 0.09117664
v -0.00117183 0.01663336 0.09117664
v -0.00186897 0.01587056 0.09494396
v -0.00112303 0.01594072 0.09494396
v -0.00181386 0.01540257 0.09874564
v -0.00108991 0.01547067 0.09874564
v -0.00000000 0.01526256 0.10256847
v -0.00036357 0.01550475 0.09874564
v -0.00527839 0.01677901 0.08745678
v -0.00448612 0.01700797 0.08745678
v -0.00368398 0.01719955 0.08745678
v -0.00425273 0.01612316 0.09117664
v -0.00349233 0.01630477 0.09117664
v -0.00407564 0.01545176 0.09494396
v -0.00334690 0.01562581 0.09494396
v -0.00395546 0.01499612 0.09874564
v -0.00324821 0.01516504 0.09874564
v -0.00217209 0.01510721 0.10256847
v -0.00253382 0.01530063 0.09874564
v -0.00682641 0.01621100 0.08745678
v -0.00605906 0.01651315 0.08745678
v -0.00574384 0.01565408 0.09117664
v -0.00500379 0.01590610 0.09117664
v -0.00550466 0.01500222 0.09494396
v -0.00479542 0.01524374 0.09494396
v -0.00534234 0.01455984 0.09874564
v -0.00465402 0.01479424 0.09874564
v -0.00429996 0.01464432 0.10256847
v -0.00903184 0.01509378 0.08745678
v -0.00831443 0.01550054 0.08745678
v -0.00757875 0.01587321 0.08745678
v -0.00788189 0.01469414 0.09117664
v -0.00718447 0.01504743 0.09117664
v -0.00755367 0.01408225 0.09494396
v -0.00688530 0.01442083 0.09494396
v -0.00733093 0.01366700 0.09874564
v -0.00668227 0.01399559 0.09874564
v -0.00634030 0.01388332 0.10256847
v -0.00601892 0.01429343 0.09874564
v -0.01105885 0.01367839 0.08745678
v -0.01040556 0.01418171 0.08745678
v -0.00972939 0.01465385 0.08745678
v -0.00986422 0.01344392 0.09117664
v -0.00922323 0.01389150 0.09117664
v -0.00945346 0.01288409 0.09494396
v -0.00883916 0.01331304 0.09494396
v -0.00917470 0.01250417 0.09874564
v -0.00857852 0.01292047 0.09874564
v -0.00825156 0.01283968 0.10256847
v -0.00796348 0.01330836 0.09874564
v -0.01286739 0.01199277 0.08745678
v -0.01229112 0.01258272 0.08745678
v -0.01168783 0.01314500 0.08745678
v -0.01165169 0.01192812 0.09117664
v -0.01107979 0.01246115 0.09117664
v -0.01116650 0.01143141 0.09494396
v -0.01061841 0.01194224 0.09494396
v -0.01083722 0.01109432 0.09874564
v -0.01030529 0.01159009 0.09874564
v -0.00999485 0.01153468 0.10256847
v -0.00975071 0.01206039 0.09874564
v -0.01442174 0.01007024 0.08745678
v -0.01393388 0.01073516 0.08745678
v -0.01341538 0.01137647 0.08745678
v -0.01320898 0.01017667 0.09117664
v -0.01271746 0.01078462 0.09117664
v -0.01265894 0.00975290 0.09494396
v -0.01218789 0.01033553 0.09494396
v -0.01228566 0.00946531 0.09874564
v -0.01182849 0.01003076 0.09874564
v -0.01153468 0.00999485 0.10256847
v -0.01134533 0.01057416 0.09874564
v -0.01530136 0.00867552 0.08745678
v -0.01487790 0.00938320 0.08745678
v -0.01410390 0.00889505 0.09117664
v -0.01367147 0.00954635 0.09117664
v -0.01351659 0.00852464 0.09494396
v -0.01310217 0.00914883 0.09494396
v -0.01311802 0.00827327 0.09874564
v -0.01271581 0.00887905 0.09874564
v -0.01283968 0.00825156 0.10256847
v -0.01636658 0.00644450 0.08745678
v -0.01604652 0.00720456 0.08745678
v -0.01569119 0.00794878 0.08745678
v -0.01521172 0.00682975 0.09117664
v -0.01487487 0.00753525 0.09117664
v -0.01457828 0.00654535 0.09494396
v -0.01425546 0.00722147 0.09494396
v -0.01414840 0.00635234 0.09874564
v -0.01383510 0.00700853 0.09874564
v -0.01388332 0.00634030 0.10256847
v -0.01710847 0.00408617 0.08745678
v -0.01689813 0.00488360 0.08745678
v -0.01665066 0.00567028 0.08745678
v -0.01601903 0.00462953 0.09117664
v -0.01578443 0.00537529 0.09117664
v -0.01535197 0.00443675 0.09494396
v -0.01512714 0.00515146 0.09494396
v -0.01489928 0.00430592 0.09874564
v -0.01468107 0.00499955 0.09874564
v -0.01464432 0.00429996 0.10256847
v -0.01751238 0.00164712 0.08745678
v -0.01741593 0.00246616 0.08745678
v -0.01728119 0.00327977 0.08745678
v -0.01650988 0.00233786 0.09117664
v -0.01638216 0.00310914 0.09117664
v -0.01582239 0.00224051 0.09494396
v -0.01569998 0.00297967 0.09494396
v -0.01535582 0.00217444 0.09874564
v -0.01523702 0.00289181 0.09874564
v -0.01510721 0.00217209 0.10256847
v -0.01757034 -0.00082447 0.08745678
v -0.01758967 0.00000000 0.08745678
v -0.01757034 0.00082447 0.08745678
v -0.01667459 0.00000000 0.09117664
v -0.01665626 0.00078158 0.09117664
v -0.01598023 0.00000000 0.09494396
v -0.01596267 0.00074903 0.09494396
v -0.01550901 0.00000000 0.09874564
v -0.01549196 0.00072694 0.09874564
v -0.01526256 -0.00000000 0.10256847
v -0.01741593 -0.00246616 0.08745678
v -0.01751238 -0.00164712 0.08745678
v -0.01660132 -0.00156143 0.09117664
v -0.01665626 -0.00078158 0.09117664
v -0.01591001 -0.00149641 0.09494396
v -0.01596267 -0.00074903 0.09494396
v -0.01544086 -0.00145229 0.09874564
v -0.01549196 -0.00072694 0.09874564
v -0.01689813 -0.00488360 0.08745678
v -0.01710847 -0.00408617 0.08745678
v -0.01728119 -0.00327977 0.08745678
v -0.01621842 -0.00387360 0.09117664
v -0.01638216 -0.00310914 0.09117664
v -0.01554306 -0.00371229 0.09494396
v -0.01569998 -0.00297967 0.09494396
v -0.01508473 -0.00360283 0.09874564
v -0.01523702 -0.00289181 0.09874564
v -0.01510721 -0.00217209 0.10256847
v -0.01535582 -0.00217444 0.09874564
v -0.01604652 -0.00720456 0.08745678
v -0.01636658 -0.00644450 0.08745678
v -0.01665066 -0.00567028 0.08745678
v -0.01551513 -0.00610924 0.09117664
v -0.01578443 -0.00537529 0.09117664
v -0.01486905 -0.00585484 0.09494396
v -0.01512714 -0.00515146 0.09494396
v -0.01443060 -0.00568219 0.09874564
v -0.01468107 -0.00499955 0.09874564
v -0.01464432 -0.00429996 0.10256847
v -0.01489928 -0.00430592 0.09874564
v -0.01487790 -0.00938320 0.08745678
v -0.01530136 -0.00867552 0.08745678
v -0.01569119 -0.00794878 0.08745678
v -0.01450533 -0.00822419 0.09117664
v -0.01487487 -0.00753525 0.09117664
v -0.01390131 -0.00788172 0.09494396
v -0.01425546 -0.00722147 0.09494396
v -0.01349139 -0.00764931 0.09874564
v -0.01383510 -0.00700853 0.09874564
v -0.01388332 -0.00634030 0.10256847
v -0.01414840 -0.00635234 0.09874564
v -0.01393388 -0.01073516 0.08745678
v -0.01442174 -0.01007024 0.08745678
v -0.01367147 -0.00954635 0.09117664
v -0.01410390 -0.00889505 0.09117664
v -0.01310217 -0.00914883 0.09494396
v -0.01351659 -0.00852464 0.09494396
v -0.01271581 -0.00887905 0.09874564
v -0.01311802 -0.00827327 0.09874564
v -0.01283968 -0.00825156 0.10256847
v -0.01229112 -0.01258272 0.08745678
v -0.01286739 -0.01199277 0.08745678
v -0.01341538 -0.01137647 0.08745678
v -0.01219798 -0.01136886 0.09117664
v -0.01271746 -0.01078462 0.09117664
v -0.01169004 -0.01089545 0.09494396
v -0.01218789 -0.01033553 0.09494396
v -0.01134533 -0.01057416 0.09874564
v -0.01182849 -0.01003076 0.09874564
v -0.01153468 -0.00999485 0.10256847
v -0.01040556 -0.01418171 0.08745678
v -0.01105885 -0.01367839 0.08745678
v -0.01168783 -0.01314500 0.08745678
v -0.01048353 -0.01296679 0.09117664
v -0.01107979 -0.01246115 0.09117664
v -0.01004698 -0.01242683 0.09494396
v -0.01061841 -0.01194224 0.09494396
v -0.00975071 -0.01206039 0.09874564
v -0.01030529 -0.01159009 0.09874564
v -0.00999485 -0.01153468 0.10256847
v -0.00831443 -0.01550054 0.08745678
v -0.00903184 -0.01509378 0.08745678
v -0.00972939 -0.01465385 0.08745678
v -0.00856197 -0.01430855 0.09117664
v -0.00922323 -0.01389150 0.09117664
v -0.00820544 -0.01371272 0.09494396
v -0.00883916 -0.01331304 0.09494396
v -0.00796348 -0.01330836 0.09874564
v -0.00857852 -0.01292047 0.09874564
v -0.00825156 -0.01283968 0.10256847
v -0.00605906 -0.01651315 0.08745678
v -0.00682641 -0.01621100 0.08745678
v -0.00757875 -0.01587321 0.08745678
v -0.00647127 -0.01536765 0.09117664
v -0.00718447 -0.01504743 0.09117664
v -0.00620180 -0.01472771 0.09494396
v -0.00688530 -0.01442083 0.09494396
v -0.00601892 -0.01429343 0.09874564
v -0.00668227 -0.01399559 0.09874564
v -0.00634030 -0.01388332 0.10256847
v -0.00448612 -0.01700797 0.08745678
v -0.00527839 -0.01677901 0.08745678
v -0.00500379 -0.01590610 0.09117664
v -0.00574384 -0.01565408 0.09117664
v -0.00479542 -0.01524374 0.09494396
v -0.00550466 -0.01500222 0.09494396
v -0.00465402 -0.01479424 0.09874564
v -0.00534234 -0.01455984 0.09874564
v -0.00205721 -0.01746895 0.08745678
v -0.00287375 -0.01735333 0.08745678
v -0.00368398 -0.01719955 0.08745678
v -0.00272425 -0.01645054 0.09117664
v -0.00349233 -0.01630477 0.09117664
v -0.00261081 -0.01576552 0.09494396
v -0.00334690 -0.01562581 0.09494396
v -0.00253382 -0.01530063 0.09874564
v -0.00324821 -0.01516504 0.09874564
v -0.00429996 -0.01464432 0.10256847
v -0.00395546 -0.01499612 0.09874564
v 0.00041235 -0.01758483 0.08745678
v -0.00041235 -0.01758483 0.08745678
v -0.00123613 -0.01754618 0.08745678
v -0.00039090 -0.01667001 0.09117664
v -0.00117183 -0.01663336 0.09117664
v -0.00037462 -0.01597584 0.09494396
v -0.00112303 -0.01594072 0.09494396
v -0.00036357 -0.01550475 0.09874564
v -0.00108991 -0.01547067 0.09874564
v -0.00217209 -0.01510721 0.10256847
v -0.00181386 -0.01540257 0.09874564
v 0.00287375 -0.01735333 0.08745678
v 0.00205721 -0.01746895 0.08745678
v 0.00123613 -0.01754618 0.08745678
v 0.00195018 -0.01656015 0.09117664
v 0.00117183 -0.01663336 0.09117664
v 0.00186897 -0.01587056 0.09494396
v 0.00112303 -0.01594072 0.09494396
v 0.00181386 -0.01540257 0.09874564
v 0.00108991 -0.01547067 0.09874564
v -0.00000000 -0.01526256 0.10256847
v 0.00036357 -0.01550475 0.09874564
v 0.00527839 -0.01677901 0.08745678
v 0.00448612 -0.01700797 0.08745678
v 0.00368398 -0.01719955 0.08745678
v 0.00425273 -0.01612316 0.09117664
v 0.00349233 -0.01630477 0.09117664
v 0.00407564 -0.01545176 0.09494396
v 0.00334690 -0.01562581 0.09494396
v 0.00395546 -0.01499612 0.09874564
v 0.00324821 -0.01516504 0.09874564
v 0.00217209 -0.01510721 0.10256847
v 0.00253382 -0.01530063 0.09874564
v 0.00682641 -0.01621100 0.08745678
v 0.00605906 -0.01651315 0.08745678
v 0.00574384 -0.01565408 0.09117664
v 0.00500379 -0.01590610 0.09117664
v 0.00550466 -0.01500222 0.09494396
v 0.00479542 -0.01524374 0.09494396
v 0.00534234 -0.01455984 0.09874564
v 0.00465402 -0.01479424 0.09874564
v 0.00429996 -0.01464432 0.10256847
v 0.00903184 -0.01509378 0.08745678
v 0.00831443 -0.01550054 0.08745678
v 0.00757875 -0.01587321 0.08745678
v 0.00788189 -0.01469414 0.09117664
v 0.00718447 -0.01504743 0.09117664
v 0.00755367 -0.01408225 0.09494396
v 0.00688530 -0.01442083 0.09494396
v 0.00733093 -0.01366700 0.09874564
v 0.00668227 -0.01399559 0.09874564
v 0.00634030 -0.01388332 0.10256847
v 0.00601892 -0.01429343 0.09874564
v 0.01105885 -0.01367839 0.08745678
v 0.01040556 -0.01418171 0.08745678
v 0.00972939 -0.01465385 0.08745678
v 0.00986422 -0.01344392 0.09117664
v 0.00922323 -0.01389150 0.09117664
v 0.00945346 -0.01288409 0.09494396
v 0.00883916 -0.01331304 0.09494396
v 0.00917470 -0.01250417 0.09874564
v 0.00857852 -0.01292047 0.09874564
v 0.00825156 -0.01283968 0.10256847
v 0.00796348 -0.01330836 0.09874564
v 0.01286739 -0.01199277 0.08745678
v 0.01229112 -0.01258272 0.08745678
v 0.01168783 -0.01314500 0.08745678
v 0.01165169 -0.01192812 0.09117664
v 0.01107979 -0.01246115 0.09117664
v 0.01116650 -0.01143141 0.09494396
v 0.01061841 -0.01194224 0.09494396
v 0.01083722 -0.01109432 0.09874564
v 0.01030529 -0.01159009 0.09874564
v 0.00999485 -0.01153468 0.10256847
v 0.00975071 -0.01206039 0.09874564
v 0.01442174 -0.01007024 0.08745678
v 0.01393388 -0.01073516 0.08745678
v 0.01341538 -0.01137647 0.08745678
v 0.01320898 -0.01017667 0.09117664
v 0.01271746 -0.01078462 0.09117664
v 0.01265894 -0.00975290 0.09494396
v 0.01218789 -0.01033553 0.09494396
v 0.01228566 -0.00946531 0.09874564
v 0.01182849 -0.01003076 0.09874564
v 0.01153468 -0.00999485 0.10256847
v 0.01134533 -0.01057416 0.09874564
v 0.01530136 -0.00867552 0.08745678
v 0.01487790 -0.00938320 0.08745678
v 0.01410390 -0.00889505 0.09117664
v 0.01367147 -0.00954635 0.09117664
v 0.01351659 -0.00852464 0.09494396
v 0.01310217 -0.00914883 0.09494396
v 0.01311802 -0.00827327 0.09874564
v 0.01271581 -0.00887905 0.09874564
v 0.01283968 -0.00825156 0.10256847
v 0.01636658 -0.00644450 0.08745678
v 0.01604652 -0.00720456 0.08745678
v 0.01569119 -0.00794878 0.08745678
v 0.01521172 -0.00682975 0.09117664
v 0.01487487 -0.00753525 0.09117664
v 0.01457828 -0.00654535 0.09494396
v 0.01425546 -0.00722147 0.09494396
v 0.01414840 -0.00635234 0.09874564
v 0.01383510 -0.00700853 0.09874564
v 0.01388332 -0.00634030 0.10256847
v 0.01710847 -0.00408617 0.08745678
v 0.01689813 -0.00488360 0.08745678
v 0.01665066 -0.00567028 0.08745678
v 0.01601903 -0.00462953 0.09117664
v 0.01578443 -0.00537529 0.09117664
v 0.01535197 -0.00443675 0.09494396
v 0.01512714 -0.00515146 0.09494396
v 0.01489928 -0.00430592 0.09874564
v 0.01468107 -0.00499955 0.09874564
v 0.01464432 -0.00429996 0.10256847
v 0.01751238 -0.00164712 0.08745678
v 0.01741593 -0.00246616 0.08745678
v 0.01728119 -0.00327977 0.08745678
v 0.01650988 -0.00233786 0.09117664
v 0.01638216 -0.00310914 0.09117664
v 0.01582239 -0.00224051 0.09494396
v 0.01569998 -0.00297967 0.09494396
v 0.01535582 -0.00217444 0.09874564
v 0.01523702 -0.00289181 0.09874564
v -0.01228566 -0.00946531 0.09874564
v -0.01265894 -0.00975290 0.09494396
v -0.01320898 -0.01017667 0.09117664
v -0.01083722 -0.01109432 0.09874564
v -0.01116650 -0.01143141 0.09494396
v -0.01165169 -0.01192812 0.09117664
v -0.00917470 -0.01250417 0.09874564
v -0.00945346 -0.01288409 0.09494396
v -0.00986422 -0.01344392 0.09117664
v -0.00733093 -0.01366700 0.09874564
v -0.00755367 -0.01408225 0.09494396
v -0.00788189 -0.01469414 0.09117664
v 0.01349139 -0.00764931 0.09874564
v 0.01390131 -0.00788172 0.09494396
v 0.01450533 -0.00822419 0.09117664
v 0.01443060 -0.00568219 0.09874564
v 0.01486905 -0.00585484 0.09494396
v 0.01551513 -0.00610924 0.09117664
v 0.01508473 -0.00360283 0.09874564
v 0.01554306 -0.00371229 0.09494396
v 0.01621842 -0.00387360 0.09117664
v 0.01544086 -0.00145229 0.09874564
v 0.01591001 -0.00149641 0.09494396
v 0.01660132 -0.00156143 0.09117664
v 0.01228566 0.00946531 0.09874564
v 0.01265894 0.00975290 0.09494396
v 0.01320898 0.01017667 0.09117664
v 0.01083722 0.01109432 0.09874564
v 0.01116650 0.01143141 0.09494396
v 0.01165169 0.01192812 0.09117664
v 0.00917470 0.01250417 0.09874564
v 0.00945346 0.01288409 0.09494396
v 0.00986422 0.01344392 0.09117664
v 0.00733093 0.01366700 0.09874564
v 0.00755367 0.01408225 0.09494396
v 0.00788189 0.01469414 0.09117664
v -0.01349139 0.00764931 0.09874564
v -0.01390131 0.00788172 0.09494396
v -0.01450533 0.00822419 0.09117664
v -0.01443060 0.00568219 0.09874564
v -0.01486905 0.00585484 0.09494396
v -0.01551513 0.00610924 0.09117664
v -0.01508473 0.00360283 0.09874564
v -0.01554306 0.00371229 0.09494396
v -0.01621842 0.00387360 0.09117664
v -0.01544086 0.00145229 0.09874564
v -0.01591001 0.00149641 0.09494396
v -0.01660132 0.00156143 0.09117664
v 0.01650988 0.00233786 0.09117664
v 0.01582239 0.00224051 0.09494396
v 0.01601903 0.00462953 0.09117664
v 0.01535197 0.00443675 0.09494396
v 0.01521172 0.00682975 0.09117664
v 0.01457828 0.00654535 0.09494396
v 0.00425273 0.01612316 0.09117664
v 0.00407564 0.01545176 0.09494396
v 0.00195018 0.01656015 0.09117664
v 0.00186897 0.01587056 0.09494396
v -0.00039090 0.01667001 0.09117664
v -0.00037462 0.01597584 0.09494396
v -0.00272425 0.01645054 0.09117664
v -0.00261081 0.01576552 0.09494396
v -0.00647127 0.01536765 0.09117664
v -0.00620180 0.01472771 0.09494396
v -0.00856197 0.01430855 0.09117664
v -0.00820544 0.01371272 0.09494396
v -0.01048353 0.01296679 0.09117664
v -0.01004698 0.01242683 0.09494396
v -0.01219798 0.01136886 0.09117664
v -0.01169004 0.01089545 0.09494396
v -0.01650988 -0.00233786 0.09117664
v -0.01582239 -0.00224051 0.09494396
v -0.01601903 -0.00462953 0.09117664
v -0.01535197 -0.00443675 0.09494396
v -0.01521172 -0.00682975 0.09117664
v -0.01457828 -0.00654535 0.09494396
v -0.00425273 -0.01612316 0.09117664
v -0.00407564 -0.01545176 0.09494396
v -0.00195018 -0.01656015 0.09117664
v -0.00186897 -0.01587056 0.09494396
v 0.00039090 -0.01667001 0.09117664
v 0.00037462 -0.01597584 0.09494396
v 0.00272425 -0.01645054 0.09117664
v 0.00261081 -0.01576552 0.09494396
v 0.00647127 -0.01536765 0.09117664
v 0.00620180 -0.01472771 0.09494396
v 0.00856197 -0.01430855 0.09117664
v 0.00820544 -0.01371272 0.09494396
v 0.01048353 -0.01296679 0.09117664
v 0.01004698 -0.01242683 0.09494396
v 0.01219798 -0.01136886 0.09117664
v 0.01169004 -0.01089545 0.09494396
v 0.01047535 0.00179618 0.09200988
v 0.01062823 0.00000000 0.09200988
v 0.01047535 -0.00179618 0.09200988
v 0.01002112 0.00354069 0.09200988
v 0.00927859 0.00518333 0.09200988
v 0.00826914 0.00667687 0.09200988
v 0.00702180 0.00797832 0.09200988
v 0.00557246 0.00905025 0.09200988
v 0.00396280 0.00986182 0.09200988
v 0.00223915 0.01038968 0.09200988
v 0.00045107 0.01061865 0.09200988
v -0.00134997 0.01054214 0.09200988
v -0.00311219 0.01016236 0.09200988
v -0.00478487 0.00949022 0.09200988
v -0.00631990 0.00854507 0.09200988
v -0.00767311 0.00735408 0.09200988
v -0.00880559 0.00595154 0.09200988
v -0.00968474 0.00437778 0.09200988
v -0.01028529 0.00267808 0.09200988
v -0.01058994 0.00090134 0.09200988
v -0.01058994 -0.00090134 0.09200988
v -0.01028529 -0.00267808 0.09200988
v -0.00968474 -0.00437778 0.09200988
v -0.00880559 -0.00595154 0.09200988
v -0.00767311 -0.00735408 0.09200988
v -0.00631990 -0.00854507 0.09200988
v -0.00478487 -0.00949022 0.09200988
v -0.00311219 -0.01016236 0.09200988
v -0.00134997 -0.01054214 0.09200988
v 0.00045107 -0.01061865 0.09200988
v 0.00223915 -0.01038968 0.09200988
v 0.00396280 -0.00986182 0.09200988
v 0.00557246 -0.00905025 0.09200988
v 0.00702180 -0.00797832 0.09200988
v 0.00826914 -0.00667687 0.09200988
v 0.00927859 -0.00518333 0.09200988
v 0.01002112 -0.00354069 0.09200988
v 0.02484281 0.00279911 0.05000000
v 0.02500000 0.00000000 0.05000000
v 0.02484281 -0.00279911 0.05000000
v 0.02437320 0.00556302 0.05000000
v 0.02359708 0.00825698 0.05000000
v 0.02252422 0.01084709 0.05000000
v 0.02116810 0.01330080 0.05000000
v 0.01954579 0.01558724 0.05000000
v 0.01767767 0.01767767 0.05000000
v 0.01558724 0.01954579 0.05000000
v 0.01330080 0.02116810 0.05000000
v 0.01084709 0.02252422 0.05000000
v 0.00825698 0.02359708 0.05000000
v 0.00556302 0.02437320 0.05000000
v 0.00279911 0.02484281 0.05000000
v 0.00000000 0.02500000 0.05000000
v -0.00279911 0.02484281 0.05000000
v -0.00556302 0.02437320 0.05000000
v -0.00825698 0.02359708 0.05000000
v -0.01084709 0.02252422 0.05000000
v -0.01330080 0.02116810 0.05000000
v -0.01558724 0.01954579 0.05000000
v -0.01767767 0.01767767 0.05000000
v -0.01954579 0.01558724 0.05000000
v -0.02116810 0.01330080 0.05000000
v -0.02252422 0.01084709 0.05000000
v -0.02359708 0.00825698 0.05000000
v -0.02437320 0.00556302 0.05000000
v -0.02484281 0.00279911 0.05000000
v -0.02500000 0.00000000 0.05000000
v -0.02484281 -0.00279911 0.05000000
v -0.02437320 -0.00556302 0.05000000
v -0.02359708 -0.00825698 0.05000000
v -0.02252422 -0.01084709 0.05000000
v -0.02116810 -0.01330080 0.05000000
v -0.01954579 -0.01558724 0.05000000
v -0.01767767 -0.01767767 0.05000000
v -0.01558724 -0.01954579 0.05000000
v -0.01330080 -0.02116810 0.05000000
v -0.01084709 -0.02252422 0.05000000
v -0.00825698 -0.02359708 0.05000000
v -0.00556302 -0.02437320 0.05000000
v -0.00279911 -0.02484281 0.05000000
v -0.00000000 -0.02500000 0.05000000
v 0.00279911 -0.02484281 0.05000000
v 0.00556302 -0.02437320 0.05000000
v 0.00825698 -0.02359708 0.05000000
v 0.01084709 -0.02252422 0.05000000
v 0.01330080 -0.02116810 0.05000000
v 0.01558724 -0.01954579 0.05000000
v 0.01767767 -0.01767767 0.05000000
v 0.01954579 -0.01558724 0.05000000
v 0.02116810 -0.01330080 0.05000000
v 0.02252422 -0.01084709 0.05000000
v 0.02359708 -0.00825698 0.05000000
v 0.02437320 -0.00556302 0.05000000
v 0.02484281 0.00279911 0.00666667
v 0.02500000 0.00000000 0.00666667
v 0.02484281 -0.00279911 0.00666667
v 0.02437320 -0.00556302 0.00666667
v 0.02359708 -0.00825698 0.00666667
v 0.02252422 -0.01084709 0.00666667
v 0.02116810 -0.01330080 0.00666667
v 0.01954579 -0.01558724 0.00666667
v 0.01767767 -0.01767767 0.00666667
v 0.01558724 -0.01954579 0.00666667
v 0.01330080 -0.02116810 0.00666667
v 0.01084709 -0.02252422 0.00666667
v 0.00825698 -0.02359708 0.00666667
v 0.00556302 -0.02437320 0.00666667
v 0.00279911 -0.02484281 0.00666667
v -0.00000000 -0.02500000 0.00666667
v -0.00279911 -0.02484281 0.00666667
v -0.00556302 -0.02437320 0.00666667
v -0.00825698 -0.02359708 0.00666667
v -0.01084709 -0.02252422 0.00666667
v -0.01330080 -0.02116810 0.00666667
v -0.01558724 -0.01954579 0.00666667
v -0.01767767 -0.01767767 0.00666667
v -0.01954579 -0.01558724 0.00666667
v -0.02116810 -0.01330080 0.00666667
v -0.02252422 -0.01084709 0.00666667
v -0.02359708 -0.00825698 0.00666667
v -0.02437320 -0.00556302 0.00666667
v -0.02484281 -0.00279911 0.00666667
v -0.02500000 0.00000000 0.00666667
v -0.02484281 0.00279911 0.00666667
v -0.02437320 0.00556302 0.00666667
v -0.02359708 0.00825698 0.00666667
v -0.02252422 0.01084709 0.00666667
v -0.02116810 0.01330080 0.00666667
v -0.01954579 0.01558724 0.00666667
v -0.01767767 0.01767767 0.00666667
v -0.01558724 0.01954579 0.00666667
v -0.01330080 0.02116810 0.00666667
v -0.01084709 0.02252422 0.00666667
v -0.00825698 0.02359708 0.00666667
v -0.00556302 0.02437320 0.00666667
v -0.00279911 0.02484281 0.00666667
v 0.00000000 0.02500000 0.00666667
v 0.00279911 0.02484281 0.00666667
v 0.00556302 0.02437320 0.00666667
v 0.00825698 0.02359708 0.00666667
v 0.01084709 0.02252422 0.00666667
v 0.01330080 0.02116810 0.00666667
v 0.01558724 0.01954579 0.00666667
v 0.01767767 0.01767767 0.00666667
v 0.01954579 0.01558724 0.00666667
v 0.02116810 0.01330080 0.00666667
v 0.02252422 0.01084709 0.00666667
v 0.02359708 0.00825698 0.00666667
v 0.02437320 0.00556302 0.00666667
v 0.02484281 -0.00279911 -0.08000000
v 0.02484281 -0.00279911 -0.03666667
v 0.02500000 0.00000000 -0.08000000
v 0.02500000 0.00000000 -0.03666667
v 0.02484281 0.00279911 -0.08000000
v 0.02484281 0.00279911 -0.03666667
v 0.02437320 0.00556302 -0.08000000
v 0.02437320 0.00556302 -0.03666667
v 0.02359708 0.00825698 -0.08000000
v 0.02359708 0.00825698 -0.03666667
v 0.02252422 0.01084709 -0.08000000
v 0.02252422 0.01084709 -0.03666667
v 0.02116810 0.01330080 -0.08000000
v 0.02116810 0.01330080 -0.03666667
v 0.01954579 0.01558724 -0.08000000
v 0.01954579 0.01558724 -0.03666667
v 0.01767767 0.01767767 -0.08000000
v 0.01767767 0.01767767 -0.03666667
v 0.01558724 0.01954579 -0.08000000
v 0.01558724 0.01954579 -0.03666667
v 0.01330080 0.02116810 -0.08000000
v 0.01330080 0.02116810 -0.03666667
v 0.01084709 0.02252422 -0.08000000
v 0.01084709 0.02252422 -0.03666667
v 0.00825698 0.02359708 -0.08000000
v 0.00825698 0.02359708 -0.03666667
v 0.00556302 0.02437320 -0.08000000
v 0.00556302 0.02437320 -0.03666667
v 0.00279911 0.02484281 -0.08000000
v 0.00279911 0.02484281 -0.03666667
v 0.00000000 0.02500000 -0.08000000
v 0.00000000 0.02500000 -0.03666667
v -0.00279911 0.02484281 -0.08000000
v -0.00279911 0.02484281 -0.03666667
v -0.00556302 0.02437320 -0.08000000
v -0.00556302 0.02437320 -0.03666667
v -0.00825698 0.02359708 -0.08000000
v -0.00825698 0.02359708 -0.03666667
v -0.01084709 0.02252422 -0.08000000
v -0.01084709 0.02252422 -0.03666667
v -0.01330080 0.02116810 -0.08000000
v -0.01330080 0.02116810 -0.03666667
v -0.01558724 0.01954579 -0.08000000
v -0.01558724 0.01954579 -0.03666667
v -0.01767767 0.01767767 -0.08000000
v -0.01767767 0.01767767 -0.03666667
v -0.01954579 0.01558724 -0.08000000
v -0.01954579 0.01558724 -0.03666667
v -0.02116810 0.01330080 -0.08000000
v -0.02116810 0.01330080 -0.03666667
v -0.02252422 0.01084709 -0.08000000
v -0.02252422 0.01084709 -0.03666667
v -0.02359708 0.00825698 -0.08000000
v -0.02359708 0.00825698 -0.03666667
v -0.02437320 0.00556302 -0.08000000
v -0.02437320 0.00556302 -0.03666667
v -0.02484281 0.00279911 -0.08000000
v -0.02484281 0.00279911 -0.03666667
v -0.02500000 0.00000000 -0.08000000
v -0.02500000 0.00000000 -0.03666667
v -0.02484281 -0.00279911 -0.08000000
v -0.02484281 -0.00279911 -0.03666667
v -0.02437320 -0.00556302 -0.08000000
v -0.02437320 -0.00556302 -0.03666667
v -0.02359708 -0.00825698 -0.08000000
v -0.02359708 -0.00825698 -0.03666667
v -0.02252422 -0.01084709 -0.08000000
v -0.02252422 -0.01084709 -0.03666667
v -0.02116810 -0.01330080 -0.08000000
v -0.02116810 -0.01330080 -0.03666667
v -0.01954579 -0.01558724 -0.08000000
v -0.01954579 -0.01558724 -0.03666667
v -0.01767767 -0.01767767 -0.08000000
v -0.01767767 -0.01767767 -0.03666667
v -0.01558724 -0.01954579 -0.08000000
v -0.01558724 -0.01954579 -0.03666667
v -0.01330080 -0.02116810 -0.08000000
v -0.01330080 -0.02116810 -0.03666667
v -0.01084709 -0.02252422 -0.08000000
v -0.01084709 -0.02252422 -0.03666667
v -0.00825698 -0.02359708 -0.08000000
v -0.00825698 -0.02359708 -0.03666667
v -0.00556302 -0.02437320 -0.08000000
v -0.00556302 -0.02437320 -0.03666667
v -0.00279911 -0.02484281 -0.08000000
v -0.00279911 -0.02484281 -0.03666667
v -0.00000000 -0.02500000 -0.08000000
v -0.00000000 -0.02500000 -0.03666667
v 0.00279911 -0.02484281 -0.08000000
v 0.00279911 -0.02484281 -0.03666667
v 0.00556302 -0.02437320 -0.08000000
v 0.00556302 -0.02437320 -0.03666667
v 0.00825698 -0.02359708 -0.08000000
v 0.00825698 -0.02359708 -0.03666667
v 0.01084709 -0.02252422 -0.08000000
v 0.01084709 -0.02252422 -0.03666667
v 0.01330080 -0.02116810 -0.08000000
v 0.01330080 -0.02116810 -0.03666667
v 0.01558724 -0.01954579 -0.08000000
v 0.01558724 -0.01954579 -0.03666667
v 0.01767767 -0.01767767 -0.08000000
v 0.01767767 -0.01767767 -0.03666667
v 0.01954579 -0.01558724 -0.08000000
v 0.01954579 -0.01558724 -0.03666667
v 0.02116810 -0.01330080 -0.08000000
v 0.02116810 -0.01330080 -0.03666667
v 0.02252422 -0.01084709 -0.08000000
v 0.02252422 -0.01084709 -0.03666667
v 0.02359708 -0.00825698 -0.08000000
v 0.02359708 -0.00825698 -0.03666667
v 0.02437320 -0.00556302 -0.08000000
v 0.02437320 -0.00556302 -0.03666667
f 1 2 3
f 3 2 4
f 3 4 5
f 5 4 6
f 5 6 7
f 7 6 8
f 7 8 9
f 9 8 10
f 9 10 11
f 11 10 12
f 11 12 13
f 13 12 14
f 13 14 15
f 15 14 16
f 15 16 17
f 17 16 18
f 17 18 19
f 19 18 20
f 19 20 21
f 21 20 22
f 21 22 23
f 23 22 24
f 23 24 25
f 25 24 26
f 25 26 27
f 27 26 28
f 27 28 29
f 29 28 30
f 29 30 31
f 31 30 32
f 31 32 33
f 33 32 34
f 33 34 35
f 35 34 36
f 35 36 37
f 37 36 38
f 37 38 39
f 39 38 40
f 39 40 41
f 41 40 42
f 41 42 43
f 43 42 44
f 43 44 45
f 45 44 46
f 45 46 47
f 47 46 48
f 47 48 49
f 49 48 50
f 49 50 51
f 51 50 52
f 51 52 53
f 53 52 54
f 53 54 55
f 55 54 56
f 55 56 57
f 57 56 58
f 57 58 59
f 59 58 60
f 59 60 61
f 61 60 62
f 61 62 63
f 63 62 64
f 63 64 65
f 65 64 66
f 65 66 67
f 67 66 68
f 67 68 69
f 69 68 70
f 69 70 71
f 71 70 72
f 71 72 73
f 73 72 74
f 73 74 75
f 2 1 76
f 76 1 77
f 76 77 78
f 78 77 79
f 78 79 80
f 80 79 81
f 80 81 82
f 82 81 83
f 82 83 84
f 84 83 85
f 84 85 86
f 86 85 87
f 86 87 88
f 88 87 89
f 88 89 90
f 90 89 91
f 90 91 92
f 92 91 93
f 92 93 94
f 94 93 95
f 94 95 96
f 96 95 97
f 96 97 98
f 98 97 99
f 98 99 100
f 100 99 101
f 100 101 102
f 102 101 103
f 102 103 104
f 104 103 105
f 104 105 106
f 106 105 107
f 106 107 108
f 108 107 109
f 108 109 110
f 110 109 111
f 110 111 112
f 112 111 113
f 112 113 114
f 114 113 115
f 114 115 116
f 116 115 117
f 116 117 118
f 118 117 119
f 118 119 120
f 120 119 121
f 120 121 122
f 122 121 123
f 122 123 124
f 124 123 125
f 124 125 126
f 126 125 127
f 126 127 128
f 128 127 129
f 128 129 130
f 130 129 131
f 130 131 65
f 65 131 63
f 132 133 134
f 134 133 135
f 134 135 136
f 136 135 137
f 136 137 138
f 138 137 139
f 138 139 140
f 140 139 141
f 140 141 142
f 142 141 143
f 142 143 144
f 144 143 145
f 144 145 146
f 146 145 147
f 146 147 148
f 148 147 149
f 148 149 150
f 150 149 151
f 150 151 152
f 152 151 153
f 152 153 154
f 154 153 155
f 154 155 156
f 156 155 157
f 156 157 158
f 158 157 159
f 158 159 160
f 160 159 161
f 160 161 162
f 162 161 163
f 162 163 164
f 164 163 165
f 164 165 166
f 166 165 167
f 166 167 168
f 168 167 169
f 168 169 170
f 170 169 171
f 170 171 172
f 172 171 173
f 172 173 174
f 174 173 175
f 174 175 176
f 176 175 177
f 176 177 178
f 178 177 179
f 178 179 180
f 180 179 181
f 180 181 182
f 182 181 183
f 182 183 184
f 184 183 185
f 184 185 186
f 186 185 187
f 186 187 188
f 188 187 189
f 188 189 190
f 190 189 191
f 190 191 75
f 75 191 73
f 133 132 192
f 192 132 193
f 192 193 194
f 194 193 195
f 194 195 196
f 196 195 197
f 196 197 198
f 198 197 199
f 198 199 200
f 200 199 201
f 200 201 202
f 202 201 203
f 202 203 204
f 204 203 205
f 204 205 206
f 206 205 207
f 206 207 208
f 208 207 209
f 208 209 210
f 210 209 211
f 210 211 212
f 212 211 213
f 212 213 214
f 214 213 215
f 214 215 216
f 216 215 217
f 216 217 218
f 218 217 219
f 218 219 220
f 220 219 221
f 220 221 222
f 222 221 223
f 222 223 224
f 224 223 225
f 224 225 226
f 226 225 227
f 226 227 228
f 228 227 229
f 228 229 230
f 230 229 231
f 230 231 232
f 232 231 233
f 232 233 234
f 234 233 235
f 234 235 236
f 236 235 237
f 236 237 238
f 238 237 239
f 238 239 240
f 240 239 241
f 240 241 242
f 242 241 243
f 242 243 244
f 244 243 245
f 244 245 246
f 246 245 247
f 246 247 248
f 248 247 249
f 248 249 72
f 72 249 74
f 66 64 250
f 250 64 62
f 250 62 251
f 251 62 60
f 251 60 252
f 252 60 58
f 252 58 253
f 253 58 56
f 253 56 254
f 254 56 54
f 254 54 255
f 255 54 52
f 255 52 256
f 256 52 50
f 256 50 257
f 257 50 48
f 257 48 258
f 258 48 46
f 258 46 259
f 259 46 44
f 259 44 260
f 260 44 42
f 260 42 261
f 261 42 40
f 261 40 262
f 262 40 38
f 262 38 263
f 263 38 36
f 263 36 264
f 264 36 34
f 264 34 265
f 265 34 32
f 265 32 266
f 266 32 30
f 266 30 267
f 267 30 28
f 267 28 268
f 268 28 26
f 268 26 269
f 269 26 24
f 269 24 270
f 270 24 22
f 270 22 271
f 271 22 20
f 271 20 272
f 272 20 18
f 272 18 273
f 273 18 16
f 273 16 274
f 274 16 14
f 274 14 275
f 275 14 12
f 275 12 276
f 276 12 10
f 276 10 277
f 277 10 8
f 277 8 278
f 278 8 6
f 278 6 279
f 279 6 4
f 279 4 280
f 280 4 2
f 280 2 281
f 281 2 76
f 281 76 282
f 282 76 78
f 282 78 283
f 283 78 80
f 283 80 284
f 284 80 82
f 284 82 285
f 285 82 84
f 285 84 286
f 286 84 86
f 286 86 287
f 287 86 88
f 287 88 288
f 288 88 90
f 288 90 289
f 289 90 92
f 289 92 290
f 290 92 94
f 290 94 291
f 291 94 96
f 291 96 292
f 292 96 98
f 292 98 293
f 293 98 100
f 293 100 294
f 294 100 102
f 294 102 295
f 295 102 104
f 295 104 296
f 296 104 106
f 296 106 297
f 297 106 108
f 297 108 298
f 298 108 110
f 298 110 299
f 299 110 112
f 299 112 300
f 300 112 114
f 300 114 301
f 301 114 116
f 301 116 302
f 302 116 118
f 302 118 303
f 303 118 120
f 303 120 304
f 304 120 122
f 304 122 305
f 305 122 124
f 305 124 306
f 306 124 126
f 306 126 307
f 307 126 128
f 307 128 308
f 308 128 130
f 308 130 67
f 67 130 65
f 68 66 309
f 309 66 250
f 309 250 310
f 310 250 251
f 310 251 311
f 311 251 252
f 311 252 312
f 312 252 253
f 312 253 313
f 313 253 254
f 313 254 314
f 314 254 255
f 314 255 315
f 315 255 256
f 315 256 316
f 316 256 257
f 316 257 317
f 317 257 258
f 317 258 318
f 318 258 259
f 318 259 319
f 319 259 260
f 319 260 320
f 320 260 261
f 320 261 321
f 321 261 262
f 321 262 322
f 322 262 263
f 322 263 323
f 323 263 264
f 323 264 324
f 324 264 265
f 324 265 325
f 325 265 266
f 325 266 326
f 326 266 267
f 326 267 327
f 327 267 268
f 327 268 328
f 328 268 269
f 328 269 329
f 329 269 270
f 329 270 330
f 330 270 271
f 330 271 331
f 331 271 272
f 331 272 332
f 332 272 273
f 332 273 333
f 333 273 274
f 333 274 334
f 334 274 275
f 334 275 335
f 335 275 276
f 335 276 336
f 336 276 277
f 336 277 337
f 337 277 278
f 337 278 338
f 338 278 279
f 338 279 339
f 339 279 280
f 339 280 340
f 340 280 281
f 340 281 341
f 341 281 282
f 341 282 342
f 342 282 283
f 342 283 343
f 343 283 284
f 343 284 344
f 344 284 285
f 344 285 345
f 345 285 286
f 345 286 346
f 346 286 287
f 346 287 347
f 347 287 288
f 347 288 348
f 348 288 289
f 348 289 349
f 349 289 290
f 349 290 350
f 350 290 291
f 350 291 351
f 351 291 292
f 351 292 352
f 352 292 293
f 352 293 353
f 353 293 294
f 353 294 354
f 354 294 295
f 354 295 355
f 355 295 296
f 355 296 356
f 356 296 297
f 356 297 357
f 357 297 298
f 357 298 358
f 358 298 299
f 358 299 359
f 359 299 300
f 359 300 360
f 360 300 301
f 360 301 361
f 361 301 302
f 361 302 362
f 362 302 303
f 362 303 363
f 363 303 304
f 363 304 364
f 364 304 305
f 364 305 365
f 365 305 306
f 365 306 366
f 366 306 307
f 366 307 367
f 367 307 308
f 367 308 69
f 69 308 67
f 248 72 70
f 70 68 368
f 368 68 309
f 368 309 369
f 369 309 310
f 369 310 370
f 370 310 311
f 370 311 371
f 371 311 312
f 371 312 372
f 372 312 313
f 372 313 373
f 373 313 314
f 373 314 374
f 374 314 315
f 374 315 375
f 375 315 316
f 375 316 376
f 376 316 317
f 376 317 377
f 377 317 318
f 377 318 378
f 378 318 319
f 378 319 379
f 379 319 320
f 379 320 380
f 380 320 321
f 380 321 381
f 381 321 322
f 381 322 382
f 382 322 323
f 382 323 383
f 383 323 324
f 383 324 384
f 384 324 325
f 384 325 385
f 385 325 326
f 385 326 386
f 386 326 327
f 386 327 387
f 387 327 328
f 387 328 388
f 388 328 329
f 388 329 389
f 389 329 330
f 389 330 390
f 390 330 331
f 390 331 391
f 391 331 332
f 391 332 392
f 392 332 333
f 392 333 393
f 393 333 334
f 393 334 394
f 394 334 335
f 394 335 395
f 395 335 336
f 395 336 396
f 396 336 337
f 396 337 397
f 397 337 338
f 397 338 398
f 398 338 339
f 398 339 399
f 399 339 340
f 399 340 400
f 400 340 341
f 400 341 401
f 401 341 342
f 401 342 402
f 402 342 343
f 402 343 403
f 403 343 344
f 403 344 404
f 404 344 345
f 404 345 405
f 405 345 346
f 405 346 406
f 406 346 347
f 406 347 407
f 407 347 348
f 407 348 408
f 408 348 349
f 408 349 409
f 409 349 350
f 409 350 410
f 410 350 351
f 410 351 411
f 411 351 352
f 411 352 412
f 412 352 353
f 412 353 413
f 413 353 354
f 413 354 414
f 414 354 355
f 414 355 415
f 415 355 356
f 415 356 416
f 416 356 357
f 416 357 417
f 417 357 358
f 417 358 418
f 418 358 359
f 418 359 419
f 419 359 360
f 419 360 420
f 420 360 361
f 420 361 421
f 421 361 362
f 421 362 422
f 422 362 363
f 422 363 423
f 423 363 364
f 423 364 424
f 424 364 365
f 424 365 425
f 425 365 366
f 425 366 426
f 426 366 367
f 426 367 71
f 71 367 69
f 398 135 397
f 397 135 133
f 397 133 396
f 396 133 192
f 396 192 395
f 395 192 194
f 395 194 394
f 394 194 196
f 394 196 393
f 393 196 198
f 393 198 392
f 392 198 200
f 392 200 391
f 391 200 202
f 391 202 390
f 390 202 204
f 390 204 389
f 389 204 206
f 389 206 388
f 388 206 208
f 388 208 387
f 387 208 210
f 387 210 386
f 386 210 212
f 386 212 385
f 385 212 214
f 385 214 384
f 384 214 216
f 384 216 383
f 383 216 218
f 383 218 382
f 382 218 220
f 382 220 381
f 381 220 222
f 381 222 380
f 380 222 224
f 380 224 379
f 379 224 226
f 379 226 378
f 378 226 228
f 378 228 377
f 377 228 230
f 377 230 376
f 376 230 232
f 376 232 375
f 375 232 234
f 375 234 374
f 374 234 236
f 374 236 373
f 373 236 238
f 373 238 372
f 372 238 240
f 372 240 371
f 371 240 242
f 371 242 370
f 370 242 244
f 370 244 369
f 369 244 246
f 369 246 368
f 368 246 248
f 368 248 70
f 135 398 137
f 137 398 399
f 137 399 139
f 139 399 400
f 139 400 141
f 141 400 401
f 141 401 143
f 143 401 402
f 143 402 145
f 145 402 403
f 145 403 147
f 147 403 404
f 147 404 149
f 149 404 405
f 149 405 151
f 151 405 406
f 151 406 153
f 153 406 407
f 153 407 155
f 155 407 408
f 155 408 157
f 157 408 409
f 157 409 159
f 159 409 410
f 159 410 161
f 161 410 411
f 161 411 163
f 163 411 412
f 163 412 165
f 165 412 413
f 165 413 167
f 167 413 414
f 167 414 169
f 169 414 415
f 169 415 171
f 171 415 416
f 171 416 173
f 173 416 417
f 173 417 175
f 175 417 418
f 175 418 177
f 177 418 419
f 177 419 179
f 179 419 420
f 179 420 181
f 181 420 421
f 181 421 183
f 183 421 422
f 183 422 185
f 185 422 423
f 185 423 187
f 187 423 424
f 187 424 189
f 189 424 425
f 189 425 191
f 191 425 426
f 191 426 73
f 73 426 71
f 427 428 429
f 429 428 430
f 429 430 431
f 431 430 432
f 431 432 433
f 433 432 434
f 433 434 435
f 435 434 436
f 435 436 437
f 437 436 438
f 437 438 439
f 439 438 440
f 439 440 441
f 441 440 442
f 441 442 443
f 443 442 444
f 443 444 445
f 445 444 446
f 445 446 447
f 447 446 448
f 447 448 449
f 449 448 450
f 449 450 451
f 451 450 452
f 451 452 453
f 453 452 454
f 453 454 455
f 455 454 456
f 455 456 457
f 457 456 458
f 457 458 459
f 459 458 460
f 459 460 461
f 461 460 462
f 461 462 463
f 463 462 464
f 463 464 465
f 465 464 466
f 465 466 467
f 467 466 468
f 467 468 469
f 469 468 470
f 469 470 471
f 471 470 472
f 471 472 473
f 473 472 474
f 473 474 475
f 475 474 476
f 475 476 477
f 477 476 478
f 477 478 479
f 479 478 480
f 479 480 481
f 481 480 482
f 481 482 483
f 483 482 484
f 483 484 485
f 485 484 486
f 485 486 487
f 487 486 488
f 487 488 489
f 489 488 490
f 489 490 491
f 491 490 492
f 491 492 493
f 493 492 494
f 493 494 495
f 495 494 496
f 495 496 497
f 497 496 498
f 497 498 499
f 499 498 500
f 499 500 501
f 501 500 502
f 501 502 503
f 503 502 504
f 503 504 505
f 505 504 506
f 505 506 507
f 507 506 508
f 507 508 509
f 509 508 510
f 509 510 511
f 511 510 512
f 511 512 513
f 513 512 514
f 513 514 515
f 515 514 516
f 515 516 517
f 517 516 518
f 517 518 519
f 519 518 520
f 519 520 521
f 521 520 522
f 521 522 523
f 523 522 524
f 523 524 525
f 525 524 526
f 525 526 527
f 527 526 528
f 527 528 529
f 529 528 530
f 529 530 531
f 531 530 532
f 531 532 533
f 533 532 534
f 533 534 535
f 535 534 536
f 535 536 537
f 537 536 538
f 537 538 539
f 539 538 540
f 539 540 541
f 541 540 542
f 541 542 543
f 543 542 544
f 543 544 545
f 545 544 546
f 545 546 547
f 547 546 548
f 547 548 427
f 427 548 428
f 136 492 134
f 134 492 490
f 134 490 132
f 132 490 488
f 132 488 193
f 193 488 486
f 193 486 195
f 195 486 484
f 195 484 197
f 197 484 482
f 197 482 199
f 199 482 480
f 199 480 201
f 201 480 478
f 201 478 203
f 203 478 476
f 203 476 205
f 205 476 474
f 205 474 207
f 207 474 472
f 207 472 209
f 209 472 470
f 209 470 211
f 211 470 468
f 211 468 213
f 213 468 466
f 213 466 215
f 215 466 464
f 215 464 217
f 217 464 462
f 217 462 219
f 219 462 460
f 219 460 221
f 221 460 458
f 221 458 223
f 223 458 456
f 223 456 225
f 225 456 454
f 225 454 227
f 227 454 452
f 227 452 229
f 229 452 450
f 229 450 231
f 231 450 448
f 231 448 233
f 233 448 446
f 233 446 235
f 235 446 444
f 235 444 237
f 237 444 442
f 237 442 239
f 239 442 440
f 239 440 241
f 241 440 438
f 241 438 243
f 243 438 436
f 243 436 245
f 245 436 434
f 245 434 247
f 247 434 432
f 247 432 249
f 249 432 430
f 249 430 74
f 74 430 428
f 74 428 75
f 75 428 548
f 75 548 190
f 190 548 546
f 190 546 188
f 188 546 544
f 188 544 186
f 186 544 542
f 186 542 184
f 184 542 540
f 184 540 182
f 182 540 538
f 182 538 180
f 180 538 536
f 180 536 178
f 178 536 534
f 178 534 176
f 176 534 532
f 176 532 174
f 174 532 530
f 174 530 172
f 172 530 528
f 172 528 170
f 170 528 526
f 170 526 168
f 168 526 524
f 168 524 166
f 166 524 522
f 166 522 164
f 164 522 520
f 164 520 162
f 162 520 518
f 162 518 160
f 160 518 516
f 160 516 158
f 158 516 514
f 158 514 156
f 156 514 512
f 156 512 154
f 154 512 510
f 154 510 152
f 152 510 508
f 152 508 150
f 150 508 506
f 150 506 148
f 148 506 504
f 148 504 146
f 146 504 502
f 146 502 144
f 144 502 500
f 144 500 142
f 142 500 498
f 142 498 140
f 140 498 496
f 140 496 138
f 138 496 494
f 138 494 136
f 136 494 492
f 5 61 3
f 3 61 63
f 3 63 1
f 1 63 131
f 1 131 77
f 77 131 129
f 77 129 79
f 79 129 127
f 79 127 81
f 81 127 125
f 81 125 83
f 83 125 123
f 83 123 85
f 85 123 121
f 85 121 87
f 87 121 119
f 87 119 89
f 89 119 117
f 89 117 91
f 91 117 115
f 91 115 93
f 93 115 113
f 93 113 95
f 95 113 111
f 95 111 97
f 97 111 109
f 97 109 99
f 99 109 107
f 99 107 101
f 101 107 105
f 101 105 103
f 61 5 59
f 59 5 7
f 59 7 57
f 57 7 9
f 57 9 55
f 55 9 11
f 55 11 53
f 53 11 13
f 53 13 51
f 51 13 15
f 51 15 49
f 49 15 17
f 49 17 47
f 47 17 19
f 47 19 45
f 45 19 21
f 45 21 43
f 43 21 23
f 43 23 41
f 41 23 25
f 41 25 39
f 39 25 27
f 39 27 37
f 37 27 29
f 37 29 35
f 35 29 31
f 35 31 33
f 549 550 551
f 551 550 552
f 551 552 553
f 553 552 554
f 553 554 555
f 555 554 556
f 555 556 557
f 557 556 558
f 557 558 559
f 559 558 560
f 559 560 561
f 561 560 562
f 561 562 563
f 563 562 564
f 563 564 565
f 565 564 566
f 565 566 567
f 567 566 568
f 567 568 569
f 569 568 570
f 569 570 571
f 571 570 572
f 571 572 573
f 573 572 574
f 573 574 575
f 575 574 576
f 575 576 577
f 577 576 578
f 577 578 579
f 579 578 580
f 579 580 581
f 550 549 582
f 582 549 583
f 582 583 584
f 584 583 585
f 584 585 586
f 586 585 587
f 586 587 588
f 588 587 589
f 588 589 590
f 590 589 591
f 590 591 592
f 592 591 593
f 592 593 594
f 594 593 595
f 594 595 596
f 596 595 597
f 596 597 598
f 598 597 599
f 598 599 600
f 600 599 601
f 600 601 602
f 602 601 603
f 602 603 604
f 604 603 605
f 604 605 606
f 606 605 607
f 606 607 608
f 608 607 609
f 608 609 610
f 610 609 611
f 610 611 612
f 612 611 613
f 612 613 614
f 614 613 615
f 614 615 616
f 616 615 617
f 616 617 618
f 618 617 619
f 618 619 620
f 620 619 621
f 620 621 622
f 622 621 623
f 622 623 624
f 624 623 625
f 624 625 626
f 626 625 627
f 626 627 628
f 628 627 629
f 628 629 630
f 630 629 631
f 630 631 632
f 632 631 633
f 632 633 634
f 634 633 635
f 634 635 636
f 636 635 637
f 636 637 638
f 597 639 599
f 599 639 640
f 599 640 601
f 601 640 641
f 601 641 603
f 603 641 642
f 603 642 605
f 605 642 643
f 605 643 607
f 607 643 609
f 639 644 640
f 640 644 645
f 640 645 641
f 641 645 646
f 641 646 642
f 642 646 647
f 642 647 643
f 643 647 648
f 643 648 609
f 609 648 611
f 644 649 645
f 645 649 650
f 645 650 646
f 646 650 651
f 646 651 647
f 647 651 652
f 647 652 648
f 648 652 653
f 648 653 611
f 611 653 613
f 649 654 650
f 650 654 655
f 650 655 651
f 651 655 656
f 651 656 652
f 652 656 657
f 652 657 653
f 653 657 658
f 653 658 613
f 613 658 615
f 654 659 655
f 655 659 660
f 655 660 656
f 656 660 661
f 656 661 657
f 657 661 662
f 657 662 658
f 658 662 663
f 658 663 615
f 615 663 617
f 659 664 660
f 660 664 665
f 660 665 661
f 661 665 666
f 661 666 662
f 662 666 667
f 662 667 663
f 663 667 668
f 663 668 617
f 617 668 619
f 664 669 665
f 665 669 670
f 665 670 666
f 666 670 671
f 666 671 667
f 667 671 672
f 667 672 668
f 668 672 673
f 668 673 619
f 619 673 621
f 669 674 670
f 670 674 675
f 670 675 671
f 671 675 676
f 671 676 672
f 672 676 677
f 672 677 673
f 673 677 678
f 673 678 621
f 621 678 623
f 674 679 675
f 675 679 680
f 675 680 676
f 676 680 681
f 676 681 677
f 677 681 682
f 677 682 678
f 678 682 683
f 678 683 623
f 623 683 625
f 679 684 680
f 680 684 685
f 680 685 681
f 681 685 686
f 681 686 682
f 682 686 687
f 682 687 683
f 683 687 688
f 683 688 625
f 625 688 627
f 684 689 685
f 685 689 690
f 685 690 686
f 686 690 691
f 686 691 687
f 687 691 692
f 687 692 688
f 688 692 629
f 688 629 627
f 689 693 690
f 690 693 694
f 690 694 691
f 691 694 695
f 691 695 692
f 692 695 631
f 692 631 629
f 693 696 694
f 694 696 697
f 694 697 695
f 695 697 633
f 695 633 631
f 696 698 697
f 697 698 635
f 697 635 633
f 698 637 635
f 636 638 699
f 699 638 700
f 699 700 701
f 701 700 702
f 701 702 571
f 571 702 569
f 703 704 705
f 705 704 706
f 705 706 707
f 707 706 708
f 707 708 709
f 709 708 710
f 709 710 711
f 711 710 712
f 711 712 713
f 713 712 714
f 713 714 715
f 715 714 716
f 715 716 717
f 717 716 718
f 717 718 719
f 719 718 720
f 719 720 721
f 721 720 588
f 721 588 590
f 704 703 722
f 722 703 723
f 722 723 724
f 724 723 725
f 724 725 726
f 726 725 727
f 726 727 728
f 728 727 729
f 728 729 730
f 730 729 731
f 730 731 732
f 732 731 733
f 732 733 734
f 734 733 735
f 734 735 568
f 568 735 570
f 727 736 729
f 729 736 737
f 729 737 731
f 731 737 738
f 731 738 733
f 733 738 739
f 733 739 735
f 735 739 572
f 735 572 570
f 736 740 737
f 737 740 741
f 737 741 738
f 738 741 742
f 738 742 739
f 739 742 574
f 739 574 572
f 740 743 741
f 741 743 744
f 741 744 742
f 742 744 576
f 742 576 574
f 743 745 744
f 744 745 578
f 744 578 576
f 745 580 578
f 579 581 746
f 746 581 747
f 746 747 748
f 748 747 749
f 748 749 628
f 628 749 626
f 608 750 606
f 606 750 751
f 606 751 604
f 604 751 752
f 604 752 602
f 602 752 753
f 602 753 600
f 600 753 754
f 600 754 598
f 598 754 596
f 750 755 751
f 751 755 756
f 751 756 752
f 752 756 757
f 752 757 753
f 753 757 758
f 753 758 754
f 754 758 759
f 754 759 596
f 596 759 594
f 755 760 756
f 756 760 761
f 756 761 757
f 757 761 762
f 757 762 758
f 758 762 763
f 758 763 759
f 759 763 764
f 759 764 594
f 594 764 592
f 760 765 761
f 761 765 766
f 761 766 762
f 762 766 767
f 762 767 763
f 763 767 768
f 763 768 764
f 764 768 769
f 764 769 592
f 592 769 590
f 765 770 766
f 766 770 771
f 766 771 767
f 767 771 772
f 767 772 768
f 768 772 773
f 768 773 769
f 769 773 721
f 769 721 590
f 770 774 771
f 771 774 775
f 771 775 772
f 772 775 776
f 772 776 773
f 773 776 719
f 773 719 721
f 774 777 775
f 775 777 778
f 775 778 776
f 776 778 717
f 776 717 719
f 777 779 778
f 778 779 715
f 778 715 717
f 779 713 715
f 550 780 552
f 552 780 781
f 552 781 554
f 554 781 782
f 554 782 556
f 556 782 783
f 556 783 558
f 558 783 784
f 558 784 560
f 560 784 785
f 560 785 562
f 562 785 786
f 562 786 564
f 564 786 787
f 564 787 566
f 566 787 734
f 566 734 568
f 780 788 781
f 781 788 789
f 781 789 782
f 782 789 790
f 782 790 783
f 783 790 791
f 783 791 784
f 784 791 792
f 784 792 785
f 785 792 793
f 785 793 786
f 786 793 794
f 786 794 787
f 787 794 732
f 787 732 734
f 780 550 795
f 795 550 582
f 795 582 796
f 796 582 584
f 796 584 797
f 797 584 586
f 797 586 720
f 720 586 588
f 788 798 789
f 789 798 799
f 789 799 790
f 790 799 800
f 790 800 791
f 791 800 801
f 791 801 792
f 792 801 802
f 792 802 793
f 793 802 803
f 793 803 794
f 794 803 730
f 794 730 732
f 788 780 804
f 804 780 795
f 804 795 805
f 805 795 796
f 805 796 806
f 806 796 797
f 806 797 718
f 718 797 720
f 798 706 799
f 799 706 704
f 799 704 800
f 800 704 722
f 800 722 801
f 801 722 724
f 801 724 802
f 802 724 726
f 802 726 803
f 803 726 728
f 803 728 730
f 798 788 807
f 807 788 804
f 807 804 808
f 808 804 805
f 808 805 809
f 809 805 806
f 809 806 716
f 716 806 718
f 706 798 708
f 708 798 807
f 708 807 710
f 710 807 808
f 710 808 712
f 712 808 809
f 712 809 714
f 714 809 716
f 634 636 810
f 810 636 699
f 810 699 811
f 811 699 701
f 811 701 573
f 573 701 571
f 632 634 812
f 812 634 810
f 812 810 813
f 813 810 811
f 813 811 575
f 575 811 573
f 748 628 630
f 630 632 814
f 814 632 812
f 814 812 815
f 815 812 813
f 815 813 577
f 577 813 575
f 746 748 814
f 814 748 630
f 746 814 815
f 579 746 815
f 579 815 577
f 816 817 551
f 551 817 818
f 551 818 549
f 549 818 819
f 549 819 583
f 583 819 820
f 583 820 585
f 585 820 821
f 585 821 587
f 587 821 822
f 587 822 589
f 589 822 823
f 589 823 591
f 591 823 824
f 591 824 593
f 593 824 825
f 593 825 826
f 593 826 595
f 595 826 827
f 595 827 597
f 597 827 828
f 597 828 639
f 639 828 829
f 639 829 644
f 644 829 830
f 644 830 649
f 649 830 831
f 649 831 654
f 654 831 832
f 654 832 659
f 659 832 833
f 659 833 664
f 664 833 834
f 664 834 835
f 664 835 669
f 669 835 836
f 669 836 674
f 674 836 837
f 674 837 679
f 679 837 838
f 679 838 684
f 684 838 839
f 684 839 689
f 689 839 840
f 689 840 693
f 693 840 841
f 693 841 696
f 696 841 842
f 696 842 843
f 696 843 698
f 698 843 844
f 698 844 637
f 637 844 845
f 637 845 638
f 638 845 846
f 638 846 700
f 700 846 847
f 700 847 702
f 702 847 848
f 702 848 569
f 569 848 849
f 569 849 567
f 567 849 850
f 567 850 565
f 565 850 851
f 565 851 852
f 565 852 563
f 563 852 853
f 563 853 561
f 561 853 854
f 561 854 559
f 559 854 855
f 559 855 557
f 557 855 856
f 557 856 555
f 555 856 857
f 555 857 553
f 553 857 816
f 553 816 551
f 858 859 860
f 860 859 861
f 860 861 862
f 862 861 863
f 862 863 864
f 864 863 865
f 864 865 866
f 866 865 867
f 866 867 868
f 868 867 869
f 868 869 870
f 870 869 871
f 870 871 872
f 872 871 873
f 872 873 874
f 874 873 875
f 874 875 876
f 876 875 877
f 876 877 878
f 878 877 879
f 878 879 880
f 880 879 881
f 880 881 882
f 882 881 883
f 882 883 884
f 884 883 885
f 884 885 886
f 886 885 887
f 886 887 888
f 888 887 889
f 888 889 890
f 890 889 891
f 890 891 892
f 892 891 893
f 892 893 894
f 894 893 895
f 894 895 896
f 896 895 897
f 896 897 898
f 898 897 899
f 898 899 900
f 900 899 901
f 900 901 902
f 902 901 903
f 902 903 904
f 904 903 905
f 904 905 906
f 906 905 907
f 906 907 908
f 908 907 909
f 908 909 910
f 910 909 911
f 910 911 912
f 912 911 913
f 912 913 914
f 914 913 915
f 914 915 916
f 916 915 917
f 916 917 918
f 918 917 919
f 918 919 920
f 920 919 921
f 920 921 922
f 922 921 923
f 922 923 924
f 924 923 925
f 924 925 926
f 926 925 927
f 926 927 858
f 858 927 859
f 707 861 705
f 705 861 859
f 705 859 703
f 703 859 927
f 703 927 723
f 723 927 925
f 723 925 725
f 725 925 923
f 725 923 727
f 727 923 921
f 727 921 736
f 736 921 919
f 736 919 740
f 740 919 917
f 740 917 743
f 743 917 915
f 743 915 745
f 745 915 913
f 745 913 580
f 580 913 911
f 580 911 581
f 581 911 909
f 581 909 747
f 747 909 907
f 747 907 749
f 749 907 905
f 749 905 626
f 626 905 903
f 626 903 624
f 624 903 901
f 624 901 622
f 622 901 899
f 622 899 620
f 620 899 897
f 620 897 618
f 618 897 895
f 618 895 616
f 616 895 893
f 616 893 614
f 614 893 891
f 614 891 612
f 612 891 889
f 612 889 610
f 610 889 887
f 610 887 608
f 608 887 885
f 608 885 750
f 750 885 883
f 750 883 755
f 755 883 881
f 755 881 760
f 760 881 879
f 760 879 765
f 765 879 877
f 765 877 770
f 770 877 875
f 770 875 774
f 774 875 873
f 774 873 777
f 777 873 871
f 777 871 779
f 779 871 869
f 779 869 713
f 713 869 867
f 713 867 711
f 711 867 865
f 711 865 709
f 709 865 863
f 709 863 707
f 707 863 861
f 928 929 930
f 930 929 931
f 930 931 932
f 932 931 933
f 932 933 934
f 934 933 935
f 934 935 936
f 936 935 937
f 936 937 938
f 938 937 939
f 938 939 940
f 940 939 941
f 940 941 942
f 942 941 943
f 942 943 944
f 944 943 945
f 944 945 946
f 946 945 947
f 946 947 948
f 948 947 949
f 948 949 950
f 950 949 951
f 950 951 952
f 952 951 953
f 952 953 954
f 954 953 955
f 954 955 956
f 956 955 957
f 956 957 958
f 958 957 959
f 958 959 960
f 960 959 961
f 960 961 962
f 962 961 963
f 962 963 964
f 964 963 965
f 964 965 966
f 966 965 967
f 966 967 968
f 968 967 969
f 968 969 970
f 970 969 971
f 970 971 972
f 972 971 973
f 972 973 974
f 974 973 975
f 974 975 976
f 976 975 977
f 976 977 978
f 978 977 979
f 978 979 980
f 980 979 981
f 980 981 982
f 982 981 983
f 982 983 984
f 984 983 985
f 984 985 986
f 986 985 987
f 986 987 988
f 988 987 989
f 988 989 990
f 990 989 991
f 990 991 992
f 992 991 993
f 992 993 994
f 994 993 995
f 994 995 996
f 996 995 997
f 996 997 998
f 998 997 999
f 998 999 1000
f 1000 999 1001
f 1000 1001 1002
f 1002 1001 1003
f 1002 1003 1004
f 1004 1003 1005
f 1004 1005 1006
f 1006 1005 1007
f 1006 1007 1008
f 1008 1007 1009
f 1008 1009 1010
f 1010 1009 1011
f 1010 1011 1012
f 1012 1011 1013
f 1012 1013 928
f 928 1013 929
f 816 1014 817
f 817 1014 1015
f 817 1015 818
f 818 1015 1016
f 818 1016 819
f 819 1016 1017
f 819 1017 820
f 820 1017 1018
f 820 1018 821
f 821 1018 1019
f 821 1019 822
f 822 1019 1020
f 822 1020 823
f 823 1020 1021
f 823 1021 824
f 824 1021 1022
f 824 1022 825
f 825 1022 1023
f 825 1023 826
f 826 1023 1024
f 826 1024 827
f 827 1024 1025
f 827 1025 828
f 828 1025 1026
f 828 1026 829
f 829 1026 1027
f 829 1027 830
f 830 1027 1028
f 830 1028 831
f 831 1028 1029
f 831 1029 832
f 832 1029 1030
f 832 1030 833
f 833 1030 1031
f 833 1031 834
f 834 1031 1032
f 834 1032 835
f 835 1032 1033
f 835 1033 836
f 836 1033 1034
f 836 1034 837
f 837 1034 1035
f 837 1035 838
f 838 1035 1036
f 838 1036 1037
f 1037 1036 1038
f 1037 1038 1039
f 1039 1038 1040
f 1039 1040 1041
f 1041 1040 1042
f 1041 1042 1043
f 1043 1042 973
f 1043 973 971
f 1014 816 1044
f 1044 816 857
f 1044 857 1045
f 1045 857 856
f 1045 856 1046
f 1046 856 855
f 1046 855 1047
f 1047 855 854
f 1047 854 1048
f 1048 854 853
f 1048 853 1049
f 1049 853 852
f 1049 852 1050
f 1050 852 851
f 1050 851 1051
f 1051 851 850
f 1051 850 1052
f 1052 850 849
f 1052 849 1053
f 1053 849 848
f 1053 848 1054
f 1054 848 847
f 1054 847 1055
f 1055 847 846
f 1055 846 1056
f 1056 846 845
f 1056 845 1057
f 1057 845 844
f 1057 844 1058
f 1058 844 843
f 1058 843 1059
f 1059 843 842
f 1059 842 1060
f 1060 842 841
f 1060 841 1061
f 1061 841 840
f 1061 840 1062
f 1062 840 839
f 1062 839 1037
f 1037 839 838
f 973 1042 975
f 975 1042 1063
f 975 1063 977
f 977 1063 1064
f 977 1064 979
f 979 1064 1065
f 979 1065 981
f 981 1065 1066
f 981 1066 983
f 983 1066 1067
f 983 1067 985
f 985 1067 1068
f 985 1068 987
f 987 1068 1069
f 987 1069 989
f 989 1069 1070
f 989 1070 991
f 991 1070 1071
f 991 1071 993
f 993 1071 1072
f 993 1072 995
f 995 1072 1073
f 995 1073 997
f 997 1073 1074
f 997 1074 999
f 999 1074 1075
f 999 1075 1001
f 1001 1075 1076
f 1001 1076 1003
f 1003 1076 1077
f 1003 1077 1005
f 1005 1077 1078
f 1005 1078 1007
f 1007 1078 1079
f 1007 1079 1009
f 1009 1079 1080
f 1009 1080 1011
f 1011 1080 1081
f 1011 1081 1013
f 1013 1081 1082
f 1013 1082 929
f 929 1082 1083
f 929 1083 931
f 931 1083 1084
f 931 1084 933
f 933 1084 1085
f 933 1085 935
f 935 1085 1086
f 935 1086 937
f 937 1086 1087
f 937 1087 939
f 939 1087 1088
f 939 1088 941
f 941 1088 1089
f 941 1089 943
f 943 1089 1090
f 943 1090 945
f 945 1090 1091
f 945 1091 947
f 947 1091 1092
f 947 1092 949
f 949 1092 1093
f 949 1093 951
f 951 1093 1094
f 951 1094 953
f 953 1094 1095
f 953 1095 955
f 955 1095 1096
f 955 1096 957
f 957 1096 1097
f 957 1097 959
f 959 1097 1098
f 959 1098 961
f 961 1098 1099
f 961 1099 963
f 963 1099 1100
f 963 1100 965
f 965 1100 1101
f 965 1101 967
f 967 1101 1102
f 967 1102 969
f 969 1102 1103
f 969 1103 971
f 971 1103 1043
f 1042 1040 1063
f 1063 1040 1104
f 1063 1104 1064
f 1064 1104 1105
f 1064 1105 1065
f 1065 1105 1106
f 1065 1106 1066
f 1066 1106 1107
f 1066 1107 1067
f 1067 1107 1108
f 1067 1108 1068
f 1068 1108 1109
f 1068 1109 1069
f 1069 1109 1110
f 1069 1110 1070
f 1070 1110 1111
f 1070 1111 1071
f 1071 1111 1112
f 1071 1112 1072
f 1072 1112 1113
f 1072 1113 1073
f 1073 1113 1114
f 1073 1114 1074
f 1074 1114 1115
f 1074 1115 1075
f 1075 1115 1116
f 1075 1116 1076
f 1076 1116 1117
f 1076 1117 1077
f 1077 1117 1118
f 1077 1118 1078
f 1078 1118 1119
f 1078 1119 1079
f 1079 1119 1120
f 1079 1120 1080
f 1080 1120 1121
f 1080 1121 1081
f 1081 1121 1122
f 1081 1122 1082
f 1082 1122 1123
f 1082 1123 1083
f 1083 1123 1124
f 1083 1124 1084
f 1084 1124 1125
f 1084 1125 1085
f 1085 1125 1126
f 1085 1126 1086
f 1086 1126 1127
f 1086 1127 1087
f 1087 1127 1128
f 1087 1128 1088
f 1088 1128 1129
f 1088 1129 1089
f 1089 1129 1130
f 1089 1130 1090
f 1090 1130 1131
f 1090 1131 1091
f 1091 1131 1132
f 1091 1132 1092
f 1092 1132 1133
f 1092 1133 1093
f 1093 1133 1134
f 1093 1134 1094
f 1094 1134 1135
f 1094 1135 1095
f 1095 1135 1136
f 1095 1136 1096
f 1096 1136 1137
f 1096 1137 1097
f 1097 1137 1138
f 1097 1138 1098
f 1098 1138 1139
f 1098 1139 1099
f 1099 1139 1140
f 1099 1140 1100
f 1100 1140 1141
f 1100 1141 1101
f 1101 1141 1142
f 1101 1142 1102
f 1102 1142 1143
f 1102 1143 1103
f 1103 1143 1144
f 1103 1144 1043
f 1043 1144 1041
f 1040 1038 1104
f 1104 1038 1145
f 1104 1145 1105
f 1105 1145 1146
f 1105 1146 1106
f 1106 1146 1147
f 1106 1147 1107
f 1107 1147 1148
f 1107 1148 1108
f 1108 1148 1149
f 1108 1149 1109
f 1109 1149 1150
f 1109 1150 1110
f 1110 1150 1151
f 1110 1151 1111
f 1111 1151 1152
f 1111 1152 1112
f 1112 1152 1153
f 1112 1153 1113
f 1113 1153 1154
f 1113 1154 1114
f 1114 1154 1155
f 1114 1155 1115
f 1115 1155 1156
f 1115 1156 1116
f 1116 1156 1157
f 1116 1157 1117
f 1117 1157 1158
f 1117 1158 1118
f 1118 1158 1159
f 1118 1159 1119
f 1119 1159 1160
f 1119 1160 1120
f 1120 1160 1161
f 1120 1161 1121
f 1121 1161 1162
f 1121 1162 1122
f 1122 1162 1163
f 1122 1163 1123
f 1123 1163 1164
f 1123 1164 1124
f 1124 1164 1165
f 1124 1165 1125
f 1125 1165 1166
f 1125 1166 1126
f 1126 1166 1167
f 1126 1167 1127
f 1127 1167 1168
f 1127 1168 1128
f 1128 1168 1169
f 1128 1169 1129
f 1129 1169 1170
f 1129 1170 1130
f 1130 1170 1171
f 1130 1171 1131
f 1131 1171 1172
f 1131 1172 1132
f 1132 1172 1173
f 1132 1173 1133
f 1133 1173 1174
f 1133 1174 1134
f 1134 1174 1175
f 1134 1175 1135
f 1135 1175 1176
f 1135 1176 1136
f 1136 1176 1177
f 1136 1177 1137
f 1137 1177 1178
f 1137 1178 1138
f 1138 1178 1179
f 1138 1179 1139
f 1139 1179 1180
f 1139 1180 1140
f 1140 1180 1181
f 1140 1181 1141
f 1141 1181 1182
f 1141 1182 1142
f 1142 1182 1183
f 1142 1183 1143
f 1143 1183 1184
f 1143 1184 1144
f 1144 1184 1185
f 1144 1185 1041
f 1041 1185 1039
f 1038 1036 1145
f 1145 1036 1035
f 1145 1035 1146
f 1146 1035 1034
f 1146 1034 1147
f 1147 1034 1033
f 1147 1033 1148
f 1148 1033 1032
f 1148 1032 1149
f 1149 1032 1031
f 1149 1031 1150
f 1150 1031 1030
f 1150 1030 1151
f 1151 1030 1029
f 1151 1029 1152
f 1152 1029 1028
f 1152 1028 1153
f 1153 1028 1027
f 1153 1027 1154
f 1154 1027 1026
f 1154 1026 1155
f 1155 1026 1025
f 1155 1025 1156
f 1156 1025 1024
f 1156 1024 1157
f 1157 1024 1023
f 1157 1023 1158
f 1158 1023 1022
f 1158 1022 1159
f 1159 1022 1021
f 1159 1021 1160
f 1160 1021 1020
f 1160 1020 1161
f 1161 1020 1019
f 1161 1019 1162
f 1162 1019 1018
f 1162 1018 1163
f 1163 1018 1017
f 1163 1017 1164
f 1164 1017 1016
f 1164 1016 1165
f 1165 1016 1015
f 1165 1015 1166
f 1166 1015 1014
f 1166 1014 1167
f 1167 1014 1044
f 1167 1044 1168
f 1168 1044 1045
f 1168 1045 1169
f 1169 1045 1046
f 1169 1046 1170
f 1170 1046 1047
f 1170 1047 1171
f 1171 1047 1048
f 1171 1048 1172
f 1172 1048 1049
f 1172 1049 1173
f 1173 1049 1050
f 1173 1050 1174
f 1174 1050 1051
f 1174 1051 1175
f 1175 1051 1052
f 1175 1052 1176
f 1176 1052 1053
f 1176 1053 1177
f 1177 1053 1054
f 1177 1054 1178
f 1178 1054 1055
f 1178 1055 1179
f 1179 1055 1056
f 1179 1056 1180
f 1180 1056 1057
f 1180 1057 1181
f 1181 1057 1058
f 1181 1058 1182
f 1182 1058 1059
f 1182 1059 1183
f 1183 1059 1060
f 1183 1060 1184
f 1184 1060 1061
f 1184 1061 1185
f 1185 1061 1062
f 1185 1062 1039
f 1039 1062 1037
f 1186 930 1187
f 1187 930 932
f 1187 932 1188
f 1188 932 934
f 1188 934 1189
f 1189 934 936
f 1189 936 1190
f 1190 936 938
f 1190 938 1191
f 1191 938 940
f 1191 940 1192
f 1192 940 942
f 1192 942 1193
f 1193 942 944
f 1193 944 1194
f 1194 944 946
f 1194 946 1195
f 1195 946 948
f 1195 948 1196
f 1196 948 950
f 1196 950 1197
f 1197 950 952
f 1197 952 1198
f 1198 952 954
f 1198 954 1199
f 1199 954 956
f 1199 956 1200
f 1200 956 958
f 1200 958 1201
f 1201 958 960
f 1201 960 1202
f 1202 960 962
f 1202 962 1203
f 1203 962 964
f 1203 964 1204
f 1204 964 966
f 1204 966 1205
f 1205 966 968
f 1205 968 1206
f 1206 968 970
f 1206 970 1207
f 1207 970 972
f 1207 972 1208
f 1208 972 974
f 1208 974 1209
f 1209 974 976
f 1209 976 1210
f 1210 976 978
f 1210 978 1211
f 1211 978 980
f 1211 980 1212
f 1212 980 982
f 1212 982 1213
f 1213 982 984
f 1213 984 1214
f 1214 984 986
f 1214 986 1215
f 1215 986 988
f 1215 988 1216
f 1216 988 990
f 1216 990 1217
f 1217 990 992
f 1217 992 1218
f 1218 992 994
f 1218 994 1219
f 1219 994 996
f 1219 996 1220
f 1220 996 998
f 1220 998 1221
f 1221 998 1000
f 1221 1000 1222
f 1222 1000 1002
f 1222 1002 1223
f 1223 1002 1004
f 1223 1004 1224
f 1224 1004 1006
f 1224 1006 1225
f 1225 1006 1008
f 1225 1008 1226
f 1226 1008 1010
f 1226 1010 1227
f 1227 1010 1012
f 1227 1012 1228
f 1228 1012 928
f 1228 928 1186
f 1186 928 930
f 431 1229 429
f 429 1229 1230
f 429 1230 427
f 427 1230 1231
f 427 1231 547
f 547 1231 1232
f 547 1232 545
f 545 1232 1233
f 545 1233 543
f 543 1233 1234
f 543 1234 541
f 541 1234 1235
f 541 1235 539
f 539 1235 1236
f 539 1236 537
f 537 1236 1237
f 537 1237 535
f 535 1237 1238
f 535 1238 533
f 533 1238 1239
f 533 1239 531
f 531 1239 1240
f 531 1240 529
f 529 1240 1241
f 529 1241 527
f 527 1241 1242
f 527 1242 525
f 525 1242 1243
f 525 1243 523
f 523 1243 1244
f 523 1244 521
f 521 1244 1245
f 521 1245 519
f 519 1245 1246
f 519 1246 517
f 517 1246 1247
f 517 1247 515
f 515 1247 1248
f 515 1248 513
f 513 1248 1249
f 513 1249 511
f 511 1249 1250
f 511 1250 509
f 509 1250 1251
f 509 1251 507
f 507 1251 1252
f 507 1252 505
f 505 1252 1253
f 505 1253 503
f 503 1253 1254
f 503 1254 501
f 501 1254 1255
f 501 1255 499
f 499 1255 1256
f 499 1256 497
f 497 1256 1257
f 497 1257 495
f 495 1257 1258
f 495 1258 493
f 493 1258 1259
f 493 1259 491
f 491 1259 1260
f 491 1260 489
f 489 1260 1261
f 489 1261 487
f 487 1261 1262
f 487 1262 485
f 485 1262 1263
f 485 1263 483
f 483 1263 1264
f 483 1264 481
f 481 1264 1265
f 481 1265 479
f 479 1265 1266
f 479 1266 477
f 477 1266 1267
f 477 1267 475
f 475 1267 1268
f 475 1268 473
f 473 1268 1269
f 473 1269 471
f 471 1269 1270
f 471 1270 469
f 469 1270 1271
f 469 1271 467
f 467 1271 1272
f 467 1272 465
f 465 1272 1273
f 465 1273 463
f 463 1273 1274
f 463 1274 461
f 461 1274 1275
f 461 1275 459
f 459 1275 1276
f 459 1276 457
f 457 1276 1277
f 457 1277 455
f 455 1277 1278
f 455 1278 453
f 453 1278 1279
f 453 1279 451
f 451 1279 1280
f 451 1280 449
f 449 1280 1281
f 449 1281 447
f 447 1281 1282
f 447 1282 445
f 445 1282 1283
f 445 1283 443
f 443 1283 1284
f 443 1284 441
f 441 1284 1285
f 441 1285 439
f 439 1285 1286
f 439 1286 437
f 437 1286 1287
f 437 1287 435
f 435 1287 1288
f 435 1288 433
f 433 1288 1289
f 433 1289 431
f 431 1289 1229
f 1290 1291 1292
f 1292 1291 1293
f 1292 1293 1294
f 1294 1293 1295
f 1294 1295 1296
f 1296 1295 1297
f 1296 1297 1298
f 1298 1297 1230
f 1298 1230 1229
f 1291 1290 1299
f 1299 1290 1300
f 1299 1300 1301
f 1301 1300 1302
f 1301 1302 1303
f 1303 1302 1304
f 1303 1304 1305
f 1305 1304 1306
f 1305 1306 1307
f 1307 1306 1308
f 1307 1308 1309
f 1309 1308 1310
f 1309 1310 1311
f 1311 1310 1312
f 1311 1312 1313
f 1313 1312 1314
f 1313 1314 1315
f 1315 1314 1316
f 1315 1316 1317
f 1317 1316 1318
f 1317 1318 1319
f 1319 1318 1320
f 1319 1320 1321
f 1321 1320 1322
f 1321 1322 1323
f 1323 1322 1324
f 1323 1324 1325
f 1325 1324 1326
f 1325 1326 1327
f 1327 1326 1328
f 1327 1328 1329
f 1329 1328 1330
f 1329 1330 1248
f 1248 1330 1249
f 1324 1331 1326
f 1326 1331 1332
f 1326 1332 1328
f 1328 1332 1333
f 1328 1333 1330
f 1330 1333 1334
f 1330 1334 1249
f 1249 1334 1250
f 1331 1335 1332
f 1332 1335 1336
f 1332 1336 1333
f 1333 1336 1337
f 1333 1337 1334
f 1334 1337 1338
f 1334 1338 1250
f 1250 1338 1251
f 1335 1339 1336
f 1336 1339 1340
f 1336 1340 1337
f 1337 1340 1341
f 1337 1341 1338
f 1338 1341 1342
f 1338 1342 1251
f 1251 1342 1252
f 1339 1343 1340
f 1340 1343 1344
f 1340 1344 1341
f 1341 1344 1345
f 1341 1345 1342
f 1342 1345 1346
f 1342 1346 1252
f 1252 1346 1253
f 1343 1347 1344
f 1344 1347 1348
f 1344 1348 1345
f 1345 1348 1349
f 1345 1349 1346
f 1346 1349 1350
f 1346 1350 1253
f 1253 1350 1254
f 1347 1351 1348
f 1348 1351 1352
f 1348 1352 1349
f 1349 1352 1353
f 1349 1353 1350
f 1350 1353 1354
f 1350 1354 1254
f 1254 1354 1255
f 1351 1355 1352
f 1352 1355 1356
f 1352 1356 1353
f 1353 1356 1357
f 1353 1357 1354
f 1354 1357 1358
f 1354 1358 1255
f 1255 1358 1256
f 1355 1359 1356
f 1356 1359 1360
f 1356 1360 1357
f 1357 1360 1361
f 1357 1361 1358
f 1358 1361 1362
f 1358 1362 1256
f 1256 1362 1257
f 1359 1363 1360
f 1360 1363 1364
f 1360 1364 1361
f 1361 1364 1365
f 1361 1365 1362
f 1362 1365 1366
f 1362 1366 1257
f 1257 1366 1258
f 1363 1367 1364
f 1364 1367 1368
f 1364 1368 1365
f 1365 1368 1369
f 1365 1369 1366
f 1366 1369 1370
f 1366 1370 1258
f 1258 1370 1259
f 1367 1371 1368
f 1368 1371 1372
f 1368 1372 1369
f 1369 1372 1373
f 1369 1373 1370
f 1370 1373 1374
f 1370 1374 1259
f 1259 1374 1260
f 1371 1375 1372
f 1372 1375 1376
f 1372 1376 1373
f 1373 1376 1377
f 1373 1377 1374
f 1374 1377 1378
f 1374 1378 1260
f 1260 1378 1261
f 1375 1379 1376
f 1376 1379 1380
f 1376 1380 1377
f 1377 1380 1381
f 1377 1381 1378
f 1378 1381 1382
f 1378 1382 1261
f 1261 1382 1262
f 1379 1383 1380
f 1380 1383 1384
f 1380 1384 1381
f 1381 1384 1385
f 1381 1385 1382
f 1382 1385 1386
f 1382 1386 1262
f 1262 1386 1263
f 1383 1387 1384
f 1384 1387 1388
f 1384 1388 1385
f 1385 1388 1389
f 1385 1389 1386
f 1386 1389 1390
f 1386 1390 1263
f 1263 1390 1264
f 1388 1387 1391
f 1391 1387 1392
f 1391 1392 1393
f 1393 1392 1394
f 1393 1394 1395
f 1395 1394 1396
f 1395 1396 1397
f 1397 1396 1398
f 1397 1398 1399
f 1399 1398 1400
f 1399 1400 1401
f 1401 1400 1402
f 1401 1402 1403
f 1403 1402 1404
f 1403 1404 1405
f 1405 1404 1406
f 1405 1406 1407
f 1407 1406 1408
f 1407 1408 1409
f 1409 1408 1410
f 1409 1410 1411
f 1411 1410 1412
f 1411 1412 1413
f 1413 1412 1414
f 1413 1414 1415
f 1415 1414 1416
f 1415 1416 1417
f 1417 1416 1418
f 1417 1418 1419
f 1419 1418 1420
f 1419 1420 1421
f 1421 1420 1422
f 1421 1422 1423
f 1423 1422 1424
f 1423 1424 1279
f 1279 1424 1280
f 1418 1425 1420
f 1420 1425 1426
f 1420 1426 1422
f 1422 1426 1427
f 1422 1427 1424
f 1424 1427 1428
f 1424 1428 1280
f 1280 1428 1281
f 1425 1429 1426
f 1426 1429 1430
f 1426 1430 1427
f 1427 1430 1431
f 1427 1431 1428
f 1428 1431 1432
f 1428 1432 1281
f 1281 1432 1282
f 1429 1433 1430
f 1430 1433 1434
f 1430 1434 1431
f 1431 1434 1435
f 1431 1435 1432
f 1432 1435 1436
f 1432 1436 1282
f 1282 1436 1283
f 1433 1437 1434
f 1434 1437 1438
f 1434 1438 1435
f 1435 1438 1439
f 1435 1439 1436
f 1436 1439 1440
f 1436 1440 1283
f 1283 1440 1284
f 1437 1441 1438
f 1438 1441 1442
f 1438 1442 1439
f 1439 1442 1443
f 1439 1443 1440
f 1440 1443 1444
f 1440 1444 1284
f 1284 1444 1285
f 1441 1445 1442
f 1442 1445 1446
f 1442 1446 1443
f 1443 1446 1447
f 1443 1447 1444
f 1444 1447 1448
f 1444 1448 1285
f 1285 1448 1286
f 1445 1449 1446
f 1446 1449 1450
f 1446 1450 1447
f 1447 1450 1451
f 1447 1451 1448
f 1448 1451 1452
f 1448 1452 1286
f 1286 1452 1287
f 1449 1453 1450
f 1450 1453 1454
f 1450 1454 1451
f 1451 1454 1455
f 1451 1455 1452
f 1452 1455 1456
f 1452 1456 1287
f 1287 1456 1288
f 1453 1457 1454
f 1454 1457 1458
f 1454 1458 1455
f 1455 1458 1459
f 1455 1459 1456
f 1456 1459 1460
f 1456 1460 1288
f 1288 1460 1289
f 1457 1461 1458
f 1458 1461 1462
f 1458 1462 1459
f 1459 1462 1463
f 1459 1463 1460
f 1460 1463 1464
f 1460 1464 1289
f 1289 1464 1229
f 1461 1465 1462
f 1462 1465 1466
f 1462 1466 1463
f 1463 1466 1467
f 1463 1467 1464
f 1464 1467 1298
f 1464 1298 1229
f 1465 1468 1466
f 1466 1468 1469
f 1466 1469 1467
f 1467 1469 1296
f 1467 1296 1298
f 1468 1470 1469
f 1469 1470 1294
f 1469 1294 1296
f 1470 1292 1294
f 1230 1297 1231
f 1231 1297 1471
f 1231 1471 1232
f 1232 1471 1472
f 1232 1472 1233
f 1233 1472 1473
f 1233 1473 1234
f 1234 1473 1474
f 1234 1474 1235
f 1235 1474 1475
f 1235 1475 1236
f 1236 1475 1476
f 1236 1476 1237
f 1237 1476 1477
f 1237 1477 1238
f 1238 1477 1478
f 1238 1478 1239
f 1239 1478 1479
f 1239 1479 1240
f 1240 1479 1480
f 1240 1480 1241
f 1241 1480 1481
f 1241 1481 1242
f 1242 1481 1482
f 1242 1482 1243
f 1243 1482 1483
f 1243 1483 1244
f 1244 1483 1484
f 1244 1484 1245
f 1245 1484 1485
f 1245 1485 1246
f 1246 1485 1486
f 1246 1486 1247
f 1247 1486 1329
f 1247 1329 1248
f 1297 1295 1471
f 1471 1295 1487
f 1471 1487 1472
f 1472 1487 1488
f 1472 1488 1473
f 1473 1488 1489
f 1473 1489 1474
f 1474 1489 1490
f 1474 1490 1475
f 1475 1490 1491
f 1475 1491 1476
f 1476 1491 1492
f 1476 1492 1477
f 1477 1492 1493
f 1477 1493 1478
f 1478 1493 1494
f 1478 1494 1479
f 1479 1494 1495
f 1479 1495 1480
f 1480 1495 1496
f 1480 1496 1481
f 1481 1496 1497
f 1481 1497 1482
f 1482 1497 1498
f 1482 1498 1483
f 1483 1498 1499
f 1483 1499 1484
f 1484 1499 1500
f 1484 1500 1485
f 1485 1500 1501
f 1485 1501 1486
f 1486 1501 1327
f 1486 1327 1329
f 1295 1293 1487
f 1487 1293 1291
f 1487 1291 1488
f 1488 1291 1299
f 1488 1299 1489
f 1489 1299 1301
f 1489 1301 1490
f 1490 1301 1303
f 1490 1303 1491
f 1491 1303 1305
f 1491 1305 1492
f 1492 1305 1307
f 1492 1307 1493
f 1493 1307 1309
f 1493 1309 1494
f 1494 1309 1311
f 1494 1311 1495
f 1495 1311 1313
f 1495 1313 1496
f 1496 1313 1315
f 1496 1315 1497
f 1497 1315 1317
f 1497 1317 1498
f 1498 1317 1319
f 1498 1319 1499
f 1499 1319 1321
f 1499 1321 1500
f 1500 1321 1323
f 1500 1323 1501
f 1501 1323 1325
f 1501 1325 1327
f 1423 1279 1278
f 1423 1278 1502
f 1502 1278 1277
f 1502 1277 1503
f 1503 1277 1276
f 1503 1276 1504
f 1504 1276 1275
f 1504 1275 1505
f 1505 1275 1274
f 1505 1274 1506
f 1506 1274 1273
f 1506 1273 1507
f 1507 1273 1272
f 1507 1272 1508
f 1508 1272 1271
f 1508 1271 1509
f 1509 1271 1270
f 1509 1270 1510
f 1510 1270 1269
f 1510 1269 1511
f 1511 1269 1268
f 1511 1268 1512
f 1512 1268 1267
f 1512 1267 1513
f 1513 1267 1266
f 1513 1266 1514
f 1514 1266 1265
f 1514 1265 1515
f 1515 1265 1264
f 1515 1264 1390
f 1423 1502 1421
f 1421 1502 1516
f 1421 1516 1419
f 1419 1516 1417
f 1516 1502 1503
f 1516 1503 1517
f 1517 1503 1504
f 1517 1504 1518
f 1518 1504 1505
f 1518 1505 1519
f 1519 1505 1506
f 1519 1506 1520
f 1520 1506 1507
f 1520 1507 1521
f 1521 1507 1508
f 1521 1508 1522
f 1522 1508 1509
f 1522 1509 1523
f 1523 1509 1510
f 1523 1510 1524
f 1524 1510 1511
f 1524 1511 1525
f 1525 1511 1512
f 1525 1512 1526
f 1526 1512 1513
f 1526 1513 1527
f 1527 1513 1514
f 1527 1514 1528
f 1528 1514 1515
f 1528 1515 1529
f 1529 1515 1390
f 1529 1390 1389
f 1415 1417 1517
f 1517 1417 1516
f 1415 1517 1518
f 1413 1415 1518
f 1413 1518 1519
f 1411 1413 1519
f 1411 1519 1520
f 1409 1411 1520
f 1409 1520 1521
f 1407 1409 1521
f 1407 1521 1522
f 1405 1407 1522
f 1405 1522 1523
f 1403 1405 1523
f 1403 1523 1524
f 1401 1403 1524
f 1401 1524 1525
f 1399 1401 1525
f 1399 1525 1526
f 1397 1399 1526
f 1397 1526 1527
f 1395 1397 1527
f 1395 1527 1528
f 1393 1395 1528
f 1393 1528 1529
f 1391 1393 1529
f 1391 1529 1389
f 1388 1391 1389
f 1530 1387 1531
f 1531 1387 1383
f 1531 1383 1532
f 1532 1383 1379
f 1532 1379 1533
f 1533 1379 1375
f 1533 1375 1534
f 1534 1375 1371
f 1534 1371 1367
f 1387 1530 1392
f 1392 1530 1535
f 1392 1535 1394
f 1394 1535 1536
f 1394 1536 1396
f 1396 1536 1398
f 1398 1536 1537
f 1398 1537 1400
f 1400 1537 1538
f 1400 1538 1402
f 1402 1538 1539
f 1402 1539 1404
f 1404 1539 1540
f 1404 1540 1406
f 1406 1540 1541
f 1406 1541 1408
f 1408 1541 1410
f 1410 1541 1542
f 1410 1542 1412
f 1412 1542 1543
f 1412 1543 1414
f 1414 1543 1544
f 1414 1544 1416
f 1416 1544 1545
f 1416 1545 1418
f 1418 1545 1546
f 1418 1546 1425
f 1425 1546 1429
f 1429 1546 1547
f 1429 1547 1433
f 1433 1547 1548
f 1433 1548 1437
f 1437 1548 1549
f 1437 1549 1441
f 1441 1549 1550
f 1441 1550 1445
f 1445 1550 1551
f 1445 1551 1449
f 1449 1551 1552
f 1449 1552 1453
f 1453 1552 1457
f 1457 1552 1553
f 1457 1553 1461
f 1461 1553 1554
f 1461 1554 1465
f 1465 1554 1555
f 1465 1555 1468
f 1468 1555 1556
f 1468 1556 1470
f 1470 1556 1557
f 1470 1557 1292
f 1292 1557 1290
f 1290 1557 1558
f 1290 1558 1300
f 1300 1558 1559
f 1300 1559 1302
f 1302 1559 1560
f 1302 1560 1304
f 1304 1560 1561
f 1304 1561 1306
f 1306 1561 1562
f 1306 1562 1308
f 1308 1562 1310
f 1310 1562 1563
f 1310 1563 1312
f 1312 1563 1564
f 1312 1564 1314
f 1314 1564 1565
f 1314 1565 1316
f 1316 1565 1566
f 1316 1566 1318
f 1318 1566 1567
f 1318 1567 1320
f 1320 1567 1568
f 1320 1568 1322
f 1322 1568 1324
f 1324 1568 1569
f 1324 1569 1331
f 1331 1569 1570
f 1331 1570 1335
f 1335 1570 1571
f 1335 1571 1339
f 1339 1571 1572
f 1339 1572 1343
f 1343 1572 1573
f 1343 1573 1347
f 1347 1573 1351
f 1351 1573 1574
f 1351 1574 1355
f 1355 1574 1575
f 1355 1575 1359
f 1359 1575 1576
f 1359 1576 1363
f 1363 1576 1577
f 1363 1577 1367
f 1367 1577 1534
f 1532 1578 1531
f 1531 1578 1579
f 1531 1579 1580
f 1580 1579 1581
f 1580 1581 1582
f 1582 1581 1583
f 1582 1583 1584
f 1584 1583 1585
f 1584 1585 1586
f 1586 1585 1587
f 1586 1587 1588
f 1533 1589 1532
f 1532 1589 1590
f 1532 1590 1578
f 1578 1590 1591
f 1578 1591 1592
f 1592 1591 1593
f 1592 1593 1594
f 1594 1593 1595
f 1594 1595 1596
f 1596 1595 1587
f 1596 1587 1585
f 1534 1597 1533
f 1533 1597 1598
f 1533 1598 1599
f 1599 1598 1600
f 1599 1600 1601
f 1601 1600 1602
f 1601 1602 1603
f 1603 1602 1604
f 1603 1604 1605
f 1605 1604 1606
f 1605 1606 1607
f 1607 1606 1587
f 1607 1587 1595
f 1577 1608 1534
f 1534 1608 1609
f 1534 1609 1610
f 1610 1609 1611
f 1610 1611 1612
f 1612 1611 1613
f 1612 1613 1614
f 1614 1613 1615
f 1614 1615 1616
f 1616 1615 1617
f 1616 1617 1618
f 1618 1617 1606
f 1618 1606 1604
f 1576 1619 1577
f 1577 1619 1620
f 1577 1620 1621
f 1621 1620 1622
f 1621 1622 1623
f 1623 1622 1624
f 1623 1624 1625
f 1625 1624 1626
f 1625 1626 1627
f 1627 1626 1628
f 1627 1628 1629
f 1629 1628 1617
f 1629 1617 1615
f 1575 1630 1576
f 1576 1630 1631
f 1576 1631 1619
f 1619 1631 1632
f 1619 1632 1633
f 1633 1632 1634
f 1633 1634 1635
f 1635 1634 1636
f 1635 1636 1637
f 1637 1636 1638
f 1637 1638 1628
f 1574 1639 1575
f 1575 1639 1640
f 1575 1640 1641
f 1641 1640 1642
f 1641 1642 1643
f 1643 1642 1644
f 1643 1644 1645
f 1645 1644 1646
f 1645 1646 1647
f 1647 1646 1648
f 1647 1648 1638
f 1573 1649 1574
f 1574 1649 1650
f 1574 1650 1651
f 1651 1650 1652
f 1651 1652 1653
f 1653 1652 1654
f 1653 1654 1655
f 1655 1654 1656
f 1655 1656 1657
f 1657 1656 1658
f 1657 1658 1648
f 1572 1659 1573
f 1573 1659 1660
f 1573 1660 1661
f 1661 1660 1662
f 1661 1662 1663
f 1663 1662 1664
f 1663 1664 1665
f 1665 1664 1666
f 1665 1666 1667
f 1667 1666 1668
f 1667 1668 1658
f 1571 1669 1572
f 1572 1669 1670
f 1572 1670 1671
f 1671 1670 1672
f 1671 1672 1673
f 1673 1672 1674
f 1673 1674 1675
f 1675 1674 1676
f 1675 1676 1677
f 1677 1676 1678
f 1677 1678 1668
f 1570 1679 1571
f 1571 1679 1680
f 1571 1680 1669
f 1669 1680 1681
f 1669 1681 1682
f 1682 1681 1683
f 1682 1683 1684
f 1684 1683 1685
f 1684 1685 1686
f 1686 1685 1678
f 1686 1678 1676
f 1569 1687 1570
f 1570 1687 1688
f 1570 1688 1689
f 1689 1688 1690
f 1689 1690 1691
f 1691 1690 1692
f 1691 1692 1693
f 1693 1692 1694
f 1693 1694 1695
f 1695 1694 1696
f 1695 1696 1697
f 1697 1696 1685
f 1697 1685 1683
f 1568 1698 1569
f 1569 1698 1699
f 1569 1699 1700
f 1700 1699 1701
f 1700 1701 1702
f 1702 1701 1703
f 1702 1703 1704
f 1704 1703 1705
f 1704 1705 1706
f 1706 1705 1707
f 1706 1707 1708
f 1708 1707 1694
f 1708 1694 1692
f 1567 1709 1568
f 1568 1709 1710
f 1568 1710 1711
f 1711 1710 1712
f 1711 1712 1713
f 1713 1712 1714
f 1713 1714 1715
f 1715 1714 1716
f 1715 1716 1717
f 1717 1716 1718
f 1717 1718 1719
f 1719 1718 1705
f 1719 1705 1703
f 1566 1720 1567
f 1567 1720 1721
f 1567 1721 1722
f 1722 1721 1723
f 1722 1723 1724
f 1724 1723 1725
f 1724 1725 1726
f 1726 1725 1727
f 1726 1727 1728
f 1728 1727 1729
f 1728 1729 1730
f 1730 1729 1716
f 1730 1716 1714
f 1565 1731 1566
f 1566 1731 1732
f 1566 1732 1720
f 1720 1732 1733
f 1720 1733 1734
f 1734 1733 1735
f 1734 1735 1736
f 1736 1735 1737
f 1736 1737 1738
f 1738 1737 1739
f 1738 1739 1727
f 1727 1739 1729
f 1564 1740 1565
f 1565 1740 1741
f 1565 1741 1742
f 1742 1741 1743
f 1742 1743 1744
f 1744 1743 1745
f 1744 1745 1746
f 1746 1745 1747
f 1746 1747 1748
f 1748 1747 1749
f 1748 1749 1750
f 1750 1749 1739
f 1750 1739 1737
f 1563 1751 1564
f 1564 1751 1752
f 1564 1752 1753
f 1753 1752 1754
f 1753 1754 1755
f 1755 1754 1756
f 1755 1756 1757
f 1757 1756 1758
f 1757 1758 1759
f 1759 1758 1760
f 1759 1760 1761
f 1761 1760 1749
f 1761 1749 1747
f 1562 1762 1563
f 1563 1762 1763
f 1563 1763 1764
f 1764 1763 1765
f 1764 1765 1766
f 1766 1765 1767
f 1766 1767 1768
f 1768 1767 1769
f 1768 1769 1770
f 1770 1769 1771
f 1770 1771 1772
f 1772 1771 1760
f 1772 1760 1758
f 1561 1773 1562
f 1562 1773 1774
f 1562 1774 1775
f 1775 1774 1776
f 1775 1776 1777
f 1777 1776 1778
f 1777 1778 1779
f 1779 1778 1780
f 1779 1780 1781
f 1781 1780 1782
f 1781 1782 1783
f 1783 1782 1771
f 1783 1771 1769
f 1560 1784 1561
f 1561 1784 1785
f 1561 1785 1773
f 1773 1785 1786
f 1773 1786 1787
f 1787 1786 1788
f 1787 1788 1789
f 1789 1788 1790
f 1789 1790 1791
f 1791 1790 1792
f 1791 1792 1782
f 1559 1793 1560
f 1560 1793 1794
f 1560 1794 1795
f 1795 1794 1796
f 1795 1796 1797
f 1797 1796 1798
f 1797 1798 1799
f 1799 1798 1800
f 1799 1800 1801
f 1801 1800 1802
f 1801 1802 1792
f 1558 1803 1559
f 1559 1803 1804
f 1559 1804 1805
f 1805 1804 1806
f 1805 1806 1807
f 1807 1806 1808
f 1807 1808 1809
f 1809 1808 1810
f 1809 1810 1811
f 1811 1810 1812
f 1811 1812 1802
f 1557 1813 1558
f 1558 1813 1814
f 1558 1814 1815
f 1815 1814 1816
f 1815 1816 1817
f 1817 1816 1818
f 1817 1818 1819
f 1819 1818 1820
f 1819 1820 1821
f 1821 1820 1822
f 1821 1822 1812
f 1556 1823 1557
f 1557 1823 1824
f 1557 1824 1825
f 1825 1824 1826
f 1825 1826 1827
f 1827 1826 1828
f 1827 1828 1829
f 1829 1828 1830
f 1829 1830 1831
f 1831 1830 1832
f 1831 1832 1822
f 1555 1833 1556
f 1556 1833 1834
f 1556 1834 1823
f 1823 1834 1835
f 1823 1835 1836
f 1836 1835 1837
f 1836 1837 1838
f 1838 1837 1839
f 1838 1839 1840
f 1840 1839 1832
f 1840 1832 1830
f 1554 1841 1555
f 1555 1841 1842
f 1555 1842 1843
f 1843 1842 1844
f 1843 1844 1845
f 1845 1844 1846
f 1845 1846 1847
f 1847 1846 1848
f 1847 1848 1849
f 1849 1848 1850
f 1849 1850 1851
f 1851 1850 1832
f 1851 1832 1839
f 1553 1852 1554
f 1554 1852 1853
f 1554 1853 1854
f 1854 1853 1855
f 1854 1855 1856
f 1856 1855 1857
f 1856 1857 1858
f 1858 1857 1859
f 1858 1859 1860
f 1860 1859 1861
f 1860 1861 1862
f 1862 1861 1850
f 1862 1850 1848
f 1552 1863 1553
f 1553 1863 1864
f 1553 1864 1865
f 1865 1864 1866
f 1865 1866 1867
f 1867 1866 1868
f 1867 1868 1869
f 1869 1868 1870
f 1869 1870 1871
f 1871 1870 1872
f 1871 1872 1873
f 1873 1872 1861
f 1873 1861 1859
f 1551 1874 1552
f 1552 1874 1875
f 1552 1875 1863
f 1863 1875 1876
f 1863 1876 1877
f 1877 1876 1878
f 1877 1878 1879
f 1879 1878 1880
f 1879 1880 1881
f 1881 1880 1882
f 1881 1882 1872
f 1550 1883 1551
f 1551 1883 1884
f 1551 1884 1885
f 1885 1884 1886
f 1885 1886 1887
f 1887 1886 1888
f 1887 1888 1889
f 1889 1888 1890
f 1889 1890 1891
f 1891 1890 1892
f 1891 1892 1882
f 1549 1893 1550
f 1550 1893 1894
f 1550 1894 1895
f 1895 1894 1896
f 1895 1896 1897
f 1897 1896 1898
f 1897 1898 1899
f 1899 1898 1900
f 1899 1900 1901
f 1901 1900 1902
f 1901 1902 1892
f 1548 1903 1549
f 1549 1903 1904
f 1549 1904 1905
f 1905 1904 1906
f 1905 1906 1907
f 1907 1906 1908
f 1907 1908 1909
f 1909 1908 1910
f 1909 1910 1911
f 1911 1910 1912
f 1911 1912 1902
f 1547 1913 1548
f 1548 1913 1914
f 1548 1914 1915
f 1915 1914 1916
f 1915 1916 1917
f 1917 1916 1918
f 1917 1918 1919
f 1919 1918 1920
f 1919 1920 1921
f 1921 1920 1922
f 1921 1922 1912
f 1546 1923 1547
f 1547 1923 1924
f 1547 1924 1913
f 1913 1924 1925
f 1913 1925 1926
f 1926 1925 1927
f 1926 1927 1928
f 1928 1927 1929
f 1928 1929 1930
f 1930 1929 1922
f 1930 1922 1920
f 1545 1931 1546
f 1546 1931 1932
f 1546 1932 1933
f 1933 1932 1934
f 1933 1934 1935
f 1935 1934 1936
f 1935 1936 1937
f 1937 1936 1938
f 1937 1938 1939
f 1939 1938 1940
f 1939 1940 1941
f 1941 1940 1929
f 1941 1929 1927
f 1544 1942 1545
f 1545 1942 1943
f 1545 1943 1944
f 1944 1943 1945
f 1944 1945 1946
f 1946 1945 1947
f 1946 1947 1948
f 1948 1947 1949
f 1948 1949 1950
f 1950 1949 1951
f 1950 1951 1952
f 1952 1951 1938
f 1952 1938 1936
f 1543 1953 1544
f 1544 1953 1954
f 1544 1954 1955
f 1955 1954 1956
f 1955 1956 1957
f 1957 1956 1958
f 1957 1958 1959
f 1959 1958 1960
f 1959 1960 1961
f 1961 1960 1962
f 1961 1962 1963
f 1963 1962 1949
f 1963 1949 1947
f 1542 1964 1543
f 1543 1964 1965
f 1543 1965 1966
f 1966 1965 1967
f 1966 1967 1968
f 1968 1967 1969
f 1968 1969 1970
f 1970 1969 1971
f 1970 1971 1972
f 1972 1971 1973
f 1972 1973 1974
f 1974 1973 1960
f 1974 1960 1958
f 1541 1975 1542
f 1542 1975 1976
f 1542 1976 1964
f 1964 1976 1977
f 1964 1977 1978
f 1978 1977 1979
f 1978 1979 1980
f 1980 1979 1981
f 1980 1981 1982
f 1982 1981 1983
f 1982 1983 1971
f 1971 1983 1973
f 1540 1984 1541
f 1541 1984 1985
f 1541 1985 1986
f 1986 1985 1987
f 1986 1987 1988
f 1988 1987 1989
f 1988 1989 1990
f 1990 1989 1991
f 1990 1991 1992
f 1992 1991 1993
f 1992 1993 1994
f 1994 1993 1983
f 1994 1983 1981
f 1539 1995 1540
f 1540 1995 1996
f 1540 1996 1997
f 1997 1996 1998
f 1997 1998 1999
f 1999 1998 2000
f 1999 2000 2001
f 2001 2000 2002
f 2001 2002 2003
f 2003 2002 2004
f 2003 2004 2005
f 2005 2004 1993
f 2005 1993 1991
f 1538 2006 1539
f 1539 2006 2007
f 1539 2007 2008
f 2008 2007 2009
f 2008 2009 2010
f 2010 2009 2011
f 2010 2011 2012
f 2012 2011 2013
f 2012 2013 2014
f 2014 2013 2015
f 2014 2015 2016
f 2016 2015 2004
f 2016 2004 2002
f 1537 2017 1538
f 1538 2017 2018
f 1538 2018 2019
f 2019 2018 2020
f 2019 2020 2021
f 2021 2020 2022
f 2021 2022 2023
f 2023 2022 2024
f 2023 2024 2025
f 2025 2024 2026
f 2025 2026 2027
f 2027 2026 2015
f 2027 2015 2013
f 1536 2028 1537
f 1537 2028 2029
f 1537 2029 2017
f 2017 2029 2030
f 2017 2030 2031
f 2031 2030 2032
f 2031 2032 2033
f 2033 2032 2034
f 2033 2034 2035
f 2035 2034 2036
f 2035 2036 2026
f 1535 2037 1536
f 1536 2037 2038
f 1536 2038 2039
f 2039 2038 2040
f 2039 2040 2041
f 2041 2040 2042
f 2041 2042 2043
f 2043 2042 2044
f 2043 2044 2045
f 2045 2044 2046
f 2045 2046 2036
f 1530 2047 1535
f 1535 2047 2048
f 1535 2048 2049
f 2049 2048 2050
f 2049 2050 2051
f 2051 2050 2052
f 2051 2052 2053
f 2053 2052 2054
f 2053 2054 2055
f 2055 2054 2056
f 2055 2056 2046
f 1531 2057 1530
f 1530 2057 2058
f 1530 2058 2059
f 2059 2058 2060
f 2059 2060 2061
f 2061 2060 2062
f 2061 2062 2063
f 2063 2062 2064
f 2063 2064 2065
f 2065 2064 1588
f 2065 1588 2056
f 1973 1962 1960
f 1962 1951 1949
f 1951 1940 1938
f 1940 1922 1929
f 1729 1718 1716
f 1718 1707 1705
f 1707 1696 1694
f 1696 1678 1685
f 1813 1557 1825
f 1823 1836 1824
f 1824 1836 1826
f 1840 1830 1828
f 1836 1838 1826
f 1826 1838 1828
f 1838 1840 1828
f 1833 1555 1843
f 1841 1554 1854
f 1881 1872 1870
f 1852 1553 1865
f 1882 1880 2066
f 2066 1880 1878
f 2066 1878 2067
f 2067 1878 1876
f 2067 1876 2068
f 2068 1876 1875
f 2068 1875 1874
f 1892 1890 2069
f 2069 1890 1888
f 2069 1888 2070
f 2070 1888 1886
f 2070 1886 2071
f 2071 1886 1884
f 2071 1884 1883
f 1874 1551 1885
f 1902 1900 2072
f 2072 1900 1898
f 2072 1898 2073
f 2073 1898 1896
f 2073 1896 2074
f 2074 1896 1894
f 2074 1894 1893
f 1883 1550 1895
f 1912 1910 2075
f 2075 1910 1908
f 2075 1908 2076
f 2076 1908 1906
f 2076 1906 2077
f 2077 1906 1904
f 2077 1904 1903
f 1893 1549 1905
f 1903 1548 1915
f 1923 1546 1933
f 1931 1545 1944
f 1942 1544 1955
f 1953 1543 1966
f 1975 1541 1986
f 1984 1540 1997
f 1995 1539 2008
f 2035 2026 2024
f 2006 1538 2019
f 2036 2034 2078
f 2078 2034 2032
f 2078 2032 2079
f 2079 2032 2030
f 2079 2030 2080
f 2080 2030 2029
f 2080 2029 2028
f 2046 2044 2081
f 2081 2044 2042
f 2081 2042 2082
f 2082 2042 2040
f 2082 2040 2083
f 2083 2040 2038
f 2083 2038 2037
f 2028 1536 2039
f 2056 2054 2084
f 2084 2054 2052
f 2084 2052 2085
f 2085 2052 2050
f 2085 2050 2086
f 2086 2050 2048
f 2086 2048 2047
f 2037 1535 2049
f 1588 2064 2087
f 2087 2064 2062
f 2087 2062 2088
f 2088 2062 2060
f 2088 2060 2089
f 2089 2060 2058
f 2089 2058 2057
f 2047 1530 2059
f 1531 1580 2057
f 2057 1580 1582
f 2057 1582 2089
f 2089 1582 1584
f 2089 1584 2088
f 2088 1584 1586
f 2088 1586 2087
f 2087 1586 1588
f 1589 1533 1599
f 1597 1534 1610
f 1637 1628 1626
f 1608 1577 1621
f 1638 1636 2090
f 2090 1636 1634
f 2090 1634 2091
f 2091 1634 1632
f 2091 1632 2092
f 2092 1632 1631
f 2092 1631 1630
f 1648 1646 2093
f 2093 1646 1644
f 2093 1644 2094
f 2094 1644 1642
f 2094 1642 2095
f 2095 1642 1640
f 2095 1640 1639
f 1630 1575 1641
f 1658 1656 2096
f 2096 1656 1654
f 2096 1654 2097
f 2097 1654 1652
f 2097 1652 2098
f 2098 1652 1650
f 2098 1650 1649
f 1639 1574 1651
f 1668 1666 2099
f 2099 1666 1664
f 2099 1664 2100
f 2100 1664 1662
f 2100 1662 2101
f 2101 1662 1660
f 2101 1660 1659
f 1649 1573 1661
f 1659 1572 1671
f 1679 1570 1689
f 1687 1569 1700
f 1698 1568 1711
f 1709 1567 1722
f 1731 1565 1742
f 1740 1564 1753
f 1751 1563 1764
f 1791 1782 1780
f 1762 1562 1775
f 1792 1790 2102
f 2102 1790 1788
f 2102 1788 2103
f 2103 1788 1786
f 2103 1786 2104
f 2104 1786 1785
f 2104 1785 1784
f 1802 1800 2105
f 2105 1800 1798
f 2105 1798 2106
f 2106 1798 1796
f 2106 1796 2107
f 2107 1796 1794
f 2107 1794 1793
f 1784 1560 1795
f 1812 1810 2108
f 2108 1810 1808
f 2108 1808 2109
f 2109 1808 1806
f 2109 1806 2110
f 2110 1806 1804
f 2110 1804 1803
f 1793 1559 1805
f 1822 1820 2111
f 2111 1820 1818
f 2111 1818 2112
f 2112 1818 1816
f 2112 1816 2113
f 2113 1816 1814
f 2113 1814 1813
f 1803 1558 1815
f 1581 1579 1592
f 1592 1579 1578
f 1583 1581 1594
f 1594 1581 1592
f 1585 1583 1596
f 1596 1583 1594
f 1591 1590 2114
f 2114 1590 1589
f 2114 1589 1601
f 1601 1589 1599
f 1593 1591 2115
f 2115 1591 2114
f 2115 2114 1603
f 1603 2114 1601
f 1595 1593 1607
f 1607 1593 2115
f 1607 2115 1605
f 1605 2115 1603
f 1600 1598 2116
f 2116 1598 1597
f 2116 1597 1612
f 1612 1597 1610
f 1602 1600 2117
f 2117 1600 2116
f 2117 2116 1614
f 1614 2116 1612
f 1604 1602 1618
f 1618 1602 2117
f 1618 2117 1616
f 1616 2117 1614
f 1611 1609 2118
f 2118 1609 1608
f 2118 1608 1623
f 1623 1608 1621
f 1613 1611 2119
f 2119 1611 2118
f 2119 2118 1625
f 1625 2118 1623
f 1615 1613 1629
f 1629 1613 2119
f 1629 2119 1627
f 1627 2119 1625
f 1622 1620 1633
f 1633 1620 1619
f 1624 1622 1635
f 1635 1622 1633
f 1626 1624 1637
f 1637 1624 1635
f 1641 1643 1630
f 1630 1643 2092
f 1643 1645 2092
f 2092 1645 2091
f 1645 1647 2091
f 2091 1647 2090
f 1638 2090 1647
f 1651 1653 1639
f 1639 1653 2095
f 1653 1655 2095
f 2095 1655 2094
f 1655 1657 2094
f 2094 1657 2093
f 1648 2093 1657
f 1661 1663 1649
f 1649 1663 2098
f 1663 1665 2098
f 2098 1665 2097
f 1665 1667 2097
f 2097 1667 2096
f 1658 2096 1667
f 1671 1673 1659
f 1659 1673 2101
f 1673 1675 2101
f 2101 1675 2100
f 1675 1677 2100
f 2100 1677 2099
f 1668 2099 1677
f 1672 1670 1682
f 1682 1670 1669
f 1674 1672 1684
f 1684 1672 1682
f 1676 1674 1686
f 1686 1674 1684
f 1681 1680 2120
f 2120 1680 1679
f 2120 1679 1691
f 1691 1679 1689
f 1683 1681 2121
f 2121 1681 2120
f 2121 2120 1693
f 1693 2120 1691
f 1695 1697 2121
f 2121 1697 1683
f 1695 2121 1693
f 1690 1688 2122
f 2122 1688 1687
f 2122 1687 1702
f 1702 1687 1700
f 1692 1690 2123
f 2123 1690 2122
f 2123 2122 1704
f 1704 2122 1702
f 1706 1708 2123
f 2123 1708 1692
f 1706 2123 1704
f 1701 1699 2124
f 2124 1699 1698
f 2124 1698 1713
f 1713 1698 1711
f 1703 1701 2125
f 2125 1701 2124
f 2125 2124 1715
f 1715 2124 1713
f 1717 1719 2125
f 2125 1719 1703
f 1717 2125 1715
f 1712 1710 2126
f 2126 1710 1709
f 2126 1709 1724
f 1724 1709 1722
f 1714 1712 2127
f 2127 1712 2126
f 2127 2126 1726
f 1726 2126 1724
f 1728 1730 2127
f 2127 1730 1714
f 1728 2127 1726
f 1723 1721 1734
f 1734 1721 1720
f 1725 1723 1736
f 1736 1723 1734
f 1727 1725 1738
f 1738 1725 1736
f 1733 1732 2128
f 2128 1732 1731
f 2128 1731 1744
f 1744 1731 1742
f 1735 1733 2129
f 2129 1733 2128
f 2129 2128 1746
f 1746 2128 1744
f 1737 1735 1750
f 1750 1735 2129
f 1750 2129 1748
f 1748 2129 1746
f 1743 1741 2130
f 2130 1741 1740
f 2130 1740 1755
f 1755 1740 1753
f 1745 1743 2131
f 2131 1743 2130
f 2131 2130 1757
f 1757 2130 1755
f 1747 1745 1761
f 1761 1745 2131
f 1761 2131 1759
f 1759 2131 1757
f 1754 1752 2132
f 2132 1752 1751
f 2132 1751 1766
f 1766 1751 1764
f 1756 1754 2133
f 2133 1754 2132
f 2133 2132 1768
f 1768 2132 1766
f 1758 1756 1772
f 1772 1756 2133
f 1772 2133 1770
f 1770 2133 1768
f 1765 1763 2134
f 2134 1763 1762
f 2134 1762 1777
f 1777 1762 1775
f 1767 1765 2135
f 2135 1765 2134
f 2135 2134 1779
f 1779 2134 1777
f 1769 1767 1783
f 1783 1767 2135
f 1783 2135 1781
f 1781 2135 1779
f 1776 1774 1787
f 1787 1774 1773
f 1778 1776 1789
f 1789 1776 1787
f 1780 1778 1791
f 1791 1778 1789
f 1795 1797 1784
f 1784 1797 2104
f 1797 1799 2104
f 2104 1799 2103
f 1799 1801 2103
f 2103 1801 2102
f 1792 2102 1801
f 1805 1807 1793
f 1793 1807 2107
f 1807 1809 2107
f 2107 1809 2106
f 1809 1811 2106
f 2106 1811 2105
f 1802 2105 1811
f 1815 1817 1803
f 1803 1817 2110
f 1817 1819 2110
f 2110 1819 2109
f 1819 1821 2109
f 2109 1821 2108
f 1812 2108 1821
f 1825 1827 1813
f 1813 1827 2113
f 1827 1829 2113
f 2113 1829 2112
f 1829 1831 2112
f 2112 1831 2111
f 1822 2111 1831
f 1835 1834 2136
f 2136 1834 1833
f 2136 1833 1845
f 1845 1833 1843
f 1837 1835 2137
f 2137 1835 2136
f 2137 2136 1847
f 1847 2136 1845
f 1839 1837 1851
f 1851 1837 2137
f 1851 2137 1849
f 1849 2137 1847
f 1844 1842 2138
f 2138 1842 1841
f 2138 1841 1856
f 1856 1841 1854
f 1846 1844 2139
f 2139 1844 2138
f 2139 2138 1858
f 1858 2138 1856
f 1848 1846 1862
f 1862 1846 2139
f 1862 2139 1860
f 1860 2139 1858
f 1855 1853 2140
f 2140 1853 1852
f 2140 1852 1867
f 1867 1852 1865
f 1857 1855 2141
f 2141 1855 2140
f 2141 2140 1869
f 1869 2140 1867
f 1859 1857 1873
f 1873 1857 2141
f 1873 2141 1871
f 1871 2141 1869
f 1866 1864 1877
f 1877 1864 1863
f 1868 1866 1879
f 1879 1866 1877
f 1870 1868 1881
f 1881 1868 1879
f 1885 1887 1874
f 1874 1887 2068
f 1887 1889 2068
f 2068 1889 2067
f 1889 1891 2067
f 2067 1891 2066
f 1882 2066 1891
f 1895 1897 1883
f 1883 1897 2071
f 1897 1899 2071
f 2071 1899 2070
f 1899 1901 2070
f 2070 1901 2069
f 1892 2069 1901
f 1905 1907 1893
f 1893 1907 2074
f 1907 1909 2074
f 2074 1909 2073
f 1909 1911 2073
f 2073 1911 2072
f 1902 2072 1911
f 1915 1917 1903
f 1903 1917 2077
f 1917 1919 2077
f 2077 1919 2076
f 1919 1921 2076
f 2076 1921 2075
f 1912 2075 1921
f 1916 1914 1926
f 1926 1914 1913
f 1918 1916 1928
f 1928 1916 1926
f 1920 1918 1930
f 1930 1918 1928
f 1925 1924 2142
f 2142 1924 1923
f 2142 1923 1935
f 1935 1923 1933
f 1927 1925 2143
f 2143 1925 2142
f 2143 2142 1937
f 1937 2142 1935
f 1939 1941 2143
f 2143 1941 1927
f 1939 2143 1937
f 1934 1932 2144
f 2144 1932 1931
f 2144 1931 1946
f 1946 1931 1944
f 1936 1934 2145
f 2145 1934 2144
f 2145 2144 1948
f 1948 2144 1946
f 1950 1952 2145
f 2145 1952 1936
f 1950 2145 1948
f 1945 1943 2146
f 2146 1943 1942
f 2146 1942 1957
f 1957 1942 1955
f 1947 1945 2147
f 2147 1945 2146
f 2147 2146 1959
f 1959 2146 1957
f 1961 1963 2147
f 2147 1963 1947
f 1961 2147 1959
f 1956 1954 2148
f 2148 1954 1953
f 2148 1953 1968
f 1968 1953 1966
f 1958 1956 2149
f 2149 1956 2148
f 2149 2148 1970
f 1970 2148 1968
f 1972 1974 2149
f 2149 1974 1958
f 1972 2149 1970
f 1967 1965 1978
f 1978 1965 1964
f 1969 1967 1980
f 1980 1967 1978
f 1971 1969 1982
f 1982 1969 1980
f 1977 1976 2150
f 2150 1976 1975
f 2150 1975 1988
f 1988 1975 1986
f 1979 1977 2151
f 2151 1977 2150
f 2151 2150 1990
f 1990 2150 1988
f 1981 1979 1994
f 1994 1979 2151
f 1994 2151 1992
f 1992 2151 1990
f 1987 1985 2152
f 2152 1985 1984
f 2152 1984 1999
f 1999 1984 1997
f 1989 1987 2153
f 2153 1987 2152
f 2153 2152 2001
f 2001 2152 1999
f 1991 1989 2005
f 2005 1989 2153
f 2005 2153 2003
f 2003 2153 2001
f 1998 1996 2154
f 2154 1996 1995
f 2154 1995 2010
f 2010 1995 2008
f 2000 1998 2155
f 2155 1998 2154
f 2155 2154 2012
f 2012 2154 2010
f 2002 2000 2016
f 2016 2000 2155
f 2016 2155 2014
f 2014 2155 2012
f 2009 2007 2156
f 2156 2007 2006
f 2156 2006 2021
f 2021 2006 2019
f 2011 2009 2157
f 2157 2009 2156
f 2157 2156 2023
f 2023 2156 2021
f 2013 2011 2027
f 2027 2011 2157
f 2027 2157 2025
f 2025 2157 2023
f 2020 2018 2031
f 2031 2018 2017
f 2022 2020 2033
f 2033 2020 2031
f 2024 2022 2035
f 2035 2022 2033
f 2039 2041 2028
f 2028 2041 2080
f 2041 2043 2080
f 2080 2043 2079
f 2043 2045 2079
f 2079 2045 2078
f 2036 2078 2045
f 2049 2051 2037
f 2037 2051 2083
f 2051 2053 2083
f 2083 2053 2082
f 2053 2055 2082
f 2082 2055 2081
f 2046 2081 2055
f 2059 2061 2047
f 2047 2061 2086
f 2061 2063 2086
f 2086 2063 2085
f 2063 2065 2085
f 2085 2065 2084
f 2056 2084 2065
f 1188 1588 1187
f 1187 1588 1587
f 1187 1587 1606
f 1588 1188 2056
f 2056 1188 1189
f 2056 1189 2046
f 2046 1189 1190
f 2046 1190 2036
f 2036 1190 1191
f 2036 1191 2026
f 2026 1191 1192
f 2026 1192 2015
f 2015 1192 1193
f 2015 1193 2004
f 2004 1193 1194
f 2004 1194 1993
f 1993 1194 1195
f 1993 1195 1983
f 1983 1195 1196
f 1983 1196 1973
f 1973 1196 1197
f 1973 1197 1962
f 1962 1197 1198
f 1962 1198 1951
f 1951 1198 1199
f 1951 1199 1940
f 1940 1199 1200
f 1940 1200 1922
f 1922 1200 1201
f 1922 1201 1912
f 1912 1201 1202
f 1912 1202 1902
f 1902 1202 1203
f 1902 1203 1892
f 1892 1203 1204
f 1892 1204 1882
f 1882 1204 1205
f 1882 1205 1872
f 1872 1205 1206
f 1872 1206 1861
f 1861 1206 1207
f 1861 1207 1850
f 1850 1207 1208
f 1850 1208 1832
f 1832 1208 1209
f 1832 1209 1822
f 1822 1209 1210
f 1822 1210 1812
f 1812 1210 1211
f 1812 1211 1802
f 1802 1211 1212
f 1802 1212 1792
f 1792 1212 1213
f 1792 1213 1782
f 1782 1213 1214
f 1782 1214 1771
f 1771 1214 1215
f 1771 1215 1760
f 1760 1215 1216
f 1760 1216 1749
f 1749 1216 1217
f 1749 1217 1739
f 1739 1217 1218
f 1739 1218 1729
f 1729 1218 1219
f 1729 1219 1718
f 1718 1219 1220
f 1718 1220 1707
f 1707 1220 1221
f 1707 1221 1696
f 1696 1221 1222
f 1696 1222 1678
f 1678 1222 1223
f 1678 1223 1668
f 1668 1223 1224
f 1668 1224 1658
f 1658 1224 1225
f 1658 1225 1648
f 1648 1225 1226
f 1648 1226 1638
f 1638 1226 1227
f 1638 1227 1628
f 1628 1227 1228
f 1628 1228 1617
f 1617 1228 1186
f 1617 1186 1606
f 1606 1186 1187
f 862 2158 860
f 860 2158 2159
f 860 2159 2160
f 2158 862 2161
f 2161 862 864
f 2161 864 2162
f 2162 864 866
f 2162 866 2163
f 2163 866 868
f 2163 868 2164
f 2164 868 870
f 2164 870 2165
f 2165 870 872
f 2165 872 2166
f 2166 872 874
f 2166 874 2167
f 2167 874 876
f 2167 876 2168
f 2168 876 878
f 2168 878 2169
f 2169 878 880
f 2169 880 2170
f 2170 880 882
f 2170 882 2171
f 2171 882 884
f 2171 884 2172
f 2172 884 886
f 2172 886 2173
f 2173 886 888
f 2173 888 2174
f 2174 888 890
f 2174 890 2175
f 2175 890 892
f 2175 892 2176
f 2176 892 894
f 2176 894 2177
f 2177 894 896
f 2177 896 2178
f 2178 896 2179
f 2179 896 898
f 2179 898 2180
f 2180 898 900
f 2180 900 2181
f 2181 900 902
f 2181 902 2182
f 2182 902 904
f 2182 904 2183
f 2183 904 906
f 2183 906 2184
f 2184 906 908
f 2184 908 2185
f 2185 908 910
f 2185 910 2186
f 2186 910 912
f 2186 912 2187
f 2187 912 914
f 2187 914 2188
f 2188 914 916
f 2188 916 2189
f 2189 916 918
f 2189 918 2190
f 2190 918 920
f 2190 920 2191
f 2191 920 922
f 2191 922 2192
f 2192 922 924
f 2192 924 2193
f 2193 924 926
f 2193 926 2194
f 2194 926 858
f 2194 858 2160
f 2160 858 860
f 2158 2195 2159
f 2159 2195 2196
f 2159 2196 2197
f 2195 2158 2198
f 2198 2158 2161
f 2198 2161 2199
f 2199 2161 2200
f 2200 2161 2162
f 2200 2162 2201
f 2201 2162 2163
f 2201 2163 2202
f 2202 2163 2203
f 2203 2163 2164
f 2203 2164 2204
f 2204 2164 2165
f 2204 2165 2205
f 2205 2165 2206
f 2206 2165 2166
f 2206 2166 2207
f 2207 2166 2167
f 2207 2167 2208
f 2208 2167 2209
f 2209 2167 2168
f 2209 2168 2210
f 2210 2168 2169
f 2210 2169 2211
f 2211 2169 2212
f 2212 2169 2170
f 2212 2170 2213
f 2213 2170 2171
f 2213 2171 2214
f 2214 2171 2215
f 2215 2171 2172
f 2215 2172 2216
f 2216 2172 2173
f 2216 2173 2217
f 2217 2173 2218
f 2218 2173 2174
f 2218 2174 2219
f 2219 2174 2175
f 2219 2175 2220
f 2220 2175 2221
f 2221 2175 2176
f 2221 2176 2222
f 2222 2176 2177
f 2222 2177 2223
f 2223 2177 2224
f 2224 2177 2178
f 2224 2178 2225
f 2225 2178 2226
f 2226 2178 2179
f 2226 2179 2227
f 2227 2179 2180
f 2227 2180 2228
f 2228 2180 2229
f 2229 2180 2181
f 2229 2181 2230
f 2230 2181 2182
f 2230 2182 2231
f 2231 2182 2232
f 2232 2182 2183
f 2232 2183 2233
f 2233 2183 2184
f 2233 2184 2234
f 2234 2184 2235
f 2235 2184 2185
f 2235 2185 2236
f 2236 2185 2186
f 2236 2186 2237
f 2237 2186 2238
f 2238 2186 2187
f 2238 2187 2239
f 2239 2187 2188
f 2239 2188 2240
f 2240 2188 2241
f 2241 2188 2189
f 2241 2189 2242
f 2242 2189 2190
f 2242 2190 2243
f 2243 2190 2244
f 2244 2190 2191
f 2244 2191 2245
f 2245 2191 2192
f 2245 2192 2246
f 2246 2192 2247
f 2247 2192 2193
f 2247 2193 2248
f 2248 2193 2194
f 2248 2194 2249
f 2249 2194 2250
f 2250 2194 2160
f 2250 2160 2197
f 2197 2160 2159
f 2195 2251 2196
f 2196 2251 2252
f 2196 2252 2197
f 2197 2252 2253
f 2197 2253 2250
f 2250 2253 2254
f 2250 2254 2249
f 2249 2254 2255
f 2249 2255 2248
f 2248 2255 2256
f 2248 2256 2247
f 2247 2256 2257
f 2247 2257 2246
f 2246 2257 2258
f 2246 2258 2245
f 2245 2258 2259
f 2245 2259 2244
f 2244 2259 2260
f 2244 2260 2243
f 2243 2260 2261
f 2243 2261 2242
f 2242 2261 2262
f 2242 2262 2241
f 2241 2262 2263
f 2241 2263 2240
f 2240 2263 2264
f 2240 2264 2239
f 2239 2264 2265
f 2239 2265 2238
f 2238 2265 2266
f 2238 2266 2237
f 2237 2266 2267
f 2237 2267 2236
f 2236 2267 2268
f 2236 2268 2235
f 2235 2268 2269
f 2235 2269 2234
f 2234 2269 2270
f 2234 2270 2233
f 2233 2270 2271
f 2233 2271 2232
f 2232 2271 2272
f 2232 2272 2231
f 2231 2272 2273
f 2231 2273 2230
f 2230 2273 2274
f 2230 2274 2229
f 2229 2274 2275
f 2229 2275 2228
f 2228 2275 2276
f 2228 2276 2227
f 2227 2276 2277
f 2227 2277 2226
f 2226 2277 2278
f 2226 2278 2225
f 2225 2278 2279
f 2225 2279 2224
f 2224 2279 2280
f 2224 2280 2223
f 2223 2280 2281
f 2223 2281 2222
f 2222 2281 2282
f 2222 2282 2221
f 2221 2282 2283
f 2221 2283 2220
f 2220 2283 2284
f 2220 2284 2219
f 2219 2284 2285
f 2219 2285 2218
f 2218 2285 2286
f 2218 2286 2217
f 2217 2286 2287
f 2217 2287 2216
f 2216 2287 2288
f 2216 2288 2215
f 2215 2288 2289
f 2215 2289 2214
f 2214 2289 2290
f 2214 2290 2213
f 2213 2290 2291
f 2213 2291 2212
f 2212 2291 2292
f 2212 2292 2211
f 2211 2292 2293
f 2211 2293 2210
f 2210 2293 2294
f 2210 2294 2209
f 2209 2294 2295
f 2209 2295 2208
f 2208 2295 2296
f 2208 2296 2207
f 2207 2296 2297
f 2207 2297 2206
f 2206 2297 2298
f 2206 2298 2205
f 2205 2298 2299
f 2205 2299 2204
f 2204 2299 2300
f 2204 2300 2203
f 2203 2300 2301
f 2203 2301 2202
f 2202 2301 2302
f 2202 2302 2201
f 2201 2302 2303
f 2201 2303 2200
f 2200 2303 2304
f 2200 2304 2199
f 2199 2304 2305
f 2199 2305 2198
f 2198 2305 2306
f 2198 2306 2195
f 2195 2306 2251
f 2307 2308 2309
f 2309 2308 2310
f 2309 2310 2311
f 2311 2310 2312
f 2311 2312 2313
f 2313 2312 2314
f 2313 2314 2315
f 2315 2314 2316
f 2315 2316 2317
f 2317 2316 2318
f 2317 2318 2319
f 2319 2318 2320
f 2319 2320 2321
f 2321 2320 2322
f 2321 2322 2323
f 2323 2322 2324
f 2323 2324 2325
f 2325 2324 2326
f 2325 2326 2327
f 2327 2326 2328
f 2327 2328 2329
f 2329 2328 2330
f 2329 2330 2331
f 2331 2330 2332
f 2331 2332 2333
f 2333 2332 2334
f 2333 2334 2335
f 2335 2334 2336
f 2335 2336 2337
f 2337 2336 2338
f 2337 2338 2339
f 2339 2338 2340
f 2339 2340 2341
f 2341 2340 2342
f 2341 2342 2343
f 2343 2342 2344
f 2343 2344 2345
f 2345 2344 2346
f 2345 2346 2347
f 2347 2346 2348
f 2347 2348 2349
f 2349 2348 2350
f 2349 2350 2351
f 2351 2350 2352
f 2351 2352 2353
f 2353 2352 2354
f 2353 2354 2355
f 2355 2354 2356
f 2355 2356 2357
f 2357 2356 2358
f 2357 2358 2359
f 2359 2358 2360
f 2359 2360 2361
f 2361 2360 2362
f 2361 2362 2363
f 2363 2362 2364
f 2363 2364 2365
f 2365 2364 2366
f 2365 2366 2367
f 2367 2366 2368
f 2367 2368 2369
f 2369 2368 2370
f 2369 2370 2371
f 2371 2370 2372
f 2371 2372 2373
f 2373 2372 2374
f 2373 2374 2375
f 2375 2374 2376
f 2375 2376 2377
f 2377 2376 2378
f 2377 2378 2379
f 2379 2378 2380
f 2379 2380 2381
f 2381 2380 2382
f 2381 2382 2383
f 2383 2382 2384
f 2383 2384 2385
f 2385 2384 2386
f 2385 2386 2387
f 2387 2386 2388
f 2387 2388 2389
f 2389 2388 2390
f 2389 2390 2391
f 2391 2390 2392
f 2391 2392 2393
f 2393 2392 2394
f 2393 2394 2395
f 2395 2394 2396
f 2395 2396 2397
f 2397 2396 2398
f 2397 2398 2399
f 2399 2398 2400
f 2399 2400 2401
f 2401 2400 2402
f 2401 2402 2403
f 2403 2402 2404
f 2403 2404 2405
f 2405 2404 2406
f 2405 2406 2407
f 2407 2406 2408
f 2407 2408 2409
f 2409 2408 2410
f 2409 2410 2411
f 2411 2410 2412
f 2411 2412 2413
f 2413 2412 2414
f 2413 2414 2415
f 2415 2414 2416
f 2415 2416 2417
f 2417 2416 2418
f 2417 2418 2307
f 2307 2418 2308
f 2280 2366 2281
f 2281 2366 2364
f 2281 2364 2282
f 2282 2364 2362
f 2282 2362 2283
f 2283 2362 2360
f 2283 2360 2284
f 2284 2360 2358
f 2284 2358 2285
f 2285 2358 2356
f 2285 2356 2286
f 2286 2356 2354
f 2286 2354 2287
f 2287 2354 2352
f 2287 2352 2288
f 2288 2352 2350
f 2288 2350 2289
f 2289 2350 2348
f 2289 2348 2290
f 2290 2348 2346
f 2290 2346 2291
f 2291 2346 2344
f 2291 2344 2292
f 2292 2344 2342
f 2292 2342 2293
f 2293 2342 2340
f 2293 2340 2294
f 2294 2340 2338
f 2294 2338 2295
f 2295 2338 2336
f 2295 2336 2296
f 2296 2336 2334
f 2296 2334 2297
f 2297 2334 2332
f 2297 2332 2298
f 2298 2332 2330
f 2298 2330 2299
f 2299 2330 2328
f 2299 2328 2300
f 2300 2328 2326
f 2300 2326 2301
f 2301 2326 2324
f 2301 2324 2302
f 2302 2324 2322
f 2302 2322 2303
f 2303 2322 2320
f 2303 2320 2304
f 2304 2320 2318
f 2304 2318 2305
f 2305 2318 2316
f 2305 2316 2306
f 2306 2316 2314
f 2306 2314 2251
f 2251 2314 2312
f 2251 2312 2252
f 2252 2312 2310
f 2252 2310 2253
f 2253 2310 2308
f 2253 2308 2254
f 2254 2308 2418
f 2254 2418 2255
f 2255 2418 2416
f 2255 2416 2256
f 2256 2416 2414
f 2256 2414 2257
f 2257 2414 2412
f 2257 2412 2258
f 2258 2412 2410
f 2258 2410 2259
f 2259 2410 2408
f 2259 2408 2260
f 2260 2408 2406
f 2260 2406 2261
f 2261 2406 2404
f 2261 2404 2262
f 2262 2404 2402
f 2262 2402 2263
f 2263 2402 2400
f 2263 2400 2264
f 2264 2400 2398
f 2264 2398 2265
f 2265 2398 2396
f 2265 2396 2266
f 2266 2396 2394
f 2266 2394 2267
f 2267 2394 2392
f 2267 2392 2268
f 2268 2392 2390
f 2268 2390 2269
f 2269 2390 2388
f 2269 2388 2270
f 2270 2388 2386
f 2270 2386 2271
f 2271 2386 2384
f 2271 2384 2272
f 2272 2384 2382
f 2272 2382 2273
f 2273 2382 2380
f 2273 2380 2274
f 2274 2380 2378
f 2274 2378 2275
f 2275 2378 2376
f 2275 2376 2276
f 2276 2376 2374
f 2276 2374 2277
f 2277 2374 2372
f 2277 2372 2278
f 2278 2372 2370
f 2278 2370 2279
f 2279 2370 2368
f 2279 2368 2280
f 2280 2368 2366
f 2311 2363 2309
f 2309 2363 2365
f 2309 2365 2307
f 2307 2365 2367
f 2307 2367 2417
f 2417 2367 2369
f 2417 2369 2415
f 2415 2369 2371
f 2415 2371 2413
f 2413 2371 2373
f 2413 2373 2411
f 2411 2373 2375
f 2411 2375 2409
f 2409 2375 2377
f 2409 2377 2407
f 2407 2377 2379
f 2407 2379 2405
f 2405 2379 2381
f 2405 2381 2403
f 2403 2381 2383
f 2403 2383 2401
f 2401 2383 2385
f 2401 2385 2399
f 2399 2385 2387
f 2399 2387 2397
f 2397 2387 2389
f 2397 2389 2395
f 2395 2389 2391
f 2395 2391 2393
f 2363 2311 2361
f 2361 2311 2313
f 2361 2313 2359
f 2359 2313 2315
f 2359 2315 2357
f 2357 2315 2317
f 2357 2317 2355
f 2355 2317 2319
f 2355 2319 2353
f 2353 2319 2321
f 2353 2321 2351
f 2351 2321 2323
f 2351 2323 2349
f 2349 2323 2325
f 2349 2325 2347
f 2347 2325 2327
f 2347 2327 2345
f 2345 2327 2329
f 2345 2329 2343
f 2343 2329 2331
f 2343 2331 2341
f 2341 2331 2333
f 2341 2333 2339
f 2339 2333 2335
f 2339 2335 2337

